{
"type": "FeatureCollection",
"name": "thailand_provinces",
"crs": { "type": "name", "properties": { "name": "urn:ogc:def:crs:OGC:1.3:CRS84" } },
"features": [
{ "type": "Feature", "properties": { "adm1_name": "Bangkok", "adm1_name1": "กรุงเทพมหานคร", "adm1_pcode": "TH10" }, "geometry": { "type": "Polygon", "coordinates": [ [ [ 100.613889496000127, 13.954619222000076 ], [ 100.640877524000075, 13.931411084999979 ], [ 100.689730812000107, 13.931053496000175 ], [ 100.686953376000133, 13.916254426000137 ], [ 100.913983118000033, 13.946490894000078 ], [ 100.904204648000132, 13.848422871000025 ], [ 100.938516257000174, 13.814255677000062 ], [ 100.909636716000136, 13.790235163000034 ], [ 100.85934736500019, 13.689560424000092 ], [ 100.787952316000144, 13.716605352000158 ], [ 100.716246121000097, 13.718189041000187 ], [ 100.698271323000199, 13.65632908300006 ], [ 100.655465000000163, 13.672292068000047 ], [ 100.636277975000041, 13.64850280700017 ], [ 100.579458378000197, 13.669222685000022 ], [ 100.587435872000128, 13.692295221000165 ], [ 100.554867192000131, 13.705483354000023 ], [ 100.547356679000188, 13.672603031000108 ], [ 100.520395606000079, 13.675627700000177 ], [ 100.521037943000181, 13.605141864000075 ], [ 100.49119646000014, 13.586157733000107 ], [ 100.453712494000058, 13.605541106000089 ], [ 100.453693435000162, 13.501979764000168 ], [ 100.408838252000066, 13.493389571000023 ], [ 100.415213885000128, 13.557151797000131 ], [ 100.395436425000071, 13.553807630000108 ], [ 100.376482084000088, 13.619703151000067 ], [ 100.339383547000125, 13.654990333000114 ], [ 100.32791238700014, 13.804125521000174 ], [ 100.466176870000197, 13.788917403000028 ], [ 100.500681346000135, 13.800499168000044 ], [ 100.543629472000077, 13.849628112000175 ], [ 100.567639714, 13.95158730300011 ], [ 100.613889496000127, 13.954619222000076 ] ] ] } },
{ "type": "Feature", "properties": { "adm1_name": "Samut Prakan", "adm1_name1": "สมุทรปราการ", "adm1_pcode": "TH11" }, "geometry": { "type": "Polygon", "coordinates": [ [ [ 100.709994351000091, 13.716782075000083 ], [ 100.787952316000144, 13.716605352000158 ], [ 100.95582065100001, 13.66237977000003 ], [ 100.95944874200012, 13.632511138000154 ], [ 100.907139865000033, 13.592049031000101 ], [ 100.904037021000192, 13.554101382999988 ], [ 100.890056632000096, 13.564609813000118 ], [ 100.879476224000086, 13.548090273000014 ], [ 100.869614293000041, 13.488217316000089 ], [ 100.848391308000089, 13.478420328000027 ], [ 100.681195789000071, 13.506234046000088 ], [ 100.611889390000158, 13.538899895000043 ], [ 100.584475539000096, 13.539268388000096 ], [ 100.57235307100018, 13.514914673000078 ], [ 100.453693435000162, 13.501979764000168 ], [ 100.453712494000058, 13.605541106000089 ], [ 100.49119646000014, 13.586157733000107 ], [ 100.521037943000181, 13.605141864000075 ], [ 100.517586954000194, 13.667278643000088 ], [ 100.547356679000188, 13.672603031000108 ], [ 100.553500626000073, 13.704505959000073 ], [ 100.587195418000135, 13.692646165000042 ], [ 100.579458378000197, 13.669222685000022 ], [ 100.636277975000041, 13.64850280700017 ], [ 100.655465000000163, 13.672292068000047 ], [ 100.698271323000199, 13.65632908300006 ], [ 100.709994351000091, 13.716782075000083 ] ] ] } },
{ "type": "Feature", "properties": { "adm1_name": "Nonthaburi", "adm1_name1": "นนทบุรี", "adm1_pcode": "TH12" }, "geometry": { "type": "Polygon", "coordinates": [ [ [ 100.333147492000137, 14.128931640000189 ], [ 100.331766127000151, 14.05559257200008 ], [ 100.361767791000034, 13.993990255000085 ], [ 100.453476297000122, 13.967342546000168 ], [ 100.460612484000194, 13.976448684000047 ], [ 100.500185435000049, 13.936982177000175 ], [ 100.539027389000069, 13.955698917000177 ], [ 100.567548358000067, 13.951203277000161 ], [ 100.543629472000077, 13.849628112000175 ], [ 100.500681346000135, 13.800499168000044 ], [ 100.466176870000197, 13.788917403000028 ], [ 100.32791238700014, 13.804125521000174 ], [ 100.265448782000078, 13.920607142 ], [ 100.298219919000076, 13.963371049000102 ], [ 100.26242900800014, 13.99812071100007 ], [ 100.27694289700014, 14.023938989000044 ], [ 100.264152463000016, 14.060110910000049 ], [ 100.281781184000181, 14.127013465000175 ], [ 100.29862418800019, 14.140239399000052 ], [ 100.333147492000137, 14.128931640000189 ] ] ] } },
{ "type": "Feature", "properties": { "adm1_name": "Pathum Thani", "adm1_name1": "ปทุมธานี", "adm1_pcode": "TH13" }, "geometry": { "type": "Polygon", "coordinates": [ [ [ 100.89157060600013, 14.245761235000032 ], [ 100.951832433000106, 14.270440540000152 ], [ 100.946435768000072, 14.237134961000038 ], [ 100.9139482490001, 14.221331795000026 ], [ 100.913983118000033, 13.946490894000078 ], [ 100.689970481000103, 13.916317536000179 ], [ 100.689730812000107, 13.931053496000175 ], [ 100.640877524000075, 13.931411084999979 ], [ 100.612847032, 13.955198179000092 ], [ 100.60567714300015, 13.944099922000134 ], [ 100.539027389000069, 13.955698917000177 ], [ 100.501782098000092, 13.936718788000121 ], [ 100.460612484000194, 13.976448684000047 ], [ 100.453476297000122, 13.967342546000168 ], [ 100.363809329, 13.992708054000161 ], [ 100.336589718000198, 14.037879952000026 ], [ 100.344040183000175, 14.115030501999968 ], [ 100.477778516000171, 14.111271890000069 ], [ 100.517731308000066, 14.130116899000086 ], [ 100.553309669000157, 14.111321696000061 ], [ 100.602008241000192, 14.135079695 ], [ 100.619827650000104, 14.128989793000073 ], [ 100.619673210000087, 14.143122747000064 ], [ 100.891545236000184, 14.275951094000106 ], [ 100.89157060600013, 14.245761235000032 ] ] ] } },
{ "type": "Feature", "properties": { "adm1_name": "Phra Nakhon Si Ayutthaya", "adm1_name1": "พระนครศรีอยุธยา", "adm1_pcode": "TH14" }, "geometry": { "type": "Polygon", "coordinates": [ [ [ 100.513085880000119, 14.656299642000022 ], [ 100.549144066000167, 14.671542693999982 ], [ 100.602407222000068, 14.655672216000141 ], [ 100.574885589000132, 14.598436426000035 ], [ 100.603625351000062, 14.578439613000057 ], [ 100.601844964000065, 14.554215713000019 ], [ 100.67635357600011, 14.558148928000151 ], [ 100.654788125000039, 14.606372118000081 ], [ 100.685128780000184, 14.582137816000056 ], [ 100.782704673000183, 14.567032528000084 ], [ 100.778466976000118, 14.530272928999977 ], [ 100.747444410000128, 14.513243951 ], [ 100.773722316000089, 14.481925835000084 ], [ 100.759462892000158, 14.411728021000044 ], [ 100.777641038000183, 14.413745591000179 ], [ 100.797062585000106, 14.390015585000185 ], [ 100.775504532000127, 14.318618553000022 ], [ 100.823179830000072, 14.329661398000042 ], [ 100.822662708000053, 14.244250140000133 ], [ 100.619673210000087, 14.143122747000064 ], [ 100.619827650000104, 14.128989793000073 ], [ 100.602008241000192, 14.135079695 ], [ 100.553309669000157, 14.111321696000061 ], [ 100.517731308000066, 14.130116899000086 ], [ 100.475162757000192, 14.111091713000121 ], [ 100.346027256000184, 14.113913468000135 ], [ 100.300023761000091, 14.140222343000062 ], [ 100.279483546000108, 14.125171556000112 ], [ 100.284138899000084, 14.169591193000031 ], [ 100.212706483000034, 14.178799568000159 ], [ 100.238627001000111, 14.197493125000108 ], [ 100.232158699000138, 14.238776427000118 ], [ 100.282493994000163, 14.329486849000091 ], [ 100.262348729000166, 14.367188099000032 ], [ 100.279569515000048, 14.400174519000132 ], [ 100.245331304, 14.436889658000155 ], [ 100.246041410000146, 14.468658558000072 ], [ 100.258560933000126, 14.491388080999968 ], [ 100.28502123700008, 14.481634804000066 ], [ 100.286239982000154, 14.498016723999967 ], [ 100.314787534000175, 14.486871007000161 ], [ 100.389625069000147, 14.510638959000119 ], [ 100.426657937000186, 14.493116846000135 ], [ 100.420208401000195, 14.447148438 ], [ 100.461627844000191, 14.439163288000145 ], [ 100.496895535000135, 14.459504766000123 ], [ 100.499417392000169, 14.51975544600009 ], [ 100.478308638000158, 14.566133616000172 ], [ 100.492791561000047, 14.578843101000075 ], [ 100.506585499000039, 14.67291119700019 ], [ 100.513085880000119, 14.656299642000022 ] ] ] } },
{ "type": "Feature", "properties": { "adm1_name": "Ang Thong", "adm1_name1": "อ่างทอง", "adm1_pcode": "TH15" }, "geometry": { "type": "Polygon", "coordinates": [ [ [ 100.333192687000064, 14.798527038000145 ], [ 100.380787076000104, 14.742903970000043 ], [ 100.40407123000017, 14.759072013000093 ], [ 100.416402732000165, 14.72547056999997 ], [ 100.464026897, 14.72071939500006 ], [ 100.504145699000162, 14.685206843 ], [ 100.492791561000047, 14.578843101000075 ], [ 100.478294642000037, 14.565949632000013 ], [ 100.499417392000169, 14.51975544600009 ], [ 100.496895535000135, 14.459504766000123 ], [ 100.462939206000158, 14.439497135000124 ], [ 100.420208401000195, 14.447148438 ], [ 100.426657937000186, 14.493116846000135 ], [ 100.404772987000058, 14.508784253000158 ], [ 100.235384473000067, 14.479421086000059 ], [ 100.206242338000152, 14.523982811 ], [ 100.195963907000134, 14.560998703000109 ], [ 100.218730685000082, 14.596720327000071 ], [ 100.191293463000079, 14.617069474 ], [ 100.244324221000056, 14.651128737000022 ], [ 100.222306201000151, 14.665455788000145 ], [ 100.203946203000157, 14.721320565000099 ], [ 100.219028117000164, 14.728760032000025 ], [ 100.205417759000056, 14.770696972000167 ], [ 100.243967422000139, 14.800331948000064 ], [ 100.295329791000199, 14.780783612 ], [ 100.333192687000064, 14.798527038000145 ] ] ] } },
{ "type": "Feature", "properties": { "adm1_name": "Lop Buri", "adm1_name1": "ลพบุรี", "adm1_pcode": "TH16" }, "geometry": { "type": "Polygon", "coordinates": [ [ [ 101.345292641000185, 15.752543851000098 ], [ 101.404428954000082, 15.739287338999986 ], [ 101.369688622000183, 15.584931655000048 ], [ 101.385707099000115, 15.486544810000055 ], [ 101.380424398000116, 15.289697256000068 ], [ 101.401861568000129, 15.138133789999983 ], [ 101.400226337000106, 15.073792757000035 ], [ 101.363078938000058, 15.046971339000038 ], [ 101.329232669000078, 14.965571441000066 ], [ 101.25776458200005, 14.912489447000041 ], [ 101.192537093999988, 14.921222235000187 ], [ 101.144992761000196, 14.896752341000024 ], [ 101.094983567000099, 14.907555018999972 ], [ 101.081434374000139, 14.879941498999983 ], [ 101.093169507000084, 14.849549942000067 ], [ 101.06538843400017, 14.840166206000106 ], [ 101.089106027000128, 14.831526537000173 ], [ 101.062064994000139, 14.789616422000051 ], [ 101.069489130000193, 14.75987621000013 ], [ 101.025603677000049, 14.810277075000045 ], [ 100.99247536900009, 14.768445427000074 ], [ 100.991863631000115, 14.740451140000118 ], [ 100.966271032000066, 14.75151646300003 ], [ 100.943556648000026, 14.740741956000022 ], [ 100.901483087000088, 14.769978642000012 ], [ 100.867406054000071, 14.768071152000118 ], [ 100.841762593000055, 14.804188908000185 ], [ 100.766656154000032, 14.79658937500011 ], [ 100.724532629000066, 14.760059856000055 ], [ 100.689281725000171, 14.759275617000071 ], [ 100.671923785000104, 14.743074292000074 ], [ 100.630532033000179, 14.649993705000043 ], [ 100.549144066000167, 14.671542693999982 ], [ 100.512702492000187, 14.656345971 ], [ 100.495407842000077, 14.700517950000062 ], [ 100.457940105000148, 14.721096421000027 ], [ 100.474655865000159, 14.72254765800011 ], [ 100.488093388000095, 14.748133983000116 ], [ 100.468219286000078, 14.798215829000014 ], [ 100.482625961000053, 14.811309844000107 ], [ 100.454748325000025, 14.835838274000139 ], [ 100.451651159000107, 14.87462509400001 ], [ 100.427491505000091, 14.884445262000042 ], [ 100.419968383000196, 14.927068397000028 ], [ 100.449020333000021, 14.942379943000162 ], [ 100.444250649000082, 14.995979839000029 ], [ 100.469508487000041, 15.027195630999984 ], [ 100.427487414000154, 15.061086905000025 ], [ 100.459125659000051, 15.116346156000134 ], [ 100.474967054000047, 15.106757140000013 ], [ 100.506956302000106, 15.13039200500009 ], [ 100.53190274300016, 15.183631764000097 ], [ 100.590218478000168, 15.229645788000028 ], [ 100.583983898000156, 15.242634662000057 ], [ 100.620220610000104, 15.24270992300012 ], [ 100.589952130000142, 15.268480456000134 ], [ 100.633654030000116, 15.324014993000105 ], [ 100.643811228000118, 15.417548673000056 ], [ 100.678872126000101, 15.452555270000062 ], [ 100.705244527, 15.439416011000162 ], [ 100.769737177000138, 15.463031178000165 ], [ 100.76881303000016, 15.49634984000005 ], [ 100.745987847000151, 15.513287969000089 ], [ 100.837695298000085, 15.563399554000057 ], [ 100.852927471000157, 15.525382352000065 ], [ 100.8851164780001, 15.528794101000187 ], [ 100.903982303000078, 15.496352940000122 ], [ 100.928698973000053, 15.487688026000171 ], [ 100.932576273000052, 15.413655758000118 ], [ 100.976997888000142, 15.414618513999983 ], [ 100.986891400000161, 15.324124103000088 ], [ 101.001619013000095, 15.318537625000033 ], [ 101.025238206000097, 15.338018086000091 ], [ 101.055337406000035, 15.319931377000103 ], [ 101.082276696000065, 15.356381916000032 ], [ 101.110096477000127, 15.325259400000107 ], [ 101.137622092000072, 15.339621908000083 ], [ 101.20543512900008, 15.319421657000191 ], [ 101.30519124000017, 15.391410032000124 ], [ 101.30439086500013, 15.519682568000064 ], [ 101.287549756000146, 15.530135647000179 ], [ 101.36003293400006, 15.686042693000047 ], [ 101.335522153, 15.727022744000124 ], [ 101.345292641000185, 15.752543851000098 ] ] ] } },
{ "type": "Feature", "properties": { "adm1_name": "Sing Buri", "adm1_name1": "สิงห์บุรี", "adm1_pcode": "TH17" }, "geometry": { "type": "Polygon", "coordinates": [ [ [ 100.369070201000113, 15.089397237000128 ], [ 100.424430287000064, 15.051634568000168 ], [ 100.446711524000079, 15.055237117000047 ], [ 100.46922160400004, 15.028687085000115 ], [ 100.444250649000082, 14.995979839000029 ], [ 100.449084714000151, 14.942511428000103 ], [ 100.419968383000196, 14.927068397000028 ], [ 100.427491505000091, 14.884445262000042 ], [ 100.451651159000107, 14.87462509400001 ], [ 100.454748325000025, 14.835838274000139 ], [ 100.482625961000053, 14.811309844000107 ], [ 100.468219286000078, 14.798215829000014 ], [ 100.488093388000095, 14.748133983000116 ], [ 100.474084165000136, 14.72224381000018 ], [ 100.416402732000165, 14.72547056999997 ], [ 100.403463317000046, 14.759261748000085 ], [ 100.380787076000104, 14.742903970000043 ], [ 100.328554251000128, 14.802458107000064 ], [ 100.295329791000199, 14.780783612 ], [ 100.272478829000079, 14.799474363000058 ], [ 100.226433168000085, 14.795045493000089 ], [ 100.204332447000127, 14.809338142000058 ], [ 100.224475405000192, 14.882566439000129 ], [ 100.206262290000041, 14.895300322000082 ], [ 100.224203463000094, 14.903491919999965 ], [ 100.186672009000119, 14.907858591000092 ], [ 100.182381385000042, 14.93490296300007 ], [ 100.2043283860001, 14.953788081000141 ], [ 100.259034848000169, 14.943857930000149 ], [ 100.288458369000125, 14.956346628000176 ], [ 100.291179846000148, 14.976627244000099 ], [ 100.267691627000147, 15.010759866000171 ], [ 100.2239439720002, 15.024909168000079 ], [ 100.218742945000201, 15.044283996 ], [ 100.245612491000088, 15.03928398 ], [ 100.259587236000073, 15.058910965000109 ], [ 100.293571237000037, 15.064535337000052 ], [ 100.293281599000011, 15.081826512000134 ], [ 100.354570156000193, 15.120523277000132 ], [ 100.369070201000113, 15.089397237000128 ] ] ] } },
{ "type": "Feature", "properties": { "adm1_name": "Chai Nat", "adm1_name1": "ชัยนาท", "adm1_pcode": "TH18" }, "geometry": { "type": "Polygon", "coordinates": [ [ [ 100.119853449000118, 15.412431770000069 ], [ 100.161917186000153, 15.380927924000048 ], [ 100.250448231000178, 15.355046040000161 ], [ 100.274321, 15.224309495 ], [ 100.292249064000146, 15.218219578000173 ], [ 100.298227178000047, 15.180020478000074 ], [ 100.339829851000104, 15.150622756000018 ], [ 100.350685399000042, 15.123400452000055 ], [ 100.293281599000011, 15.081826512000134 ], [ 100.293571237000037, 15.064535337000052 ], [ 100.259587236000073, 15.058910965000109 ], [ 100.245612491000088, 15.03928398 ], [ 100.218742945000201, 15.044283996 ], [ 100.2239439720002, 15.024909168000079 ], [ 100.286188079, 14.992899654000155 ], [ 100.288458369000125, 14.956346628000176 ], [ 100.259034848000169, 14.943857930000149 ], [ 100.196875177000038, 14.96009193499998 ], [ 100.126324725000131, 14.92298184100008 ], [ 100.132506908000153, 14.945943827000178 ], [ 100.040071387000012, 14.961136835000104 ], [ 100.041733308000119, 14.914929855000025 ], [ 99.954794198000116, 14.906598938 ], [ 99.723770138000134, 14.962032211000121 ], [ 99.719762148000143, 14.981548127000167 ], [ 99.76906249600006, 15.022582797000098 ], [ 99.792730652000103, 15.091903927000033 ], [ 99.730134362000172, 15.213161288000151 ], [ 99.727271059000145, 15.249636508000094 ], [ 99.763838776, 15.298940326000093 ], [ 99.757321899000033, 15.311856927000065 ], [ 99.85142919000009, 15.311120705000121 ], [ 99.883469010000056, 15.287064611000119 ], [ 100.005462414000021, 15.301986414000055 ], [ 100.036566258000164, 15.29296461500013 ], [ 100.057365261000086, 15.263243307000153 ], [ 100.101202583000031, 15.338485980000087 ], [ 100.073733369000081, 15.370445758000187 ], [ 100.106201590000069, 15.375805223000157 ], [ 100.087916310000196, 15.410175204000041 ], [ 100.119853449000118, 15.412431770000069 ] ] ] } },
{ "type": "Feature", "properties": { "adm1_name": "Saraburi", "adm1_name1": "สระบุรี", "adm1_pcode": "TH19" }, "geometry": { "type": "Polygon", "coordinates": [ [ [ 101.399443093000116, 15.073725655000032 ], [ 101.425487900000064, 15.013252599000111 ], [ 101.452725933000181, 14.860862292000093 ], [ 101.337605054000164, 14.787192071000106 ], [ 101.334132354000076, 14.766008408000175 ], [ 101.305009178000034, 14.756853989000092 ], [ 101.299071392000087, 14.737393680000082 ], [ 101.282502553000029, 14.745059167000079 ], [ 101.28062618600012, 14.726080671000091 ], [ 101.231728178000139, 14.731992332000118 ], [ 101.211000426000169, 14.756939446000104 ], [ 101.188655459000074, 14.749175321000166 ], [ 101.215832312000146, 14.59049179800013 ], [ 101.18103660100013, 14.543890524000062 ], [ 101.242831722000119, 14.471104316000094 ], [ 101.225199308000128, 14.472369496000113 ], [ 101.230131867000125, 14.433983949000151 ], [ 101.209198933000096, 14.428206621000129 ], [ 101.210064189000093, 14.371997684000178 ], [ 101.165723853000031, 14.342375776999972 ], [ 101.146607217000167, 14.37381566900001 ], [ 101.085563756000056, 14.383128224000075 ], [ 101.05683657600008, 14.414349018000109 ], [ 101.062395045000187, 14.370954498000174 ], [ 101.015439116000039, 14.302173789000051 ], [ 100.892303623000146, 14.243705199999965 ], [ 100.891545236000184, 14.275951094000106 ], [ 100.821498864000034, 14.242746399000168 ], [ 100.823179830000072, 14.329661398000042 ], [ 100.775504532000127, 14.318618553000022 ], [ 100.797062585000106, 14.390015585000185 ], [ 100.777641038000183, 14.413745591000179 ], [ 100.759462892000158, 14.411728021000044 ], [ 100.773722316000089, 14.481925835000084 ], [ 100.747444410000128, 14.513243951 ], [ 100.778466976000118, 14.530272928999977 ], [ 100.782704673000183, 14.567032528000084 ], [ 100.685128780000184, 14.582137816000056 ], [ 100.654788125000039, 14.606372118000081 ], [ 100.67635357600011, 14.558148928000151 ], [ 100.601844964000065, 14.554215713000019 ], [ 100.603625351000062, 14.578439613000057 ], [ 100.574885589000132, 14.598436426000035 ], [ 100.593752193000057, 14.646113126000046 ], [ 100.630532033000179, 14.649993705000043 ], [ 100.651294031000134, 14.710321499000031 ], [ 100.689201941000135, 14.759237524000014 ], [ 100.724532629000066, 14.760059856000055 ], [ 100.766656154000032, 14.79658937500011 ], [ 100.841762593000055, 14.804188908000185 ], [ 100.867406054000071, 14.768071152000118 ], [ 100.901483087000088, 14.769978642000012 ], [ 100.943556648000026, 14.740741956000022 ], [ 100.966271032000066, 14.75151646300003 ], [ 100.991863631000115, 14.740451140000118 ], [ 100.99247536900009, 14.768445427000074 ], [ 101.025603677000049, 14.810277075000045 ], [ 101.069977173000154, 14.76010683200019 ], [ 101.062064994000139, 14.789616422000051 ], [ 101.089106027000128, 14.831526537000173 ], [ 101.06538843400017, 14.840166206000106 ], [ 101.093169507000084, 14.849549942000067 ], [ 101.081434374000139, 14.879941498999983 ], [ 101.09391455399998, 14.90669097000017 ], [ 101.144992761000196, 14.896752341000024 ], [ 101.192537093999988, 14.921222235000187 ], [ 101.262740366000173, 14.91494990700005 ], [ 101.329169086000093, 14.965489427000023 ], [ 101.363078938000058, 15.046971339000038 ], [ 101.399443093000116, 15.073725655000032 ] ] ] } },
{ "type": "Feature", "properties": { "adm1_name": "Chon Buri", "adm1_name1": "ชลบุรี", "adm1_pcode": "TH20" }, "geometry": { "type": "MultiPolygon", "coordinates": [ [ [ [ 101.143525625000109, 13.589319000999978 ], [ 101.267274622000173, 13.567962745000102 ], [ 101.361224544000095, 13.463724624000065 ], [ 101.405449335000071, 13.471961925000073 ], [ 101.402318617, 13.450318323000033 ], [ 101.434568340000169, 13.449591880000071 ], [ 101.468178569000145, 13.424875226000097 ], [ 101.48993617900004, 13.444633272000146 ], [ 101.501907550000112, 13.410319475000051 ], [ 101.532371502000103, 13.426992595000058 ], [ 101.564411589000144, 13.331364399 ], [ 101.668059469000127, 13.273408358000097 ], [ 101.719655052000121, 13.177617173000101 ], [ 101.695772088000069, 13.146596709000107 ], [ 101.647098986000174, 13.16347982800005 ], [ 101.58422269800019, 13.130142690000014 ], [ 101.57354239100016, 13.08668093600005 ], [ 101.468920014000105, 13.051813245000119 ], [ 101.470490263999977, 13.026118819000146 ], [ 101.435888976000058, 13.051595837000093 ], [ 101.416743200000042, 13.027189097000019 ], [ 101.394091598999978, 13.024810699000057 ], [ 101.326086032000092, 13.084121641000138 ], [ 101.291921564000177, 13.05685966100009 ], [ 101.194953453000039, 13.088869348000117 ], [ 101.173166250000065, 13.073502135000012 ], [ 101.171629446000111, 13.05879868400018 ], [ 101.195155703000069, 13.044269230000054 ], [ 101.174502244000109, 13.019972788000075 ], [ 101.15380216300008, 13.030641605000085 ], [ 101.134776906000184, 13.016529442000092 ], [ 101.094598448999989, 13.03385296700003 ], [ 101.082793738000191, 13.004156126000055 ], [ 101.103596536000111, 12.972854224000059 ], [ 101.088613990000169, 12.915351800000053 ], [ 101.063087901000131, 12.833930413000132 ], [ 101.015803216000108, 12.794236264000062 ], [ 101.015415155000085, 12.758872561000146 ], [ 100.98448673900009, 12.693664764000061 ], [ 100.993228376000104, 12.658504788000073 ], [ 100.968198210000196, 12.644508574000042 ], [ 100.960136243000079, 12.595354990000033 ], [ 100.913516344000129, 12.623319615000185 ], [ 100.930499825000197, 12.645203498000171 ], [ 100.917918322000048, 12.658433301000116 ], [ 100.849861883000187, 12.649836519000075 ], [ 100.861745865000046, 12.667343969 ], [ 100.840282259000162, 12.68331364 ], [ 100.85743723600018, 12.69371336 ], [ 100.83382063200014, 12.713675808000062 ], [ 100.840396270000099, 12.752790325000149 ], [ 100.893289852000123, 12.766037520000111 ], [ 100.913372438000124, 12.806656089000171 ], [ 100.898330762000114, 12.856103336000047 ], [ 100.855808158, 12.910101854000175 ], [ 100.883144956000024, 12.938011396000149 ], [ 100.883066475000021, 12.970771009000089 ], [ 100.90842190800015, 12.976084362000165 ], [ 100.928009836000115, 13.009579547000158 ], [ 100.914751329000126, 13.045064391000039 ], [ 100.892887930000086, 13.038916340000185 ], [ 100.906637533000037, 13.051811120000082 ], [ 100.884563404000176, 13.059981786000037 ], [ 100.896400691, 13.070923508000135 ], [ 100.882451449000143, 13.063550216000067 ], [ 100.88444397700016, 13.07883334800016 ], [ 100.871870162000107, 13.077083663000053 ], [ 100.936425291000035, 13.20284590600005 ], [ 100.927834752000194, 13.25802682300008 ], [ 100.897515349000059, 13.30243933200012 ], [ 100.926064440000118, 13.341309406000164 ], [ 100.969211312000141, 13.352080855999986 ], [ 100.982013219000066, 13.370988862000047 ], [ 100.96301593000004, 13.460827564000169 ], [ 100.974052036000103, 13.473375905000012 ], [ 101.013402838000104, 13.461949004000019 ], [ 101.048752810000053, 13.508688751000079 ], [ 101.072557416, 13.504014203 ], [ 101.070899128000121, 13.535429597000189 ], [ 101.043830098000058, 13.558723202000067 ], [ 101.094036549000066, 13.553624121000155 ], [ 101.143525625000109, 13.589319000999978 ] ] ], [ [ [ 100.966166177000161, 12.520321069000147 ], [ 100.974559306000174, 12.519405809999967 ], [ 100.974483145000136, 12.513400116000071 ], [ 100.966166177000161, 12.520321069000147 ] ] ], [ [ [ 100.956008767000128, 12.530515936000143 ], [ 100.960633182000038, 12.516436044000102 ], [ 100.956651180999984, 12.507871481000166 ], [ 100.951894251000056, 12.515815743000019 ], [ 100.956008767000128, 12.530515936000143 ] ] ], [ [ [ 100.959981443000061, 12.533149161000154 ], [ 100.959422590000088, 12.531736846000115 ], [ 100.958915967000166, 12.53360931900005 ], [ 100.959981443000061, 12.533149161000154 ] ] ], [ [ [ 100.959028840000201, 12.534920125000156 ], [ 100.958216284000116, 12.534718041000133 ], [ 100.958270390000109, 12.535704809000038 ], [ 100.959028840000201, 12.534920125000156 ] ] ], [ [ [ 100.972475650000035, 12.550699462000182 ], [ 100.970660283000029, 12.54824338200018 ], [ 100.971102305000045, 12.552332092000086 ], [ 100.972475650000035, 12.550699462000182 ] ] ], [ [ [ 100.934805935000156, 12.576631713999973 ], [ 100.932576621000067, 12.570770530000175 ], [ 100.930802696000114, 12.57295274500018 ], [ 100.934805935000156, 12.576631713999973 ] ] ], [ [ [ 100.942486030000111, 12.580139148000114 ], [ 100.9632110390001, 12.561792837000155 ], [ 100.952763523000044, 12.549525005000078 ], [ 100.942486030000111, 12.580139148000114 ] ] ], [ [ [ 100.961026574000073, 12.589669697999966 ], [ 100.96667584700009, 12.581175510000094 ], [ 100.960459861000174, 12.581411437000156 ], [ 100.961026574000073, 12.589669697999966 ] ] ], [ [ [ 100.917519005000145, 12.60196800600005 ], [ 100.916369002000124, 12.602626684000029 ], [ 100.917287529000191, 12.606009307000022 ], [ 100.917519005000145, 12.60196800600005 ] ] ], [ [ [ 100.876943991000076, 12.612461071000041 ], [ 100.87466242500011, 12.612348324000038 ], [ 100.875802211000121, 12.6149606890001 ], [ 100.876943991000076, 12.612461071000041 ] ] ], [ [ [ 100.918109270000059, 12.61624155100003 ], [ 100.917464424000173, 12.616707807000068 ], [ 100.918343310000012, 12.617561071000125 ], [ 100.918109270000059, 12.61624155100003 ] ] ], [ [ [ 100.879606617000093, 12.614269154000169 ], [ 100.882007488000056, 12.617676532000189 ], [ 100.883926194000196, 12.616482669999982 ], [ 100.879606617000093, 12.614269154000169 ] ] ], [ [ [ 100.900651922000122, 12.62741984500019 ], [ 100.902473357000133, 12.622347595000065 ], [ 100.899109216000056, 12.623436618000028 ], [ 100.900651922000122, 12.62741984500019 ] ] ], [ [ [ 100.863863865000155, 12.640596362000167 ], [ 100.877563470000098, 12.636565888000121 ], [ 100.867860967000126, 12.628562978000161 ], [ 100.863863865000155, 12.640596362000167 ] ] ], [ [ [ 100.898572390000197, 12.646090184000172 ], [ 100.896681806000117, 12.645067536000113 ], [ 100.898034135000159, 12.647219755000094 ], [ 100.898572390000197, 12.646090184000172 ] ] ], [ [ [ 100.891347175000021, 12.647769089000064 ], [ 100.8908206320001, 12.641740257000038 ], [ 100.877782803, 12.645251952000081 ], [ 100.891347175000021, 12.647769089000064 ] ] ], [ [ [ 100.82212096100011, 12.679732161000061 ], [ 100.825440058000197, 12.673497359000066 ], [ 100.823702287, 12.672306608000042 ], [ 100.82212096100011, 12.679732161000061 ] ] ], [ [ [ 100.775815995000073, 12.720254374000092 ], [ 100.802972059000069, 12.718047512000112 ], [ 100.806149389000041, 12.697460688000092 ], [ 100.7812130490002, 12.671307651000063 ], [ 100.76392800900004, 12.703649911000184 ], [ 100.775815995000073, 12.720254374000092 ] ] ], [ [ [ 100.79866781200019, 12.728843206000022 ], [ 100.798971865000169, 12.725304093000034 ], [ 100.797317494000197, 12.729840895000052 ], [ 100.79866781200019, 12.728843206000022 ] ] ], [ [ [ 100.846396829000184, 12.763617424000074 ], [ 100.843042012000126, 12.759306135000145 ], [ 100.838909952000051, 12.761111701000175 ], [ 100.846396829000184, 12.763617424000074 ] ] ], [ [ [ 100.701820539000039, 12.793150863000051 ], [ 100.702689614000121, 12.792555388999972 ], [ 100.702219301000184, 12.792235555000161 ], [ 100.701820539000039, 12.793150863000051 ] ] ], [ [ [ 100.703798957000117, 12.800893204000033 ], [ 100.702545275000148, 12.793673952000063 ], [ 100.698226105000174, 12.802465938000125 ], [ 100.703798957000117, 12.800893204000033 ] ] ], [ [ [ 100.675996938000083, 12.876651614000082 ], [ 100.670819764000157, 12.86863329900018 ], [ 100.673744363000139, 12.884069348000082 ], [ 100.675996938000083, 12.876651614000082 ] ] ], [ [ [ 100.681099198000197, 12.902714128000184 ], [ 100.677023071000178, 12.90378908800011 ], [ 100.677770685000041, 12.906260776000181 ], [ 100.681099198000197, 12.902714128000184 ] ] ], [ [ [ 100.67813161700002, 12.910254357000099 ], [ 100.676887610000051, 12.910626620000073 ], [ 100.67768115400014, 12.912475390000111 ], [ 100.67813161700002, 12.910254357000099 ] ] ], [ [ [ 100.806863068000041, 12.929074224000033 ], [ 100.805201380000199, 12.926242807000108 ], [ 100.804226657000129, 12.930824708999978 ], [ 100.806863068000041, 12.929074224000033 ] ] ], [ [ [ 100.790045424000141, 12.930497037000066 ], [ 100.781834814000035, 12.902410472000099 ], [ 100.773438853000187, 12.896919117000039 ], [ 100.768755181000074, 12.928195465000044 ], [ 100.790045424000141, 12.930497037000066 ] ] ], [ [ [ 100.789409975000069, 12.945870872000114 ], [ 100.795322124000108, 12.94561851800006 ], [ 100.790147455000124, 12.942164915000035 ], [ 100.789409975000069, 12.945870872000114 ] ] ], [ [ [ 100.679977286000053, 12.948887963000118 ], [ 100.685560373999976, 12.927700037000079 ], [ 100.675561425000183, 12.918732701000124 ], [ 100.662331950000066, 12.945319769000093 ], [ 100.679977286000053, 12.948887963000118 ] ] ], [ [ [ 100.656153146000065, 12.956516813000178 ], [ 100.657833278000169, 12.957408033000036 ], [ 100.657872394000037, 12.956376097999964 ], [ 100.656153146000065, 12.956516813000178 ] ] ], [ [ [ 100.647924738000142, 12.962765301000104 ], [ 100.653934614000036, 12.959043738999981 ], [ 100.647624758000177, 12.951202254000179 ], [ 100.647924738000142, 12.962765301000104 ] ] ], [ [ [ 100.805458805000114, 13.11810856600016 ], [ 100.810572308000133, 13.113956021000035 ], [ 100.802632182000082, 13.108732246999978 ], [ 100.805458805000114, 13.11810856600016 ] ] ], [ [ [ 100.808750805000159, 13.123621456000137 ], [ 100.80956744100007, 13.123394757000085 ], [ 100.809069889000114, 13.123076037000033 ], [ 100.808750805000159, 13.123621456000137 ] ] ], [ [ [ 100.834439651000082, 13.152181886000108 ], [ 100.834191885, 13.151400799000044 ], [ 100.83370569900012, 13.15260795 ], [ 100.834439651000082, 13.152181886000108 ] ] ], [ [ [ 100.833421050000084, 13.165777215000105 ], [ 100.832508160000032, 13.165434783000023 ], [ 100.833036403000165, 13.166417779000028 ], [ 100.833421050000084, 13.165777215000105 ] ] ], [ [ [ 100.821176004000165, 13.165473063000036 ], [ 100.827311212000097, 13.168601643000045 ], [ 100.82438857700015, 13.163732446000154 ], [ 100.821176004000165, 13.165473063000036 ] ] ], [ [ [ 100.91917859300014, 13.173699276000036 ], [ 100.921036306000076, 13.174328022 ], [ 100.920503764000102, 13.173167739 ], [ 100.91917859300014, 13.173699276000036 ] ] ], [ [ [ 100.82883097000007, 13.17463995900016 ], [ 100.830894819000036, 13.174188444000038 ], [ 100.828794042000084, 13.173826490000067 ], [ 100.82883097000007, 13.17463995900016 ] ] ], [ [ [ 100.808202424000172, 13.178916456000081 ], [ 100.822411303000138, 13.141244073000109 ], [ 100.809387651000122, 13.125110996999979 ], [ 100.798302111, 13.163387778000072 ], [ 100.808202424000172, 13.178916456000081 ] ] ], [ [ [ 100.798005560000092, 13.189634040000101 ], [ 100.798228380000069, 13.1886714850001 ], [ 100.797831485000131, 13.189637158000153 ], [ 100.798005560000092, 13.189634040000101 ] ] ] ] } },
{ "type": "Feature", "properties": { "adm1_name": "Rayong", "adm1_name1": "ระยอง", "adm1_pcode": "TH21" }, "geometry": { "type": "MultiPolygon", "coordinates": [ [ [ [ 101.652283918000194, 13.160273911000047 ], [ 101.695772088000069, 13.146596709000107 ], [ 101.68551461800007, 13.114464986000144 ], [ 101.700188151000134, 13.108989905000158 ], [ 101.693128297000044, 13.092633817000092 ], [ 101.717563648000123, 13.033941157000015 ], [ 101.759187212000029, 13.047833558000093 ], [ 101.738842331000058, 12.959068308000155 ], [ 101.756998842000144, 12.940167379000115 ], [ 101.779072849000045, 12.953547862000107 ], [ 101.808553209000138, 12.885306975000049 ], [ 101.81821860000008, 12.899663541000109 ], [ 101.831054905000144, 12.824909865000052 ], [ 101.819649002000119, 12.75415362800004 ], [ 101.79931753700015, 12.749800247 ], [ 101.784358385000189, 12.693191576000174 ], [ 101.749550672000112, 12.7081340310001 ], [ 101.687788733000048, 12.69421365 ], [ 101.645915128000127, 12.642353946000071 ], [ 101.59337545700015, 12.653532996000081 ], [ 101.566610786000126, 12.647945387999982 ], [ 101.556479939000042, 12.627326015000051 ], [ 101.448803155000178, 12.630669730000022 ], [ 101.425130535999983, 12.617249370000025 ], [ 101.418319723000195, 12.583078909000108 ], [ 101.365202410000052, 12.621404694000091 ], [ 101.23503858000015, 12.66532759200004 ], [ 101.16188508700003, 12.672043509 ], [ 101.166264671000022, 12.639948326000024 ], [ 101.15151885500012, 12.673528993000161 ], [ 101.135192038000071, 12.663553754000191 ], [ 101.141769813000167, 12.660249442000179 ], [ 101.140123254000059, 12.658405918000085 ], [ 101.146713666000039, 12.651526755000134 ], [ 101.14773535400019, 12.646909989000051 ], [ 101.121930215000134, 12.678001755000082 ], [ 100.992257851000033, 12.656245697000088 ], [ 100.98448673900009, 12.693664764000061 ], [ 101.015415155000085, 12.758872561000146 ], [ 101.015803216000108, 12.794236264000062 ], [ 101.063087901000131, 12.833930413000132 ], [ 101.088613990000169, 12.915351800000053 ], [ 101.103596536000111, 12.972854224000059 ], [ 101.082793738000191, 13.004156126000055 ], [ 101.094598448999989, 13.03385296700003 ], [ 101.134776906000184, 13.016529442000092 ], [ 101.15380216300008, 13.030641605000085 ], [ 101.174502244000109, 13.019972788000075 ], [ 101.195155703000069, 13.044269230000054 ], [ 101.171629446000111, 13.05879868400018 ], [ 101.173166250000065, 13.073502135000012 ], [ 101.194953453000039, 13.088869348000117 ], [ 101.291921564000177, 13.05685966100009 ], [ 101.326086032000092, 13.084121641000138 ], [ 101.394091598999978, 13.024810699000057 ], [ 101.416743200000042, 13.027189097000019 ], [ 101.435888976000058, 13.051595837000093 ], [ 101.470490263999977, 13.026118819000146 ], [ 101.468920014000105, 13.051813245000119 ], [ 101.559360174000062, 13.076944738000066 ], [ 101.582410802000197, 13.12894711500013 ], [ 101.652283918000194, 13.160273911000047 ] ] ], [ [ [ 101.44229032700008, 12.513147338000124 ], [ 101.443211333000079, 12.515697152000087 ], [ 101.442583027000126, 12.512762657 ], [ 101.44229032700008, 12.513147338000124 ] ] ], [ [ [ 101.570187461000046, 12.556819649000033 ], [ 101.568146109000054, 12.554804742000044 ], [ 101.567121329000202, 12.558966080000118 ], [ 101.570187461000046, 12.556819649000033 ] ] ], [ [ [ 101.702939063000201, 12.568682133000095 ], [ 101.697625116000097, 12.568956220000132 ], [ 101.701681275000055, 12.572687289000044 ], [ 101.702939063000201, 12.568682133000095 ] ] ], [ [ [ 101.510663697000155, 12.580164436000075 ], [ 101.510064698000065, 12.580050667000023 ], [ 101.510632836000184, 12.58047404600012 ], [ 101.510663697000155, 12.580164436000075 ] ] ], [ [ [ 101.451403791000075, 12.582689833000074 ], [ 101.470230510000192, 12.567666154000165 ], [ 101.450263526000128, 12.554111136000017 ], [ 101.443090105000181, 12.521677785000122 ], [ 101.451403791000075, 12.582689833000074 ] ] ], [ [ [ 101.508439079000084, 12.584369222000191 ], [ 101.511236814000199, 12.584915672000079 ], [ 101.510388314000181, 12.581593540000028 ], [ 101.508439079000084, 12.584369222000191 ] ] ], [ [ [ 101.508370311000078, 12.593918579000103 ], [ 101.510286108000059, 12.59501206900012 ], [ 101.511105142000133, 12.592454899000131 ], [ 101.508370311000078, 12.593918579000103 ] ] ], [ [ [ 101.512869538000132, 12.600045556000168 ], [ 101.512182067000197, 12.599626890000138 ], [ 101.512679786000035, 12.600370502000033 ], [ 101.512869538000132, 12.600045556000168 ] ] ], [ [ [ 101.515751352000166, 12.603518346000101 ], [ 101.513920760000076, 12.601588784000114 ], [ 101.51567148200013, 12.60432516000003 ], [ 101.515751352000166, 12.603518346000101 ] ] ], [ [ [ 101.694429419000073, 12.600065154000163 ], [ 101.688743572000078, 12.59933760500013 ], [ 101.693461939000144, 12.604305103000058 ], [ 101.694429419000073, 12.600065154000163 ] ] ], [ [ [ 101.694717336000167, 12.612411617000078 ], [ 101.685062103000064, 12.611027779000153 ], [ 101.689515351000068, 12.618970399000034 ], [ 101.694717336000167, 12.612411617000078 ] ] ], [ [ [ 101.171481264000079, 12.649990075000176 ], [ 101.169637851000061, 12.648382833000028 ], [ 101.172037233000196, 12.651125252000043 ], [ 101.171481264000079, 12.649990075000176 ] ] ] ] } },
{ "type": "Feature", "properties": { "adm1_name": "Chanthaburi", "adm1_name1": "จันทบุรี", "adm1_pcode": "TH22" }, "geometry": { "type": "MultiPolygon", "coordinates": [ [ [ [ 102.129771302000108, 13.336181033000116 ], [ 102.181260062000035, 13.31436243100012 ], [ 102.189474283000152, 13.292067696000117 ], [ 102.216914950000159, 13.311085399999968 ], [ 102.247326603000147, 13.285159062000105 ], [ 102.285157776000062, 13.304366798999979 ], [ 102.311471449000067, 13.287104504000183 ], [ 102.335042962000045, 13.315610629000048 ], [ 102.353574616, 13.298943492000035 ], [ 102.349638065000192, 13.272833330000083 ], [ 102.377306350000197, 13.241311422000024 ], [ 102.43533834800013, 13.089572647000125 ], [ 102.459205848000124, 13.082753608000189 ], [ 102.494314461000045, 13.013603476000128 ], [ 102.530095593000112, 13.00212117600006 ], [ 102.487466223000126, 12.983320015000118 ], [ 102.501511365000113, 12.959786435000183 ], [ 102.486019319000093, 12.947919458000172 ], [ 102.51059080400006, 12.896155336000163 ], [ 102.497922814000106, 12.858439914000087 ], [ 102.532340186000113, 12.812369316000058 ], [ 102.534542973000043, 12.770420708000074 ], [ 102.517789954000079, 12.751998383000171 ], [ 102.491167299000097, 12.757238752999967 ], [ 102.471913787000062, 12.734730990000116 ], [ 102.441240085000175, 12.736798677000024 ], [ 102.385255494000091, 12.679443320000075 ], [ 102.401595638000117, 12.618721367000035 ], [ 102.387761550000164, 12.603863996000086 ], [ 102.422948026000086, 12.569489859000157 ], [ 102.399437578000061, 12.567353486000059 ], [ 102.359302975000162, 12.596676553 ], [ 102.336685172000045, 12.563886382000078 ], [ 102.305100915000196, 12.556511520000072 ], [ 102.314486128000055, 12.523897193999971 ], [ 102.337995370999977, 12.513803668000094 ], [ 102.325386751, 12.427305729000068 ], [ 102.371852295, 12.388560718000178 ], [ 102.31167587900012, 12.304315553000038 ], [ 102.257761758000129, 12.292919713 ], [ 102.165141773000187, 12.394348123000043 ], [ 102.119275828000127, 12.408066607000023 ], [ 102.124276154000142, 12.422896492 ], [ 102.09074666600003, 12.464065214000186 ], [ 102.061336664000066, 12.481663369999978 ], [ 102.059561785000028, 12.468795439000132 ], [ 102.042911429000128, 12.472832454000127 ], [ 102.046753713000101, 12.490141793000134 ], [ 102.035938397000166, 12.486536176000129 ], [ 102.042888843000071, 12.497589059000063 ], [ 102.018380359000105, 12.523816214000021 ], [ 101.963544181000088, 12.542951798000047 ], [ 101.947859568000069, 12.53801603200003 ], [ 101.948648325000022, 12.516489673000024 ], [ 101.889355983000144, 12.56987947000016 ], [ 101.8856155470001, 12.58207402700009 ], [ 101.909611593000079, 12.577082879000102 ], [ 101.905450709000093, 12.595472642000175 ], [ 101.883192077000103, 12.601896907000139 ], [ 101.883068104000074, 12.587888109000119 ], [ 101.863446088000103, 12.642284810000035 ], [ 101.784358385000189, 12.693191576000174 ], [ 101.79931753700015, 12.749800247 ], [ 101.819649002000119, 12.75415362800004 ], [ 101.831054905000144, 12.824909865000052 ], [ 101.81821860000008, 12.899663541000109 ], [ 101.808553209000138, 12.885306975000049 ], [ 101.779072849000045, 12.953547862000107 ], [ 101.756998842000144, 12.940167379000115 ], [ 101.738842331000058, 12.959068308000155 ], [ 101.75927985300018, 13.047591142000101 ], [ 101.717563648000123, 13.033941157000015 ], [ 101.693128297000044, 13.092633817000092 ], [ 101.700188151000134, 13.108989905000158 ], [ 101.68551461800007, 13.114464986000144 ], [ 101.717137777000119, 13.182213531000116 ], [ 101.773288316000048, 13.184747092 ], [ 101.854556313000103, 13.254318986000158 ], [ 101.870508887000142, 13.252251235000017 ], [ 101.871651947000089, 13.223234971000124 ], [ 101.883479996000062, 13.236623706000103 ], [ 101.8918754500001, 13.226799989000085 ], [ 101.90433174900005, 13.286818104000076 ], [ 101.952864078000061, 13.297620730000062 ], [ 101.96800179700017, 13.324566895000146 ], [ 101.988903135000101, 13.333254906000036 ], [ 102.011876942000129, 13.290201541000158 ], [ 102.034664572000167, 13.284547917999987 ], [ 102.028290494000032, 13.236708263000082 ], [ 102.109060694000107, 13.264924186000087 ], [ 102.129771302000108, 13.336181033000116 ] ] ], [ [ [ 102.249498956000195, 12.288077377000093 ], [ 102.253180380000117, 12.287842203000025 ], [ 102.251429321000103, 12.285833949000107 ], [ 102.249498956000195, 12.288077377000093 ] ] ], [ [ [ 102.235325555000145, 12.297055291000106 ], [ 102.244161352000162, 12.293223403000127 ], [ 102.2383611260002, 12.2862202 ], [ 102.235325555000145, 12.297055291000106 ] ] ], [ [ [ 102.134818441000164, 12.396772085000066 ], [ 102.131296848000034, 12.392894965000039 ], [ 102.1339921510002, 12.399112661000061 ], [ 102.134818441000164, 12.396772085000066 ] ] ], [ [ [ 102.111395870000081, 12.42550059500013 ], [ 102.110317547000136, 12.422159967000084 ], [ 102.108019653000042, 12.422105236000107 ], [ 102.111395870000081, 12.42550059500013 ] ] ], [ [ [ 102.065244350000114, 12.465483701000039 ], [ 102.065830104000099, 12.464522014000124 ], [ 102.065017041000033, 12.465020343000049 ], [ 102.065244350000114, 12.465483701000039 ] ] ], [ [ [ 102.025592524000047, 12.463534397000046 ], [ 102.020694272000128, 12.463173960000177 ], [ 102.022547866000195, 12.466663165000114 ], [ 102.025592524000047, 12.463534397000046 ] ] ], [ [ [ 101.947971234000079, 12.513566997000112 ], [ 101.951004670000032, 12.511998374000086 ], [ 101.949913681000112, 12.509102409000036 ], [ 101.947971234000079, 12.513566997000112 ] ] ] ] } },
{ "type": "Feature", "properties": { "adm1_name": "Trat", "adm1_name1": "ตราด", "adm1_pcode": "TH23" }, "geometry": { "type": "MultiPolygon", "coordinates": [ [ [ [ 102.471913787000062, 12.734730990000116 ], [ 102.507621028000187, 12.752436102000047 ], [ 102.497299601000122, 12.704379988000085 ], [ 102.510379741000065, 12.670467037000151 ], [ 102.533600693000096, 12.652896508000026 ], [ 102.579974185000083, 12.653142486000149 ], [ 102.616684158, 12.615712382000027 ], [ 102.645923538000091, 12.610956015000056 ], [ 102.644533354000146, 12.585754248 ], [ 102.66185291, 12.583089812000026 ], [ 102.685481224000171, 12.548797361000084 ], [ 102.678178178000053, 12.538630316000081 ], [ 102.711274903000117, 12.50835884900016 ], [ 102.728715849000082, 12.511949696000158 ], [ 102.7207169200002, 12.48633387100017 ], [ 102.734219172000053, 12.48912207300009 ], [ 102.737478685000042, 12.465728861000059 ], [ 102.782079772000202, 12.433744170000125 ], [ 102.784777182000084, 12.400747257000148 ], [ 102.72647411500003, 12.365303275000088 ], [ 102.705161251, 12.172601107000048 ], [ 102.770803980000039, 12.074109968000187 ], [ 102.780497382000192, 11.989520850000076 ], [ 102.815728300000046, 11.933835762 ], [ 102.833166101000188, 11.85769666200008 ], [ 102.904378259000111, 11.768927918000031 ], [ 102.913420396000163, 11.650726661000022 ], [ 102.889834948000043, 11.75894846500006 ], [ 102.774228773000118, 11.913041726000074 ], [ 102.784836494000047, 11.944132345000128 ], [ 102.765946605000181, 12.023000032000084 ], [ 102.625896848000025, 12.148484226999983 ], [ 102.648386836000157, 12.156832067000039 ], [ 102.641432780000116, 12.180132880000031 ], [ 102.591157292000162, 12.210403494000104 ], [ 102.560850396000092, 12.196568452000065 ], [ 102.573469556000077, 12.165110507000065 ], [ 102.554480716000114, 12.162191691000146 ], [ 102.558866913000202, 12.095451125000181 ], [ 102.583968150000089, 12.069284598000081 ], [ 102.58396115000005, 12.043199600000037 ], [ 102.547643784000172, 12.058718912000188 ], [ 102.53801882700003, 12.10632454500012 ], [ 102.472333776000085, 12.143625314000076 ], [ 102.4715198560001, 12.164821737000125 ], [ 102.39809656000017, 12.168002570000169 ], [ 102.345565437000175, 12.199456164000082 ], [ 102.322331347000159, 12.180357770000114 ], [ 102.277066520000119, 12.20497218800017 ], [ 102.28831778600005, 12.233264165999969 ], [ 102.257761758000129, 12.292919713 ], [ 102.31167587900012, 12.304315553000038 ], [ 102.371852295, 12.388560718000178 ], [ 102.325386751, 12.427305729000068 ], [ 102.337995370999977, 12.513803668000094 ], [ 102.314544847000036, 12.52382107000011 ], [ 102.305076546000066, 12.556464629000175 ], [ 102.336685172000045, 12.563886382000078 ], [ 102.359302975000162, 12.596676553 ], [ 102.399437578000061, 12.567353486000059 ], [ 102.422948026000086, 12.569489859000157 ], [ 102.387788287000149, 12.603787850000174 ], [ 102.401595638000117, 12.618721367000035 ], [ 102.38461134400012, 12.67804445500002 ], [ 102.441240085000175, 12.736798677000024 ], [ 102.471913787000062, 12.734730990000116 ] ] ], [ [ [ 102.523452478000195, 11.685550092000142 ], [ 102.522092691000182, 11.684788001000072 ], [ 102.524615800000163, 11.686643795000123 ], [ 102.523452478000195, 11.685550092000142 ] ] ], [ [ [ 102.512554096000144, 11.725686964000033 ], [ 102.525862809000046, 11.71620881500013 ], [ 102.521241379000116, 11.708212656000114 ], [ 102.512554096000144, 11.725686964000033 ] ] ], [ [ [ 102.555219345000182, 11.760885851000126 ], [ 102.570893043000126, 11.732164690000047 ], [ 102.563831328000163, 11.697943371000179 ], [ 102.579883779000056, 11.711950659000081 ], [ 102.60852965000015, 11.689322459000095 ], [ 102.608160877000103, 11.645081440000183 ], [ 102.587484148000044, 11.606419749000111 ], [ 102.601373046000049, 11.60721580000012 ], [ 102.593297335000045, 11.561850777000132 ], [ 102.566794987000151, 11.593851004000101 ], [ 102.526046928000085, 11.605592307 ], [ 102.545478142000036, 11.622662731000048 ], [ 102.524268879000147, 11.657160532000091 ], [ 102.555219345000182, 11.760885851000126 ] ] ], [ [ [ 102.394823617000156, 11.776958612000158 ], [ 102.390373006000061, 11.771470938000107 ], [ 102.388155351000137, 11.775315139000156 ], [ 102.394823617000156, 11.776958612000158 ] ] ], [ [ [ 102.394501349000109, 11.785075330000097 ], [ 102.393303715000172, 11.784532057000149 ], [ 102.393517038000141, 11.78539498400005 ], [ 102.394501349000109, 11.785075330000097 ] ] ], [ [ [ 102.396273329, 11.788238344000149 ], [ 102.395170091000068, 11.78808077500014 ], [ 102.395829606000177, 11.788750358000016 ], [ 102.396273329, 11.788238344000149 ] ] ], [ [ [ 102.449238655000102, 11.797950042000025 ], [ 102.452782662000175, 11.798607562000086 ], [ 102.4500401680001, 11.795297119 ], [ 102.449238655000102, 11.797950042000025 ] ] ], [ [ [ 102.376405125000133, 11.805971829000043 ], [ 102.377199937000171, 11.804357344000152 ], [ 102.375677611000185, 11.805440917000169 ], [ 102.376405125000133, 11.805971829000043 ] ] ], [ [ [ 102.378928940000151, 11.808220960000085 ], [ 102.377127196000117, 11.807663641000033 ], [ 102.377675307000061, 11.809050871000068 ], [ 102.378928940000151, 11.808220960000085 ] ] ], [ [ [ 102.456528049000156, 11.810024007000095 ], [ 102.455893135000053, 11.80684677500011 ], [ 102.452089329999978, 11.804223246000049 ], [ 102.456528049000156, 11.810024007000095 ] ] ], [ [ [ 102.37730845100009, 11.810124231999964 ], [ 102.375349631, 11.810188131000189 ], [ 102.375312324000049, 11.811627433000069 ], [ 102.37730845100009, 11.810124231999964 ] ] ], [ [ [ 102.380288580000183, 11.807057446000044 ], [ 102.393459554000174, 11.796700094000187 ], [ 102.386696204000145, 11.776214218000177 ], [ 102.380288580000183, 11.807057446000044 ] ] ], [ [ [ 102.396363114000053, 11.815847434000091 ], [ 102.395105497000202, 11.816193044000102 ], [ 102.3950903920001, 11.81682891000014 ], [ 102.396363114000053, 11.815847434000091 ] ] ], [ [ [ 102.396172393000199, 11.817536191000158 ], [ 102.396928221000053, 11.816729054000064 ], [ 102.396051061000094, 11.817048306000174 ], [ 102.396172393000199, 11.817536191000158 ] ] ], [ [ [ 102.40284809200017, 11.819724047000136 ], [ 102.401132055000062, 11.819051915000159 ], [ 102.402545241000098, 11.82057873499997 ], [ 102.40284809200017, 11.819724047000136 ] ] ], [ [ [ 102.386600798000075, 11.82258823899997 ], [ 102.384456552000074, 11.821906265000052 ], [ 102.385260819000109, 11.824010074000114 ], [ 102.386600798000075, 11.82258823899997 ] ] ], [ [ [ 102.446053898000116, 11.824111306000134 ], [ 102.44702763600003, 11.823754234000091 ], [ 102.446531569000115, 11.823097653000048 ], [ 102.446053898000116, 11.824111306000134 ] ] ], [ [ [ 102.461830115000112, 11.834033178000084 ], [ 102.459061906000102, 11.835476477000043 ], [ 102.459813103000045, 11.837847226000179 ], [ 102.461830115000112, 11.834033178000084 ] ] ], [ [ [ 102.472039621000192, 11.839622017000181 ], [ 102.511869869000066, 11.826283247 ], [ 102.487927936, 11.812907808000091 ], [ 102.487319761000037, 11.789934611000035 ], [ 102.468114335000109, 11.811960501000101 ], [ 102.444096142000149, 11.811443326000074 ], [ 102.472039621000192, 11.839622017000181 ] ] ], [ [ [ 102.53298001800016, 11.842785591000109 ], [ 102.51904446900005, 11.832427480000092 ], [ 102.525666195000099, 11.855300837000186 ], [ 102.53298001800016, 11.842785591000109 ] ] ], [ [ [ 102.525183245000107, 11.856596598000181 ], [ 102.524405558000183, 11.856627610000089 ], [ 102.524640607000151, 11.857091997000055 ], [ 102.525183245000107, 11.856596598000181 ] ] ], [ [ [ 102.523564574000034, 11.858409221000159 ], [ 102.522864741000149, 11.858157827000127 ], [ 102.523004344000071, 11.858712 ], [ 102.523564574000034, 11.858409221000159 ] ] ], [ [ [ 102.453302015000077, 11.899791322000112 ], [ 102.449669355000026, 11.892887328000143 ], [ 102.447140990000037, 11.901669516000084 ], [ 102.453302015000077, 11.899791322000112 ] ] ], [ [ [ 102.397596712000166, 11.896563041999968 ], [ 102.404286846000048, 11.903220039000018 ], [ 102.417069421000122, 11.900770465000051 ], [ 102.397596712000166, 11.896563041999968 ] ] ], [ [ [ 102.474500158000126, 11.916717602000119 ], [ 102.470589995000125, 11.918193872000074 ], [ 102.471405262000189, 11.918904128 ], [ 102.474500158000126, 11.916717602000119 ] ] ], [ [ [ 102.364463452000166, 11.923973115000138 ], [ 102.348265914000081, 11.902178985000035 ], [ 102.343934347000072, 11.900301515000137 ], [ 102.348844826000175, 11.91747330600009 ], [ 102.364463452000166, 11.923973115000138 ] ] ], [ [ [ 102.411672433000149, 11.931515481000133 ], [ 102.409171303000164, 11.930204232000108 ], [ 102.409695824000096, 11.933276479000028 ], [ 102.411672433000149, 11.931515481000133 ] ] ], [ [ [ 102.409558230000073, 11.938870413000132 ], [ 102.406549394000194, 11.937650314000166 ], [ 102.408800067000186, 11.939756854 ], [ 102.409558230000073, 11.938870413000132 ] ] ], [ [ [ 102.447231218000184, 11.946055529999967 ], [ 102.446608888000071, 11.946536705000085 ], [ 102.446962518000191, 11.946632779000026 ], [ 102.447231218000184, 11.946055529999967 ] ] ], [ [ [ 102.40907570000013, 11.941697131000069 ], [ 102.403120399000045, 11.942172115000119 ], [ 102.402677951000044, 11.947010714000157 ], [ 102.40907570000013, 11.941697131000069 ] ] ], [ [ [ 102.441047965000109, 11.954321259999972 ], [ 102.443098854000084, 11.942763136000053 ], [ 102.436835969000128, 11.950455286000022 ], [ 102.441047965000109, 11.954321259999972 ] ] ], [ [ [ 102.489088208000112, 11.955188652000174 ], [ 102.501427614000193, 11.954841182 ], [ 102.48892680300014, 11.949159576000113 ], [ 102.489088208000112, 11.955188652000174 ] ] ], [ [ [ 102.473521448000156, 11.930280249000077 ], [ 102.466760901000043, 11.944013604000133 ], [ 102.478234106000173, 11.960653338000043 ], [ 102.48182562300002, 11.94614131700007 ], [ 102.473521448000156, 11.930280249000077 ] ] ], [ [ [ 102.509175145000029, 11.960628557000064 ], [ 102.508368966000035, 11.96069866900018 ], [ 102.508886731000189, 11.961000907000141 ], [ 102.509175145000029, 11.960628557000064 ] ] ], [ [ [ 102.512425743000051, 11.960636550000117 ], [ 102.514856843000132, 11.961458291000156 ], [ 102.515149176000079, 11.960716383000033 ], [ 102.512425743000051, 11.960636550000117 ] ] ], [ [ [ 102.447030357000187, 11.962039654000023 ], [ 102.448298893000185, 11.960689345000105 ], [ 102.446692464000193, 11.961270521000074 ], [ 102.447030357000187, 11.962039654000023 ] ] ], [ [ [ 102.492033622000065, 11.965825272000075 ], [ 102.489669801000161, 11.966957823000087 ], [ 102.492405941000072, 11.966756019000059 ], [ 102.492033622000065, 11.965825272000075 ] ] ], [ [ [ 102.50300814600007, 11.970351239000024 ], [ 102.502115911000033, 11.97057794 ], [ 102.502943843000139, 11.971052856000028 ], [ 102.50300814600007, 11.970351239000024 ] ] ], [ [ [ 102.389359642000045, 11.973729640000045 ], [ 102.393868271000144, 11.971779722000178 ], [ 102.391764695000177, 11.969342862000133 ], [ 102.389359642000045, 11.973729640000045 ] ] ], [ [ [ 102.383947724999985, 11.984615067000163 ], [ 102.386775420000106, 11.982582727000022 ], [ 102.388000764000083, 11.977543018000063 ], [ 102.383947724999985, 11.984615067000163 ] ] ], [ [ [ 102.388641985999982, 11.990999713000122 ], [ 102.38761862500013, 11.991270424000049 ], [ 102.388283230000184, 11.991808964000029 ], [ 102.388641985999982, 11.990999713000122 ] ] ], [ [ [ 102.269983965000051, 12.012789843000064 ], [ 102.26821809, 12.013444058000118 ], [ 102.26956191, 12.014235712000072 ], [ 102.269983965000051, 12.012789843000064 ] ] ], [ [ [ 102.280954816000133, 12.017475708000063 ], [ 102.285078834000103, 12.016040910000015 ], [ 102.284249075000105, 12.014715701000057 ], [ 102.280954816000133, 12.017475708000063 ] ] ], [ [ [ 102.265509270000052, 12.020421922000139 ], [ 102.263799785000117, 12.019965281000111 ], [ 102.265207429000043, 12.021002194000175 ], [ 102.265509270000052, 12.020421922000139 ] ] ], [ [ [ 102.263491844000157, 12.023898100000167 ], [ 102.261091321000038, 12.022639372000128 ], [ 102.261208419000127, 12.025085548 ], [ 102.263491844000157, 12.023898100000167 ] ] ], [ [ [ 102.280923276000181, 12.036173834000124 ], [ 102.281516355000122, 12.036387287000139 ], [ 102.281402677000131, 12.035830012000133 ], [ 102.280923276000181, 12.036173834000124 ] ] ], [ [ [ 102.280185243000119, 12.040408574000026 ], [ 102.278909497000086, 12.038474815000029 ], [ 102.27823053700007, 12.041326765000065 ], [ 102.280185243000119, 12.040408574000026 ] ] ], [ [ [ 102.426229684000134, 12.049521397000092 ], [ 102.424431626000057, 12.049379806000161 ], [ 102.423740900000098, 12.05156884500019 ], [ 102.426229684000134, 12.049521397000092 ] ] ], [ [ [ 102.422234712000034, 12.053567614000087 ], [ 102.423228642000197, 12.053169299000103 ], [ 102.423209499000109, 12.052484855000159 ], [ 102.422234712000034, 12.053567614000087 ] ] ], [ [ [ 102.248842372000013, 12.140343052999981 ], [ 102.246599112000069, 12.139114974000051 ], [ 102.246430821000104, 12.140827685000147 ], [ 102.248842372000013, 12.140343052999981 ] ] ], [ [ [ 102.251754543, 12.156834786 ], [ 102.352540517000193, 12.113383716000044 ], [ 102.39789264500007, 12.04794444900017 ], [ 102.391271834000179, 12.028660554000055 ], [ 102.40643597900015, 12.030613371000072 ], [ 102.44658215700008, 11.976653562000024 ], [ 102.43580563200004, 11.951940654 ], [ 102.382084482000096, 12.000556562000156 ], [ 102.369176366000033, 11.993438747000141 ], [ 102.377228001, 11.964178981000032 ], [ 102.316994680000107, 11.974472132000187 ], [ 102.314794079000194, 11.957388022000089 ], [ 102.291882920000148, 11.985307517000081 ], [ 102.290910315000076, 12.057997018000151 ], [ 102.249330162000092, 12.136867066000093 ], [ 102.269093443000088, 12.13273993700011 ], [ 102.26816169000017, 12.1450299440001 ], [ 102.251754543, 12.156834786 ] ] ], [ [ [ 102.2439083820002, 12.160224129000028 ], [ 102.249792904000174, 12.160068912000099 ], [ 102.24887386100005, 12.158303687000114 ], [ 102.2439083820002, 12.160224129000028 ] ] ], [ [ [ 102.340391060000059, 12.18682137899998 ], [ 102.337907682000093, 12.18740109099997 ], [ 102.338360768000143, 12.188975126000116 ], [ 102.340391060000059, 12.18682137899998 ] ] ], [ [ [ 102.276994985000158, 12.204704618000051 ], [ 102.276556734000053, 12.204319828000166 ], [ 102.276640408000048, 12.204905267000015 ], [ 102.276994985000158, 12.204704618000051 ] ] ], [ [ [ 102.276692220000029, 12.216726964000031 ], [ 102.277392117000147, 12.216678123000122 ], [ 102.277114240000174, 12.21629940300005 ], [ 102.276692220000029, 12.216726964000031 ] ] ] ] } },
{ "type": "Feature", "properties": { "adm1_name": "Chachoengsao", "adm1_name1": "ฉะเชิงเทรา", "adm1_pcode": "TH24" }, "geometry": { "type": "Polygon", "coordinates": [ [ [ 101.061198844000103, 13.976134411000089 ], [ 101.148247800000149, 13.961745055 ], [ 101.161110119000057, 13.925451695000049 ], [ 101.145694691000188, 13.892810345000044 ], [ 101.162189466000086, 13.892378892000124 ], [ 101.139440173000139, 13.884414954000022 ], [ 101.160886986000151, 13.863103641000066 ], [ 101.14994925000002, 13.851526843000158 ], [ 101.220822685000087, 13.886272505000022 ], [ 101.249693432000129, 13.866048281000133 ], [ 101.278519462000077, 13.878610327 ], [ 101.34250693700011, 13.859028844000136 ], [ 101.352401910000196, 13.869876583000178 ], [ 101.524254216000088, 13.786928274000047 ], [ 101.553615536000109, 13.792884991000051 ], [ 101.594813472, 13.735317240000086 ], [ 101.632622658, 13.748432358000059 ], [ 101.664577419000125, 13.733545278 ], [ 101.681600672000059, 13.756079884000087 ], [ 101.76630404500014, 13.768024622000041 ], [ 101.764395997000179, 13.751139036000041 ], [ 101.792563615000176, 13.732977601000016 ], [ 101.793528214000162, 13.705024666000099 ], [ 101.828264357000194, 13.705237237 ], [ 101.837290715000051, 13.691340315000048 ], [ 101.831984454000064, 13.636066240000105 ], [ 101.865721295000185, 13.631257925000114 ], [ 101.889431648000084, 13.582340902 ], [ 101.915071523000108, 13.585596376000069 ], [ 101.874646641000027, 13.528626449 ], [ 101.898502096000072, 13.511036094000076 ], [ 101.882329950000099, 13.485312082000064 ], [ 101.895066043000043, 13.471211655 ], [ 101.937172807000195, 13.477986555000143 ], [ 101.938515856000038, 13.443431395000061 ], [ 101.976831036000135, 13.408545680000088 ], [ 101.988903135000101, 13.333254906000036 ], [ 101.950144254000122, 13.29611642499998 ], [ 101.904684401000054, 13.287218711000094 ], [ 101.8918754500001, 13.226799989000085 ], [ 101.883479996000062, 13.236623706000103 ], [ 101.871651947000089, 13.223234971000124 ], [ 101.870508887000142, 13.252251235000017 ], [ 101.854556313000103, 13.254318986000158 ], [ 101.773288316000048, 13.184747092 ], [ 101.726452894000033, 13.178725467000163 ], [ 101.668059469000127, 13.273408358000097 ], [ 101.564411589000144, 13.331364399 ], [ 101.532400775000099, 13.426969185000075 ], [ 101.501907550000112, 13.410319475000051 ], [ 101.48993617900004, 13.444633272000146 ], [ 101.468178569000145, 13.424875226000097 ], [ 101.434568340000169, 13.449591880000071 ], [ 101.402318617, 13.450318323000033 ], [ 101.405449335000071, 13.471961925000073 ], [ 101.361113880000175, 13.463774618000116 ], [ 101.267274622000173, 13.567962745000102 ], [ 101.143525625000109, 13.589319000999978 ], [ 101.094036549000066, 13.553624121000155 ], [ 101.044623600000136, 13.559364735000088 ], [ 101.070899128000121, 13.535429597000189 ], [ 101.073842949000095, 13.50656556399997 ], [ 101.048752810000053, 13.508688751000079 ], [ 101.039263750000089, 13.48028173300014 ], [ 101.008504306000191, 13.460414069000137 ], [ 100.848439350000149, 13.478183094000144 ], [ 100.871561203000056, 13.49049952300004 ], [ 100.889719750000154, 13.564147655000056 ], [ 100.904037021000192, 13.554101382999988 ], [ 100.914974034000124, 13.570945924000114 ], [ 100.907139865000033, 13.592049031000101 ], [ 100.963883870000075, 13.644534625000119 ], [ 100.95582065100001, 13.66237977000003 ], [ 100.855068558000141, 13.699272504000078 ], [ 100.938516257000174, 13.814255677000062 ], [ 100.904204648000132, 13.848422871000025 ], [ 100.914146440000081, 13.961269283000092 ], [ 101.061198844000103, 13.976134411000089 ] ] ] } },
{ "type": "Feature", "properties": { "adm1_name": "Prachin Buri", "adm1_name1": "ปราจีนบุรี", "adm1_pcode": "TH25" }, "geometry": { "type": "Polygon", "coordinates": [ [ [ 101.488133759000107, 14.458353196000019 ], [ 101.531610331000081, 14.425833874000034 ], [ 101.611733034000167, 14.437220628000148 ], [ 101.741546790000086, 14.308390174000067 ], [ 101.748571841000057, 14.34884373 ], [ 101.788457415000096, 14.359743623000099 ], [ 101.812207493000187, 14.347730797000054 ], [ 101.84012229700005, 14.365228278000131 ], [ 101.877717395000104, 14.322598038000024 ], [ 101.929134697, 14.327145740000105 ], [ 101.945188484000198, 14.246775007000053 ], [ 101.981795362000014, 14.238435238000022 ], [ 101.966629371000124, 14.227591926000116 ], [ 102.1062059260002, 14.151759132000109 ], [ 102.089818251000054, 14.093105326000114 ], [ 102.126183168000011, 14.096016140000074 ], [ 102.122229525000193, 14.04419110300006 ], [ 102.086183026000128, 14.051253244000065 ], [ 102.075268885000071, 14.035061602999974 ], [ 101.961648100000161, 14.023251278000089 ], [ 101.937181434000138, 13.961974891000011 ], [ 101.951148889000194, 13.934116956000139 ], [ 101.92429123300019, 13.940284677000022 ], [ 101.907154472000059, 13.924817454000049 ], [ 101.904534569000134, 13.883023966000053 ], [ 101.928662808000126, 13.855643461000057 ], [ 101.923677217000034, 13.81605894900008 ], [ 101.947750570000096, 13.799836600000162 ], [ 101.935751426000081, 13.740798037000161 ], [ 101.942069189000165, 13.616550135000125 ], [ 101.909581207000031, 13.605340999000134 ], [ 101.916618527000196, 13.585965404000092 ], [ 101.889431648000084, 13.582340902 ], [ 101.865721295000185, 13.631257925000114 ], [ 101.831984454000064, 13.636066240000105 ], [ 101.831995051000149, 13.701911559 ], [ 101.793528214000162, 13.705024666000099 ], [ 101.792563615000176, 13.732977601000016 ], [ 101.758492156999978, 13.772730806000027 ], [ 101.725515647000179, 13.755123684000182 ], [ 101.679604285000039, 13.755267046000142 ], [ 101.664577419000125, 13.733545278 ], [ 101.632622658, 13.748432358000059 ], [ 101.594813472, 13.735317240000086 ], [ 101.553615536000109, 13.792884991000051 ], [ 101.524254216000088, 13.786928274000047 ], [ 101.352401910000196, 13.869876583000178 ], [ 101.34250693700011, 13.859028844000136 ], [ 101.278519462000077, 13.878610327 ], [ 101.249693432000129, 13.866048281000133 ], [ 101.220822685000087, 13.886272505000022 ], [ 101.222471985000141, 13.877199510000082 ], [ 101.147895013000152, 13.852924486000063 ], [ 101.160886986000151, 13.863103641000066 ], [ 101.139237210000147, 13.883280493000086 ], [ 101.161606809000091, 13.889351624000142 ], [ 101.14565076700012, 13.893059047000179 ], [ 101.160917212000186, 13.932872689000135 ], [ 101.137415139000097, 13.967422923000129 ], [ 101.138896664000185, 14.001284846000146 ], [ 101.196648124000149, 14.013682725000024 ], [ 101.214009593000014, 14.055741255000044 ], [ 101.278483214000119, 14.05484004300007 ], [ 101.321232206000104, 14.077255618000152 ], [ 101.288574262000168, 14.14953853600008 ], [ 101.382908404000091, 14.210717750000128 ], [ 101.382378084000095, 14.273515512000017 ], [ 101.413888652000139, 14.253717923000067 ], [ 101.501647413, 14.269145201000185 ], [ 101.496203309000066, 14.334109838000018 ], [ 101.473909972000172, 14.367318757000191 ], [ 101.432304258999977, 14.389491131000113 ], [ 101.44745111900005, 14.421188111000106 ], [ 101.436377856000149, 14.445958220000136 ], [ 101.488133759000107, 14.458353196000019 ] ] ] } },
{ "type": "Feature", "properties": { "adm1_name": "Nakhon Nayok", "adm1_name1": "นครนายก", "adm1_pcode": "TH26" }, "geometry": { "type": "Polygon", "coordinates": [ [ [ 101.282689164000146, 14.497348721000037 ], [ 101.30675895100012, 14.498078697000039 ], [ 101.312331597000025, 14.471356944000036 ], [ 101.366116636000186, 14.449195079000162 ], [ 101.422208880000198, 14.383705732000067 ], [ 101.474928497000121, 14.366393760000108 ], [ 101.505483810000101, 14.309000755000056 ], [ 101.501647413, 14.269145201000185 ], [ 101.413888652000139, 14.253717923000067 ], [ 101.381646972000169, 14.272911162000128 ], [ 101.382908404000091, 14.210717750000128 ], [ 101.288574262000168, 14.14953853600008 ], [ 101.321232206000104, 14.077255618000152 ], [ 101.278483214000119, 14.05484004300007 ], [ 101.213935728000024, 14.055700282000146 ], [ 101.196648124000149, 14.013682725000024 ], [ 101.138896664000185, 14.001284846000146 ], [ 101.140992818000086, 13.970671345000142 ], [ 100.91421818800012, 13.961278383000149 ], [ 100.913994596000123, 14.221475569 ], [ 100.946435768000072, 14.237134961000038 ], [ 100.951118146000056, 14.271684207000135 ], [ 101.015439116000039, 14.302173789000051 ], [ 101.048215188000142, 14.339875636000158 ], [ 101.063345323000135, 14.37569183100004 ], [ 101.053800934000094, 14.412730792000161 ], [ 101.085563756000056, 14.383128224000075 ], [ 101.146607217000167, 14.37381566900001 ], [ 101.165723853000031, 14.342375776999972 ], [ 101.210064189000093, 14.371997684000178 ], [ 101.202472934000184, 14.402987296000106 ], [ 101.213986516000148, 14.437140838000118 ], [ 101.230131867000125, 14.433983949000151 ], [ 101.225199308000128, 14.472369496000113 ], [ 101.242831722000119, 14.471104316000094 ], [ 101.272608435000109, 14.512482346000127 ], [ 101.282689164000146, 14.497348721000037 ] ] ] } },
{ "type": "Feature", "properties": { "adm1_name": "Sa Kaeo", "adm1_name1": "สระแก้ว", "adm1_pcode": "TH27" }, "geometry": { "type": "Polygon", "coordinates": [ [ [ 102.18769182300008, 14.196438389000036 ], [ 102.211926052000194, 14.173868707000111 ], [ 102.216186899000036, 14.145262024999965 ], [ 102.268604516000039, 14.14727995800007 ], [ 102.271912413000052, 14.128814562000059 ], [ 102.289030483000147, 14.135209475000124 ], [ 102.30776653900017, 14.120201190000046 ], [ 102.356620019000047, 14.131837763000021 ], [ 102.361944353000183, 14.166427498000189 ], [ 102.387742743000103, 14.144716134000191 ], [ 102.424212385000146, 14.158054409000101 ], [ 102.473485211000082, 14.131238205000159 ], [ 102.483002625000097, 14.142473043000166 ], [ 102.55022445200018, 14.134842006000156 ], [ 102.608127786000125, 14.171489801000064 ], [ 102.633578230000182, 14.14889832 ], [ 102.652587748000087, 14.165245125000126 ], [ 102.668471078000152, 14.158661906000134 ], [ 102.69670122399998, 14.130079864000152 ], [ 102.762503214000105, 14.138475978000088 ], [ 102.815053404000139, 14.170192715000042 ], [ 102.870953235000115, 14.146587499000077 ], [ 102.87911118400001, 14.176034461000029 ], [ 102.897783807, 14.163458574 ], [ 102.930356760000109, 14.175651232000064 ], [ 102.941737957000043, 14.154553118000024 ], [ 102.901229547000185, 14.082928737000145 ], [ 102.911633939000069, 14.017612406000183 ], [ 102.867599610000013, 14.004157716000179 ], [ 102.783251523999979, 13.932903563000025 ], [ 102.766962452000143, 13.856716186000085 ], [ 102.723600054000201, 13.792889298000148 ], [ 102.732239322000055, 13.773487238000087 ], [ 102.591033368000069, 13.706646260000184 ], [ 102.55119006200016, 13.665080750000072 ], [ 102.575459342000045, 13.629789477000088 ], [ 102.586425525000095, 13.630242700000053 ], [ 102.621153397000057, 13.613248164000083 ], [ 102.624541467000086, 13.608042897000075 ], [ 102.57997361300005, 13.605035533000091 ], [ 102.562795167000161, 13.578622227000096 ], [ 102.526667870000097, 13.564115224000147 ], [ 102.489647559000105, 13.572563045000038 ], [ 102.439156852000053, 13.560013890999983 ], [ 102.365346623000164, 13.577731923000158 ], [ 102.339077970000119, 13.556902202 ], [ 102.363270115000091, 13.505453144000171 ], [ 102.345250638000152, 13.347954404000177 ], [ 102.353574616, 13.298943492000035 ], [ 102.33261501800007, 13.31673914300012 ], [ 102.311471449000067, 13.287104504000183 ], [ 102.285157776000062, 13.304366798999979 ], [ 102.244804646000091, 13.285576967000168 ], [ 102.216215407000107, 13.311115066000127 ], [ 102.190020941000057, 13.29187851800009 ], [ 102.181260062000035, 13.31436243100012 ], [ 102.129625179000186, 13.336180395000042 ], [ 102.109060694000107, 13.264924186000087 ], [ 102.028290494000032, 13.236708263000082 ], [ 102.035447197000167, 13.283187486000088 ], [ 102.011876942000129, 13.290201541000158 ], [ 101.986049786000137, 13.335689946000059 ], [ 101.976831036000135, 13.408545680000088 ], [ 101.938515856000038, 13.443431395000061 ], [ 101.937172807000195, 13.477986555000143 ], [ 101.892092801000103, 13.472709675000146 ], [ 101.882064129000014, 13.491331810000077 ], [ 101.898502096000072, 13.511036094000076 ], [ 101.873390420000135, 13.524144223000064 ], [ 101.916640655000094, 13.586007428000187 ], [ 101.909581207000031, 13.605340999000134 ], [ 101.942069189000165, 13.616550135000125 ], [ 101.948305361000109, 13.665136614000062 ], [ 101.935751426000081, 13.740798037000161 ], [ 101.947730288, 13.800192501000026 ], [ 101.923677217000034, 13.81605894900008 ], [ 101.928662808000126, 13.855643461000057 ], [ 101.903920416000176, 13.907279103000121 ], [ 101.914542166000103, 13.937505587000146 ], [ 101.951148889000194, 13.934116956000139 ], [ 101.937181434000138, 13.961974891000011 ], [ 101.961648100000161, 14.023251278000089 ], [ 102.075268885000071, 14.035061602999974 ], [ 102.086183026000128, 14.051253244000065 ], [ 102.122229525000193, 14.04419110300006 ], [ 102.126183168000011, 14.096016140000074 ], [ 102.089818251000054, 14.093105326000114 ], [ 102.1062059260002, 14.151759132000109 ], [ 102.16520559900016, 14.140774190000172 ], [ 102.168908779000105, 14.178965952000055 ], [ 102.18769182300008, 14.196438389000036 ] ] ] } },
{ "type": "Feature", "properties": { "adm1_name": "Nakhon Ratchasima", "adm1_name1": "นครราชสีมา", "adm1_pcode": "TH30" }, "geometry": { "type": "Polygon", "coordinates": [ [ [ 102.314368561000151, 15.807083724000051 ], [ 102.363192669999989, 15.767419949000157 ], [ 102.361293193000165, 15.729928832000098 ], [ 102.374595222000039, 15.733887617000164 ], [ 102.417040983000049, 15.695652334000158 ], [ 102.512548348000166, 15.72830901400016 ], [ 102.555854203000138, 15.703514910000024 ], [ 102.609223380000174, 15.727921960000117 ], [ 102.638624398000104, 15.714841499000102 ], [ 102.691345158000047, 15.724086716000045 ], [ 102.6895588120002, 15.70260360900005 ], [ 102.716547881000167, 15.666057555000066 ], [ 102.747631612000134, 15.670197935000033 ], [ 102.779278206000072, 15.647894586000177 ], [ 102.767140144999985, 15.626389446000189 ], [ 102.780508595000128, 15.56367615500011 ], [ 102.81489512100012, 15.512875178000115 ], [ 102.86435463000015, 15.50807571200005 ], [ 102.882545196000137, 15.523100914000111 ], [ 102.925891063, 15.510595140000135 ], [ 102.927901661000135, 15.490818238000145 ], [ 102.945137542000055, 15.488227048000169 ], [ 102.936841214000196, 15.476408775000095 ], [ 102.978340958, 15.482181746000037 ], [ 103.012286820000099, 15.431566357000122 ], [ 102.992727401000081, 15.414151290000063 ], [ 102.970476585000085, 15.426742854000054 ], [ 102.951783112000157, 15.403831899000068 ], [ 102.955097403000195, 15.382733953000184 ], [ 102.986358065000161, 15.373947278000173 ], [ 102.984831986000074, 15.321608316000038 ], [ 102.952144021000095, 15.313304778000088 ], [ 102.967726586000197, 15.292225434000159 ], [ 102.955013657000165, 15.271419163000189 ], [ 102.959156164000035, 15.218893441000034 ], [ 102.974562579000121, 15.206923837000033 ], [ 102.966380423000089, 15.192840008000076 ], [ 102.898938541000177, 15.175426842000093 ], [ 102.887160631000199, 15.184672689000138 ], [ 102.823695597000153, 15.155048907000094 ], [ 102.761302473000171, 15.078282393000109 ], [ 102.804647130000149, 15.03980838800004 ], [ 102.781305616000111, 15.012337642000148 ], [ 102.713963184000079, 14.985200128000088 ], [ 102.696612539000057, 14.93372022799997 ], [ 102.600818699000115, 14.935371522000025 ], [ 102.558317201000193, 14.956722414000183 ], [ 102.545787626000049, 14.946877288000053 ], [ 102.567597826000053, 14.927263266000068 ], [ 102.543860821000067, 14.904368747000149 ], [ 102.552471645000026, 14.862318846 ], [ 102.533727886, 14.813937760000158 ], [ 102.500472046000198, 14.802491428000053 ], [ 102.457899286000043, 14.835097868000162 ], [ 102.439700326000036, 14.801999963000128 ], [ 102.476416585000152, 14.749240805000056 ], [ 102.460064617000057, 14.699059028000136 ], [ 102.475458531000072, 14.655388718000154 ], [ 102.466676370000073, 14.586097107 ], [ 102.495501681000064, 14.564802096000108 ], [ 102.481348030000049, 14.511968731000024 ], [ 102.610598488000107, 14.494087109000191 ], [ 102.599383661000047, 14.447600909000073 ], [ 102.569462649000059, 14.426716205000105 ], [ 102.562942698000199, 14.375135356000044 ], [ 102.602661336000097, 14.322517113000174 ], [ 102.642799106000041, 14.326604684000074 ], [ 102.686295433000112, 14.299173804000077 ], [ 102.538321110000084, 14.20216956400003 ], [ 102.498819198000035, 14.186075315000039 ], [ 102.476936399000181, 14.200027986000123 ], [ 102.453180009999983, 14.193729372000178 ], [ 102.434529488000123, 14.154589859000112 ], [ 102.388612713000157, 14.144521337000185 ], [ 102.359266644000058, 14.165854786000068 ], [ 102.357544626000049, 14.132937382000136 ], [ 102.334954721000145, 14.120626219000144 ], [ 102.2721137260001, 14.128732774000071 ], [ 102.268207719000145, 14.147367760000066 ], [ 102.216623526000035, 14.14498938700018 ], [ 102.211926052000194, 14.173868707000111 ], [ 102.186314143000175, 14.196617317000118 ], [ 102.166013055000178, 14.171726696000064 ], [ 102.167277855000179, 14.142607902 ], [ 102.137256703000105, 14.137107828000069 ], [ 101.966789120000101, 14.227386212000113 ], [ 101.982129398000154, 14.238100954000117 ], [ 101.944436541000073, 14.247699191000152 ], [ 101.930425322000133, 14.326302144000067 ], [ 101.877717395000104, 14.322598038000024 ], [ 101.838522974000171, 14.352468843 ], [ 101.840957413000069, 14.365129843000091 ], [ 101.812207493000187, 14.347730797000054 ], [ 101.788457415000096, 14.359743623000099 ], [ 101.748571841000057, 14.34884373 ], [ 101.741546790000086, 14.308390174000067 ], [ 101.604940178000163, 14.440305 ], [ 101.536380348000137, 14.425232897000114 ], [ 101.486872321000192, 14.462231871000029 ], [ 101.459997238000085, 14.456827940000153 ], [ 101.436234037000077, 14.445702012000083 ], [ 101.447405684999978, 14.420812624000064 ], [ 101.422208880000198, 14.383705732000067 ], [ 101.366116636000186, 14.449195079000162 ], [ 101.312331597000025, 14.471356944000036 ], [ 101.306407321000165, 14.498348530000101 ], [ 101.283751448000089, 14.489177521000045 ], [ 101.272608435000109, 14.512482346000127 ], [ 101.242831722000119, 14.471104316000094 ], [ 101.18103660100013, 14.543890524000062 ], [ 101.215832312000146, 14.59049179800013 ], [ 101.188731416000053, 14.749353902000109 ], [ 101.211000426000169, 14.756939446000104 ], [ 101.231728178000139, 14.731992332000118 ], [ 101.28062618600012, 14.726080671000091 ], [ 101.282502553000029, 14.745059167000079 ], [ 101.299413977000086, 14.737628229000052 ], [ 101.305009178000034, 14.756853989000092 ], [ 101.334132354000076, 14.766008408000175 ], [ 101.337605054000164, 14.787192071000106 ], [ 101.453871808000088, 14.863046264000161 ], [ 101.397395182000025, 15.087444177000179 ], [ 101.382024491000038, 15.331402546 ], [ 101.500699854000061, 15.356443951000074 ], [ 101.495755420000194, 15.375650816000075 ], [ 101.536785848000136, 15.403878905 ], [ 101.566055217000098, 15.371960618000116 ], [ 101.619101642000032, 15.370439562000172 ], [ 101.656836194000107, 15.401675431000115 ], [ 101.778581548000147, 15.383981149000022 ], [ 101.805110735000085, 15.42099945800004 ], [ 101.87875255300014, 15.389103257000158 ], [ 101.937362600000199, 15.456432178000057 ], [ 102.009650867000062, 15.457966165000073 ], [ 102.034961992000092, 15.477973081000016 ], [ 102.037984364000067, 15.548771920000149 ], [ 102.074617624000098, 15.624056292999967 ], [ 102.127986637000106, 15.651052857000082 ], [ 102.162462762000132, 15.726967230000184 ], [ 102.156049878000147, 15.741249817000039 ], [ 102.201536715000088, 15.739065013000072 ], [ 102.205044899000086, 15.757273355000109 ], [ 102.249864234000199, 15.750142042999983 ], [ 102.256312017000198, 15.781440224000107 ], [ 102.293061547000093, 15.78516610600002 ], [ 102.314368561000151, 15.807083724000051 ] ] ] } },
{ "type": "Feature", "properties": { "adm1_name": "Buri Ram", "adm1_name1": "บุรีรัมย์", "adm1_pcode": "TH31" }, "geometry": { "type": "Polygon", "coordinates": [ [ [ 102.930289822000077, 15.795136009000089 ], [ 102.941343326000037, 15.766128125000023 ], [ 103.005415893000134, 15.72863233400011 ], [ 103.007373976000054, 15.689232962000119 ], [ 102.974546528000133, 15.660777425 ], [ 103.026007358000072, 15.600394753000103 ], [ 103.052813223000157, 15.592746606000105 ], [ 103.045855681000035, 15.56413392900015 ], [ 103.090476255000112, 15.53343310200006 ], [ 103.072776001000193, 15.497539550000113 ], [ 103.110815845000104, 15.48423388100008 ], [ 103.115013786000077, 15.468620800999986 ], [ 103.089790782000193, 15.419716908000112 ], [ 103.118271222000146, 15.40149483600004 ], [ 103.138839696000048, 15.411869710000133 ], [ 103.163696820000098, 15.36462383300011 ], [ 103.156428782000035, 15.352586584000051 ], [ 103.194184731000121, 15.365853296000125 ], [ 103.196729026000071, 15.335494182000161 ], [ 103.211594442000091, 15.342885426000123 ], [ 103.219092048000164, 15.321247592000191 ], [ 103.251652995000143, 15.321849956000108 ], [ 103.248731423000152, 15.306673009000178 ], [ 103.283963658, 15.316661513999975 ], [ 103.287797504000139, 15.298413860000096 ], [ 103.349311017000105, 15.347193706999974 ], [ 103.403743298000165, 15.308363427000074 ], [ 103.4297404510001, 15.308907447000138 ], [ 103.446326728000145, 15.345036414000106 ], [ 103.47130400900005, 15.337702584999988 ], [ 103.485890031000054, 15.311184 ], [ 103.503100845000176, 15.313891911000042 ], [ 103.505436288000055, 15.291748332000111 ], [ 103.480185669000036, 15.295585075000076 ], [ 103.459605897000074, 15.25715257700017 ], [ 103.441081467000174, 15.26295092100014 ], [ 103.436023373000182, 15.206568685000093 ], [ 103.419006580000087, 15.201494458000127 ], [ 103.425455687000124, 15.106886186000054 ], [ 103.441664466000191, 15.10634505400003 ], [ 103.422565763000136, 15.065353138000148 ], [ 103.448014820000196, 15.0452724700001 ], [ 103.409544738000193, 15.003377016 ], [ 103.43057219300016, 14.978045902000019 ], [ 103.416757510000139, 14.958475962000136 ], [ 103.425557371000195, 14.928341066000087 ], [ 103.401771810000128, 14.919315986000129 ], [ 103.4046729370001, 14.897239426000112 ], [ 103.388993860000141, 14.894074364000062 ], [ 103.375340159000132, 14.859585229000061 ], [ 103.313685982000095, 14.810642451000092 ], [ 103.292164545999981, 14.811397694000107 ], [ 103.291544362000195, 14.784792793000179 ], [ 103.266515979000133, 14.767792296000152 ], [ 103.268613242000185, 14.699848485000189 ], [ 103.229510117000132, 14.64094297600019 ], [ 103.23857146500012, 14.617724459000101 ], [ 103.209964023000111, 14.576514542000041 ], [ 103.223250454000151, 14.546629023999969 ], [ 103.210999826000091, 14.542369505000067 ], [ 103.213655817000188, 14.50501694899998 ], [ 103.246656262000158, 14.441753255000094 ], [ 103.220457048000128, 14.403087333000087 ], [ 103.234153553000112, 14.393379978000098 ], [ 103.221383225000068, 14.378588184000137 ], [ 103.226199300000019, 14.326709882000102 ], [ 103.168452870000124, 14.33530847600008 ], [ 103.153555968000148, 14.313919134000116 ], [ 103.139469168000062, 14.32418528300019 ], [ 103.127289435000137, 14.302937575000044 ], [ 103.056654725000044, 14.285004864000143 ], [ 103.023720008000168, 14.230319503000089 ], [ 102.95444648300014, 14.208074242000066 ], [ 102.9587643710002, 14.197366957000099 ], [ 102.926817277999987, 14.172897587000023 ], [ 102.897783807, 14.163458574 ], [ 102.87911118400001, 14.176034461000029 ], [ 102.872027462000119, 14.146763738000175 ], [ 102.815053404000139, 14.170192715000042 ], [ 102.762503214000105, 14.138475978000088 ], [ 102.69670122399998, 14.130079864000152 ], [ 102.668471078000152, 14.158661906000134 ], [ 102.652587748000087, 14.165245125000126 ], [ 102.633578230000182, 14.14889832 ], [ 102.608127786000125, 14.171489801000064 ], [ 102.55022445200018, 14.134842006000156 ], [ 102.483002625000097, 14.142473043000166 ], [ 102.471337627000196, 14.131553097999983 ], [ 102.432664445000114, 14.14788289 ], [ 102.452822689000186, 14.193492952000156 ], [ 102.476936399000181, 14.200027986000123 ], [ 102.498819198000035, 14.186075315000039 ], [ 102.538321110000084, 14.20216956400003 ], [ 102.686295433000112, 14.299173804000077 ], [ 102.642799106000041, 14.326604684000074 ], [ 102.602661336000097, 14.322517113000174 ], [ 102.562942698000199, 14.375135356000044 ], [ 102.569462649000059, 14.426716205000105 ], [ 102.599383661000047, 14.447600909000073 ], [ 102.610598488000107, 14.494087109000191 ], [ 102.481348030000049, 14.511968731000024 ], [ 102.495501681000064, 14.564802096000108 ], [ 102.466676370000073, 14.586097107 ], [ 102.475458531000072, 14.655388718000154 ], [ 102.460064617000057, 14.699059028000136 ], [ 102.476416585000152, 14.749240805000056 ], [ 102.439700326000036, 14.801999963000128 ], [ 102.457899286000043, 14.835097868000162 ], [ 102.500472046000198, 14.802491428000053 ], [ 102.534231601000045, 14.814596428000129 ], [ 102.552849351000191, 14.865702013999964 ], [ 102.543860821000067, 14.904368747000149 ], [ 102.567597826000053, 14.927263266000068 ], [ 102.545787626000049, 14.946877288000053 ], [ 102.556401486000198, 14.955433742000139 ], [ 102.600818699000115, 14.935371522000025 ], [ 102.696612539000057, 14.93372022799997 ], [ 102.713963184000079, 14.985200128000088 ], [ 102.781305616000111, 15.012337642000148 ], [ 102.804647130000149, 15.03980838800004 ], [ 102.761302473000171, 15.078282393000109 ], [ 102.823695597000153, 15.155048907000094 ], [ 102.887160631000199, 15.184672689000138 ], [ 102.898938541000177, 15.175426842000093 ], [ 102.965604924000161, 15.192178202000036 ], [ 102.974562579000121, 15.206923837000033 ], [ 102.959015835000059, 15.219466305000026 ], [ 102.955114164000065, 15.272345340000186 ], [ 102.967878502000133, 15.290939432000187 ], [ 102.952112037000063, 15.31299943800002 ], [ 102.984831986000074, 15.321608316000038 ], [ 102.986358065000161, 15.373947278000173 ], [ 102.955097403000195, 15.382733953000184 ], [ 102.951738508000176, 15.403575557000124 ], [ 102.976487902000144, 15.429442093000034 ], [ 102.993403479999984, 15.414391954999985 ], [ 103.00979969500014, 15.438122059000023 ], [ 102.978340958, 15.482181746000037 ], [ 102.936841214000196, 15.476408775000095 ], [ 102.945137542000055, 15.488227048000169 ], [ 102.927901661000135, 15.490818238000145 ], [ 102.925891063, 15.510595140000135 ], [ 102.882545196000137, 15.523100914000111 ], [ 102.86435463000015, 15.50807571200005 ], [ 102.81489512100012, 15.512875178000115 ], [ 102.780521177000139, 15.563641332000145 ], [ 102.76714194200008, 15.626326680000147 ], [ 102.855287379000174, 15.636126861000037 ], [ 102.883716587000151, 15.667797050000047 ], [ 102.868858513000191, 15.686683599000162 ], [ 102.877398712000115, 15.771617196000079 ], [ 102.930289822000077, 15.795136009000089 ] ] ] } },
{ "type": "Feature", "properties": { "adm1_name": "Surin", "adm1_name1": "สุรินทร์", "adm1_pcode": "TH32" }, "geometry": { "type": "Polygon", "coordinates": [ [ [ 103.111403793000079, 15.481283650000137 ], [ 103.215418612000121, 15.461217991000183 ], [ 103.269510048000143, 15.423349023000185 ], [ 103.341471226000067, 15.405862918000139 ], [ 103.433483580000086, 15.454921453 ], [ 103.480155183000193, 15.452171300000089 ], [ 103.532396521000067, 15.426441892000014 ], [ 103.584541452000053, 15.467165647000058 ], [ 103.773978630000101, 15.434638015000075 ], [ 103.853143530000125, 15.466368826000121 ], [ 103.858755196000061, 15.449181264000174 ], [ 103.877404751000142, 15.468370559999983 ], [ 103.886377669000012, 15.45386815400019 ], [ 103.890399991000152, 15.469363371000156 ], [ 103.898591260000103, 15.441929797000114 ], [ 103.945641441000078, 15.438934207999978 ], [ 103.950840811000035, 15.412443948000032 ], [ 103.97437604300012, 15.426514260000147 ], [ 103.971199526000078, 15.407415637000099 ], [ 103.99369112100004, 15.39331945400005 ], [ 104.019203883000159, 15.411950053999988 ], [ 104.084280061000072, 15.384119750000025 ], [ 104.090796411000156, 15.348436772000071 ], [ 104.022834049000153, 15.331884457 ], [ 104.014985852000109, 15.289169167000125 ], [ 103.996524535000049, 15.295465912000054 ], [ 103.990820549000034, 15.268296241000087 ], [ 103.972575431000166, 15.279948260000083 ], [ 103.99683628300005, 15.251766557000053 ], [ 103.988194236000083, 15.22569940600016 ], [ 103.970410467000079, 15.22029805 ], [ 103.983899417000089, 15.201300684000046 ], [ 103.967196756000192, 15.164906576000078 ], [ 104.000149555000121, 15.14968441000002 ], [ 103.986535893999985, 15.129638533000104 ], [ 104.000399137000159, 15.120426925000174 ], [ 103.991899545000138, 15.090442297999971 ], [ 104.020511311000178, 15.078161692000151 ], [ 104.005435288, 15.059372189999976 ], [ 104.020511901000191, 15.043854338000187 ], [ 103.99481676500011, 15.016109026000095 ], [ 104.002146006000032, 14.996191931000169 ], [ 103.96692671500017, 14.973800205000032 ], [ 103.969928171000163, 14.950015169000039 ], [ 103.945828145000064, 14.943347408000022 ], [ 103.902007463000075, 14.848832465000157 ], [ 103.99546158600009, 14.798884875000169 ], [ 104.00127278500014, 14.725578365000104 ], [ 104.056207081000082, 14.651673137000103 ], [ 104.055407676000129, 14.579900380000026 ], [ 104.031985968000185, 14.54418872500014 ], [ 104.035099855000169, 14.498217821000026 ], [ 104.053597734000107, 14.494722195000179 ], [ 104.058063894000156, 14.469086243000163 ], [ 104.043520487000023, 14.36134245900007 ], [ 104.057122281000147, 14.343440557000179 ], [ 103.978837938000083, 14.353866553000046 ], [ 103.950116380000054, 14.349243934000071 ], [ 103.940093530000127, 14.329202166000073 ], [ 103.882501055000091, 14.337807830000145 ], [ 103.839468153000041, 14.371517020000169 ], [ 103.83081668, 14.351364538000041 ], [ 103.807713945000103, 14.350857463000125 ], [ 103.803145469000128, 14.367705119000163 ], [ 103.775643028000161, 14.360045305000028 ], [ 103.758229951000089, 14.376471430000151 ], [ 103.704226694, 14.377280767000059 ], [ 103.706918679000069, 14.432817015000069 ], [ 103.657499450000046, 14.437820114000033 ], [ 103.641886096000121, 14.421895422000091 ], [ 103.654360933000135, 14.409476158000132 ], [ 103.622789056000101, 14.397369083 ], [ 103.608449542000074, 14.416449815000135 ], [ 103.559657441000013, 14.42345527700013 ], [ 103.498683086000085, 14.397713747000125 ], [ 103.467489358000194, 14.364371980000158 ], [ 103.435170716000073, 14.390472638000062 ], [ 103.409096466000051, 14.357489207000071 ], [ 103.269099782000126, 14.349199102000114 ], [ 103.226199300000019, 14.326709882000102 ], [ 103.221383225000068, 14.378588184000137 ], [ 103.234153553000112, 14.393379978000098 ], [ 103.220457048000128, 14.403087333000087 ], [ 103.246656262000158, 14.441753255000094 ], [ 103.213655817000188, 14.50501694899998 ], [ 103.212822700000117, 14.593642297000088 ], [ 103.23857146500012, 14.617724459000101 ], [ 103.229510117000132, 14.64094297600019 ], [ 103.259666303000017, 14.671157734000133 ], [ 103.274474404000046, 14.736739137000029 ], [ 103.266420567000068, 14.767414712000175 ], [ 103.291544362000195, 14.784792793000179 ], [ 103.288146650000101, 14.807183837000082 ], [ 103.346206754000036, 14.830950424000036 ], [ 103.4046729370001, 14.897239426000112 ], [ 103.401905321000072, 14.919480912999973 ], [ 103.425495010000077, 14.92818134800018 ], [ 103.416757510000139, 14.958475962000136 ], [ 103.43057219300016, 14.978045902000019 ], [ 103.409544738000193, 15.003377016 ], [ 103.448014820000196, 15.0452724700001 ], [ 103.422565763000136, 15.065353138000148 ], [ 103.441664466000191, 15.10634505400003 ], [ 103.425455687000124, 15.106886186000054 ], [ 103.419138169, 15.202120138 ], [ 103.436023373000182, 15.206568685000093 ], [ 103.441304944000137, 15.263214457000061 ], [ 103.459605897000074, 15.25715257700017 ], [ 103.480185669000036, 15.295585075000076 ], [ 103.505436288000055, 15.291748332000111 ], [ 103.502781994000145, 15.314241928000172 ], [ 103.485890031000054, 15.311184 ], [ 103.47130400900005, 15.337702584999988 ], [ 103.447522495000044, 15.344926558000054 ], [ 103.428711263000196, 15.308456305000107 ], [ 103.403360611000039, 15.308493626000086 ], [ 103.349311017000105, 15.347193706999974 ], [ 103.287797504000139, 15.298413860000096 ], [ 103.283963658, 15.316661513999975 ], [ 103.248731423000152, 15.306673009000178 ], [ 103.251652995000143, 15.321849956000108 ], [ 103.219092048000164, 15.321247592000191 ], [ 103.211594442000091, 15.342885426000123 ], [ 103.196729026000071, 15.335494182000161 ], [ 103.194184731000121, 15.365853296000125 ], [ 103.156428782000035, 15.352586584000051 ], [ 103.163696820000098, 15.36462383300011 ], [ 103.138839696000048, 15.411869710000133 ], [ 103.118271222000146, 15.40149483600004 ], [ 103.089335058000131, 15.421250474000033 ], [ 103.110758584000109, 15.450115843000106 ], [ 103.111403793000079, 15.481283650000137 ] ] ] } },
{ "type": "Feature", "properties": { "adm1_name": "Si Sa Ket", "adm1_name1": "ศรีสะเกษ", "adm1_pcode": "TH33" }, "geometry": { "type": "Polygon", "coordinates": [ [ [ 104.105224797000062, 15.568261304000146 ], [ 104.128651248000097, 15.560456750000071 ], [ 104.132829720000132, 15.512246981000089 ], [ 104.174287837000179, 15.46162367800008 ], [ 104.197076842000058, 15.454926115000035 ], [ 104.243548855000142, 15.378345575000026 ], [ 104.29662890600008, 15.344770254000082 ], [ 104.35343323799998, 15.344682622000164 ], [ 104.369670480000195, 15.32126150900018 ], [ 104.38376101800003, 15.329562069000076 ], [ 104.382222469000055, 15.294660397000087 ], [ 104.524924078000197, 15.252468904000125 ], [ 104.57681102700019, 15.251970616000108 ], [ 104.609109973000045, 15.282055916 ], [ 104.615540682000017, 15.263626664000185 ], [ 104.642497056000195, 15.272496242000045 ], [ 104.646955701000081, 15.238777026000037 ], [ 104.665366985000048, 15.231866552000099 ], [ 104.652121200000181, 15.246467544999973 ], [ 104.664609043000041, 15.257833193000181 ], [ 104.679279503000089, 15.226351182000087 ], [ 104.695716977000131, 15.224674553 ], [ 104.681107533000159, 15.202072287000021 ], [ 104.718454626000039, 15.18950071200004 ], [ 104.698217075000059, 15.158052461000068 ], [ 104.736594589, 15.163379684000063 ], [ 104.679480020000085, 15.12331822100009 ], [ 104.670202969000115, 15.098741552000092 ], [ 104.688725899000076, 15.100040321 ], [ 104.676251003000118, 15.085311814000022 ], [ 104.693115717000012, 15.08309309100008 ], [ 104.686252262000153, 15.042872194999973 ], [ 104.66941319100016, 15.03238710300019 ], [ 104.683954589000166, 14.952394891000154 ], [ 104.720492407000165, 14.925605063000091 ], [ 104.734868470000094, 14.938227278000056 ], [ 104.777924202000065, 14.898837267999966 ], [ 104.805375472000151, 14.897818838000092 ], [ 104.816572929000188, 14.85556508600007 ], [ 104.798017422999976, 14.804909961000021 ], [ 104.820333940000069, 14.752952315000186 ], [ 104.876495396999985, 14.700193656000067 ], [ 104.891117660000077, 14.652002532000097 ], [ 104.848390566000091, 14.659104860000127 ], [ 104.827111396000191, 14.607991827000092 ], [ 104.815532192000092, 14.551239719000023 ], [ 104.862008304000085, 14.499051370000132 ], [ 104.859820757000193, 14.471969429000183 ], [ 104.82854610000004, 14.442751253999973 ], [ 104.851298587000144, 14.423897643000146 ], [ 104.876390657000059, 14.437062144000038 ], [ 104.90710547700013, 14.399177843000075 ], [ 104.871093283000164, 14.417314142000123 ], [ 104.841286689000071, 14.403104515000109 ], [ 104.805125712000063, 14.437263150000149 ], [ 104.753001947000087, 14.402759094000032 ], [ 104.734781288000192, 14.413126949000173 ], [ 104.72540715000008, 14.401728132000187 ], [ 104.709288603000061, 14.431575416999976 ], [ 104.679604361000145, 14.390568982000048 ], [ 104.645545275000075, 14.422671806000039 ], [ 104.56291544200019, 14.351986821000082 ], [ 104.50145881800006, 14.373852288000137 ], [ 104.465368249000051, 14.344850322000184 ], [ 104.461790647000157, 14.359474779999971 ], [ 104.415886253000053, 14.37167572400017 ], [ 104.332220844000119, 14.368833751000125 ], [ 104.276170615000126, 14.408600014000115 ], [ 104.220105508000131, 14.36678767300009 ], [ 104.189077845000156, 14.383254566000062 ], [ 104.17308868300006, 14.375977826000167 ], [ 104.176159257000108, 14.358557305000033 ], [ 104.140988204000166, 14.352147655000067 ], [ 104.13043409900007, 14.37564523400016 ], [ 104.067662976000179, 14.342289337000125 ], [ 104.043616539000197, 14.360928493000074 ], [ 104.059049079000033, 14.46028498700008 ], [ 104.053659111000115, 14.494629927000176 ], [ 104.035099855000169, 14.498217821000026 ], [ 104.031985968000185, 14.54418872500014 ], [ 104.055407676000129, 14.579900380000026 ], [ 104.056207081000082, 14.651673137000103 ], [ 104.00127278500014, 14.725578365000104 ], [ 103.99546158600009, 14.798884875000169 ], [ 103.902007463000075, 14.848832465000157 ], [ 103.945828145000064, 14.943347408000022 ], [ 103.969928171000163, 14.950015169000039 ], [ 103.96692671500017, 14.973800205000032 ], [ 104.002146006000032, 14.996191931000169 ], [ 103.99481676500011, 15.016109026000095 ], [ 104.020511901000191, 15.043854338000187 ], [ 104.005435288, 15.059372189999976 ], [ 104.020511311000178, 15.078161692000151 ], [ 103.991899545000138, 15.090442297999971 ], [ 104.000399137000159, 15.120426925000174 ], [ 103.986535893999985, 15.129638533000104 ], [ 104.000149555000121, 15.14968441000002 ], [ 103.967196756000192, 15.164906576000078 ], [ 103.983899417000089, 15.201300684000046 ], [ 103.970410467000079, 15.22029805 ], [ 103.988194236000083, 15.22569940600016 ], [ 103.99683628300005, 15.251766557000053 ], [ 103.972713807000048, 15.280344381000077 ], [ 103.992283393000093, 15.268923014000165 ], [ 103.996524535000049, 15.295465912000054 ], [ 104.015300778000039, 15.28963062400004 ], [ 104.022834049000153, 15.331884457 ], [ 104.090796411000156, 15.348436772000071 ], [ 104.08464078999998, 15.383572636000054 ], [ 104.059988396000051, 15.405257533000054 ], [ 104.050668133999977, 15.395661427999983 ], [ 104.0041728, 15.410030539000104 ], [ 103.993483902000037, 15.393530041000133 ], [ 103.995713542000146, 15.447069486000032 ], [ 104.059976043000177, 15.502419313000189 ], [ 104.082082549000177, 15.547784555000078 ], [ 104.105624050000131, 15.546683788000053 ], [ 104.105224797000062, 15.568261304000146 ] ] ] } },
{ "type": "Feature", "properties": { "adm1_name": "Ubon Ratchathani", "adm1_name1": "อุบลราชธานี", "adm1_pcode": "TH34" }, "geometry": { "type": "Polygon", "coordinates": [ [ [ 105.041800416000058, 16.093761451000091 ], [ 105.219400668000048, 16.047822198000176 ], [ 105.41800489600007, 16.011983875000055 ], [ 105.425055383000199, 15.990515783000149 ], [ 105.376053833000128, 15.982629966000047 ], [ 105.342766482000059, 15.921657310000171 ], [ 105.392670328000179, 15.805427007000162 ], [ 105.419802398000115, 15.789435895999986 ], [ 105.435616261, 15.754993343000137 ], [ 105.467585931000201, 15.745767065000052 ], [ 105.507085335999989, 15.766848862000074 ], [ 105.599166811000146, 15.722490131000029 ], [ 105.636964518000184, 15.646401897000032 ], [ 105.624977129000172, 15.563698172000045 ], [ 105.593076918000122, 15.509981428000117 ], [ 105.602996991000168, 15.479599098 ], [ 105.591705581000099, 15.42543196500003 ], [ 105.561322452000184, 15.3988874960001 ], [ 105.492957516000104, 15.385804741000072 ], [ 105.467678650000153, 15.349577684000167 ], [ 105.50387060200012, 15.315858220000109 ], [ 105.574220986000171, 15.328528046000031 ], [ 105.584812918000068, 15.315552014000048 ], [ 105.583702258000017, 15.260114036000175 ], [ 105.540187647000039, 15.251674304000119 ], [ 105.494227267000099, 15.204137177000177 ], [ 105.469104847000153, 15.158472047000146 ], [ 105.485827353000161, 15.149891805000038 ], [ 105.467692308000039, 15.132451872000104 ], [ 105.484134890000178, 15.096792025000184 ], [ 105.515683569000089, 15.085103014000026 ], [ 105.514011319000076, 15.063654453000026 ], [ 105.554632466000157, 15.064221597000028 ], [ 105.546874260000038, 15.038397392000036 ], [ 105.572436310000114, 15.020604327000171 ], [ 105.574895168000182, 14.998534659000029 ], [ 105.624527381000064, 14.975292772000159 ], [ 105.583443963000093, 14.940788106000184 ], [ 105.554135255000119, 14.953174355000158 ], [ 105.545564694000063, 14.92593469600007 ], [ 105.579973731000166, 14.878591989000086 ], [ 105.54817982000003, 14.872245436000128 ], [ 105.559728462000066, 14.839250141000093 ], [ 105.536983117000091, 14.819051701000035 ], [ 105.519280844000093, 14.822757369000044 ], [ 105.511274437000111, 14.799279346 ], [ 105.525234493000198, 14.782873904000098 ], [ 105.512865964000127, 14.753295901 ], [ 105.54695574700014, 14.730973750000032 ], [ 105.520579209000118, 14.727759981000133 ], [ 105.515518459000077, 14.697188602000097 ], [ 105.527427548000048, 14.679701698000088 ], [ 105.517627407000134, 14.652493785000161 ], [ 105.542313778000164, 14.620670513000164 ], [ 105.530097120000107, 14.608180600000139 ], [ 105.533948245000147, 14.554765746000157 ], [ 105.480870903000039, 14.506393759000048 ], [ 105.488982183000076, 14.499998882000057 ], [ 105.429677962000142, 14.415942724000161 ], [ 105.40781637300006, 14.423878836000085 ], [ 105.357235737999986, 14.385656312000151 ], [ 105.319346838000172, 14.393124713000191 ], [ 105.303068784000118, 14.36591959600014 ], [ 105.280714307000153, 14.353578050000067 ], [ 105.253439140000182, 14.36156711600006 ], [ 105.227167958000052, 14.332755184000064 ], [ 105.174727531000087, 14.343283810000059 ], [ 105.176109288000134, 14.31175371900008 ], [ 105.143521110000108, 14.262003335000088 ], [ 105.153452510000079, 14.251754910000045 ], [ 105.083035559000109, 14.209348515000102 ], [ 105.050218871000197, 14.214561635000109 ], [ 105.022288703000129, 14.241714669000032 ], [ 105.002306106999981, 14.301578527 ], [ 104.981519672000104, 14.319731415999968 ], [ 105.001473147000183, 14.362357623000037 ], [ 104.991811926000082, 14.3795650940001 ], [ 104.959322135000093, 14.390928573000053 ], [ 104.948946285000147, 14.381324162 ], [ 104.90710547700013, 14.399177843000075 ], [ 104.876390657000059, 14.437062144000038 ], [ 104.851298587000144, 14.423897643000146 ], [ 104.828938287000085, 14.441338457000086 ], [ 104.859820757000193, 14.471969429000183 ], [ 104.862008304000085, 14.499051370000132 ], [ 104.815532192000092, 14.551239719000023 ], [ 104.827111396000191, 14.607991827000092 ], [ 104.848390566000091, 14.659104860000127 ], [ 104.891117660000077, 14.652002532000097 ], [ 104.876495396999985, 14.700193656000067 ], [ 104.820333940000069, 14.752952315000186 ], [ 104.798017422999976, 14.804909961000021 ], [ 104.816572929000188, 14.85556508600007 ], [ 104.805375472000151, 14.897818838000092 ], [ 104.777924202000065, 14.898837267999966 ], [ 104.734868470000094, 14.938227278000056 ], [ 104.720492407000165, 14.925605063000091 ], [ 104.683954589000166, 14.952394891000154 ], [ 104.66941319100016, 15.03238710300019 ], [ 104.686252262000153, 15.042872194999973 ], [ 104.693115717000012, 15.08309309100008 ], [ 104.676251003000118, 15.085311814000022 ], [ 104.688725899000076, 15.100040321 ], [ 104.670202969000115, 15.098741552000092 ], [ 104.679334926000138, 15.123174934000076 ], [ 104.735934733000136, 15.165485139000054 ], [ 104.698217075000059, 15.158052461000068 ], [ 104.717813357000182, 15.191848485000037 ], [ 104.682056183000157, 15.200923070000101 ], [ 104.695858796000039, 15.22444003600009 ], [ 104.679279503000089, 15.226351182000087 ], [ 104.664609043000041, 15.257833193000181 ], [ 104.652121200000181, 15.246467544999973 ], [ 104.662483298000097, 15.240745300000015 ], [ 104.665366985000048, 15.231866552000099 ], [ 104.646567412000195, 15.239039795000053 ], [ 104.640875353000069, 15.27359708 ], [ 104.615540682000017, 15.263626664000185 ], [ 104.609109973000045, 15.282055916 ], [ 104.57681102700019, 15.251970616000108 ], [ 104.524924078000197, 15.252468904000125 ], [ 104.406728989000158, 15.289305787000103 ], [ 104.408892206000189, 15.324471050999989 ], [ 104.446856228000058, 15.344995309000183 ], [ 104.433495919000109, 15.346882544000096 ], [ 104.438538427000083, 15.36019478500009 ], [ 104.436889603000054, 15.373219127000027 ], [ 104.43188087600015, 15.37802812700005 ], [ 104.41828854400012, 15.365910493000172 ], [ 104.406986345000178, 15.388017468000101 ], [ 104.382963071, 15.393459884000094 ], [ 104.386188663000098, 15.442678208000132 ], [ 104.371584244000076, 15.458049118000076 ], [ 104.390391848000149, 15.490415271000131 ], [ 104.383608106, 15.530357718000118 ], [ 104.399375600000042, 15.545906247000119 ], [ 104.419415258000129, 15.535888469000099 ], [ 104.441679187000034, 15.554826307000098 ], [ 104.481184519000067, 15.537046862000068 ], [ 104.503225969000198, 15.568753197000092 ], [ 104.546588709000162, 15.542223463000028 ], [ 104.585324812000181, 15.565951884000185 ], [ 104.579835228000036, 15.604826658000093 ], [ 104.637434483000106, 15.646958945000108 ], [ 104.60227482300013, 15.671337029000085 ], [ 104.625304256000163, 15.689431975 ], [ 104.728793419000056, 15.647793324000133 ], [ 104.742265598000188, 15.658112140000014 ], [ 104.746252074000154, 15.641366440000013 ], [ 104.787921670000173, 15.621012158000099 ], [ 104.795231486000148, 15.595540183000082 ], [ 104.811149468000053, 15.606362425000043 ], [ 104.82262887100012, 15.585817684000062 ], [ 104.8619167720002, 15.580492128000117 ], [ 104.876671221000151, 15.56254927700013 ], [ 104.863438430000144, 15.557301296000162 ], [ 104.869735532000163, 15.538475080000126 ], [ 104.881339725000089, 15.538976850999973 ], [ 104.895770970000171, 15.563891063000142 ], [ 104.884554547000164, 15.572070860000053 ], [ 104.925738958000068, 15.60230130500014 ], [ 104.933530121, 15.638060668999969 ], [ 104.894936160000157, 15.653524268000012 ], [ 104.903888944000187, 15.753561554000044 ], [ 104.959936950000099, 15.791919281000048 ], [ 104.963411098000108, 15.860974482000131 ], [ 105.025636874000099, 15.981681854000101 ], [ 105.0066061980001, 16.031926974000044 ], [ 105.041800416000058, 16.093761451000091 ] ] ] } },
{ "type": "Feature", "properties": { "adm1_name": "Yasothon", "adm1_name1": "ยโสธร", "adm1_pcode": "TH35" }, "geometry": { "type": "Polygon", "coordinates": [ [ [ 104.395216401000084, 16.348429261000035 ], [ 104.49965039000017, 16.339868091000085 ], [ 104.510816357000067, 16.31697578100011 ], [ 104.550477073000195, 16.312272298000039 ], [ 104.555883550000146, 16.261485499000173 ], [ 104.597551472000191, 16.241952679000178 ], [ 104.613487479000071, 16.216422291000015 ], [ 104.643103623000059, 16.215568827000141 ], [ 104.663346312000101, 16.243951980000134 ], [ 104.70368200200005, 16.207449868000083 ], [ 104.762478058000113, 16.199213506000035 ], [ 104.789273044000083, 16.157404695000082 ], [ 104.82500879000014, 16.155199537999977 ], [ 104.807317381000132, 16.09463482700005 ], [ 104.780815315000098, 16.113993976000188 ], [ 104.730382853000151, 16.10099459800017 ], [ 104.66097524800017, 16.123408712000014 ], [ 104.561924714000099, 16.098562941000125 ], [ 104.515184386000101, 16.025644568000189 ], [ 104.532591706000119, 15.999937599000077 ], [ 104.505304228000114, 15.982057215000168 ], [ 104.505104771000049, 15.951326340999969 ], [ 104.454821974000083, 15.90134398400005 ], [ 104.460665620999976, 15.843393454000136 ], [ 104.43586182700011, 15.811990626000124 ], [ 104.419027357000061, 15.697851919000186 ], [ 104.44110775300004, 15.699172241000156 ], [ 104.439642017000097, 15.61830063300016 ], [ 104.464450175000138, 15.628227408000043 ], [ 104.462328619000118, 15.589168301000086 ], [ 104.505307742000014, 15.586936598000079 ], [ 104.51249240900006, 15.564639647999968 ], [ 104.498788711000202, 15.568314968000152 ], [ 104.481184519000067, 15.537046862000068 ], [ 104.441679187000034, 15.554826307000098 ], [ 104.431105468000112, 15.53880184500008 ], [ 104.39962703499998, 15.54600644900006 ], [ 104.383685808000052, 15.530567743 ], [ 104.390391848000149, 15.490415271000131 ], [ 104.371584244000076, 15.458049118000076 ], [ 104.386188663000098, 15.442678208000132 ], [ 104.38225137, 15.394812306000119 ], [ 104.407418296000117, 15.387672441000063 ], [ 104.41828854400012, 15.365910493000172 ], [ 104.43188087600015, 15.37802812700005 ], [ 104.433495919000109, 15.346882544000096 ], [ 104.446921137000174, 15.344522532000042 ], [ 104.408892206000189, 15.324471050999989 ], [ 104.406728989000158, 15.289305787000103 ], [ 104.382222469000055, 15.294660397000087 ], [ 104.38376101800003, 15.329562069000076 ], [ 104.369670480000195, 15.32126150900018 ], [ 104.35343323799998, 15.344682622000164 ], [ 104.304474158000119, 15.342088794000119 ], [ 104.247127491000128, 15.375140179000027 ], [ 104.197076842000058, 15.454926115000035 ], [ 104.174287837000179, 15.46162367800008 ], [ 104.132829720000132, 15.512246981000089 ], [ 104.141186619000166, 15.528667011000152 ], [ 104.122028726000167, 15.577795887000093 ], [ 104.213496287000112, 15.615460797000026 ], [ 104.187340762000076, 15.609002646000079 ], [ 104.190614711000137, 15.633025590000045 ], [ 104.170052651000049, 15.632529559000091 ], [ 104.171932076000189, 15.660161509000034 ], [ 104.187531675000116, 15.665453578000097 ], [ 104.152079813000114, 15.690740363999964 ], [ 104.148299215000122, 15.712155727000095 ], [ 104.128198268000119, 15.696047966000037 ], [ 104.118103325000163, 15.702187221000031 ], [ 104.141802003000066, 15.751462940000124 ], [ 104.12746937999998, 15.768407637000166 ], [ 104.134697942000173, 15.799410411999986 ], [ 104.07433938000014, 15.839401470000041 ], [ 104.07827256000013, 15.819991315000152 ], [ 104.03471023200018, 15.796135417000187 ], [ 104.001156745000117, 15.795069764000061 ], [ 103.997465471000055, 15.813147050000055 ], [ 104.014146979000088, 15.817417961000046 ], [ 104.007262722000064, 15.83117603400018 ], [ 104.029158745000132, 15.859317159000057 ], [ 104.019855276000158, 15.867340976000037 ], [ 104.036614127000064, 15.86778724200019 ], [ 104.015046967000103, 15.886051755000153 ], [ 104.036077619000082, 15.93960687800012 ], [ 104.026501769000049, 15.961134111000035 ], [ 104.011884487000088, 15.953807273000109 ], [ 104.02019444400014, 15.976476772000012 ], [ 104.061277152000116, 15.988230382000154 ], [ 104.094718906000026, 15.976970153000082 ], [ 104.106873005000182, 15.990995481000084 ], [ 104.114087336000125, 16.035663429000181 ], [ 104.095215837000069, 16.074995160000128 ], [ 104.108747562000133, 16.107157978000146 ], [ 104.137711635000016, 16.109749806000025 ], [ 104.173130029000106, 16.148044914000081 ], [ 104.221089391000078, 16.160531403000164 ], [ 104.249972702000093, 16.219020323000052 ], [ 104.328034819000038, 16.270370743000115 ], [ 104.349585089000186, 16.327320015000168 ], [ 104.395216401000084, 16.348429261000035 ] ] ] } },
{ "type": "Feature", "properties": { "adm1_name": "Chaiyaphum", "adm1_name1": "ชัยภูมิ", "adm1_pcode": "TH36" }, "geometry": { "type": "Polygon", "coordinates": [ [ [ 101.560348176000105, 16.728491696000162 ], [ 101.585548564000135, 16.722686097000064 ], [ 101.620194325000114, 16.684866863000082 ], [ 101.688590475000126, 16.686693402000117 ], [ 101.724593790000199, 16.652022209000165 ], [ 101.750816568000062, 16.667821305000189 ], [ 101.753727425000136, 16.652336565000041 ], [ 101.778983514, 16.646949604000099 ], [ 101.774327984000138, 16.639882426000156 ], [ 101.77423759300018, 16.628688235000027 ], [ 101.832118759000082, 16.658450989000073 ], [ 101.905379341000184, 16.62803403300012 ], [ 101.948414648000153, 16.634678384000154 ], [ 101.977370952000058, 16.609972045000063 ], [ 101.98824714400007, 16.566020574000163 ], [ 102.02343649400018, 16.558522881000044 ], [ 102.031509104000065, 16.521065408000084 ], [ 102.072764229000143, 16.503199851999966 ], [ 102.067810637000093, 16.493606035000141 ], [ 102.158470043000079, 16.503331287000094 ], [ 102.17267561500006, 16.491671224000186 ], [ 102.203784155000051, 16.50440786300004 ], [ 102.255400463000058, 16.461027503000025 ], [ 102.300517139000192, 16.445046876 ], [ 102.365125741000156, 16.452984174 ], [ 102.37496219000019, 16.434812509999972 ], [ 102.399066781000045, 16.446596947000103 ], [ 102.394217134000144, 16.458877132000168 ], [ 102.400839217000168, 16.467532722000101 ], [ 102.415734139000108, 16.422485361000099 ], [ 102.458867689000158, 16.394687811000153 ], [ 102.410818336000091, 16.2712461590001 ], [ 102.41783427200005, 16.253120702000047 ], [ 102.280703549000066, 16.077533225000082 ], [ 102.302348254000094, 16.038313078000158 ], [ 102.338478897000016, 16.038645426000073 ], [ 102.355093070000066, 16.005144499000153 ], [ 102.386760416000129, 15.99340716200004 ], [ 102.365467780000131, 15.965430615000116 ], [ 102.374699514000156, 15.946287781000024 ], [ 102.355006830000036, 15.930753027000037 ], [ 102.353307762000156, 15.900721281000131 ], [ 102.320296077000137, 15.865415556000073 ], [ 102.327835103000098, 15.803809955000133 ], [ 102.256496643000162, 15.781572945 ], [ 102.252957312000149, 15.752886605000072 ], [ 102.232374681000067, 15.743392174000064 ], [ 102.205044899000086, 15.757273355000109 ], [ 102.201536715000088, 15.739065013000072 ], [ 102.156049878000147, 15.741249817000039 ], [ 102.162462762000132, 15.726967230000184 ], [ 102.127986637000106, 15.651052857000082 ], [ 102.074617624000098, 15.624056292999967 ], [ 102.037984364000067, 15.548771920000149 ], [ 102.033037395000122, 15.475668379000126 ], [ 102.009650867000062, 15.457966165000073 ], [ 101.937362600000199, 15.456432178000057 ], [ 101.87875255300014, 15.389103257000158 ], [ 101.805110735000085, 15.42099945800004 ], [ 101.778581548000147, 15.383981149000022 ], [ 101.656836194000107, 15.401675431000115 ], [ 101.619101642000032, 15.370439562000172 ], [ 101.566055217000098, 15.371960618000116 ], [ 101.536785848000136, 15.403878905 ], [ 101.495755420000194, 15.375650816000075 ], [ 101.500699854000061, 15.356443951000074 ], [ 101.382024491000038, 15.331402546 ], [ 101.385707099000115, 15.486544810000055 ], [ 101.36997476300013, 15.593195133000052 ], [ 101.404428954000082, 15.739287338999986 ], [ 101.336020376000135, 15.752899391000028 ], [ 101.317575327000156, 15.791789027000107 ], [ 101.331426115000056, 15.804635713999971 ], [ 101.332465068000147, 15.881669610000074 ], [ 101.374581128000159, 15.918389318000152 ], [ 101.36062849200016, 15.923494456000128 ], [ 101.377812428000141, 15.989398620000031 ], [ 101.364975526000137, 16.075004079000053 ], [ 101.346046374000139, 16.06924519800009 ], [ 101.334526267000058, 16.102087570000037 ], [ 101.344475936000038, 16.157104087999983 ], [ 101.379958702000124, 16.188204015999986 ], [ 101.373569066000073, 16.241492577000088 ], [ 101.354683107000199, 16.25991976500012 ], [ 101.371699942000134, 16.274499820000074 ], [ 101.377764217000163, 16.348541806000014 ], [ 101.409071887000096, 16.383079658999975 ], [ 101.400914359000183, 16.401638253000044 ], [ 101.473507017000145, 16.477199922000068 ], [ 101.472023290000038, 16.52891419000008 ], [ 101.519536844000072, 16.549588231000087 ], [ 101.494187876000183, 16.570942043000173 ], [ 101.500085453000111, 16.609535656000105 ], [ 101.526263460000052, 16.620795601000168 ], [ 101.511119029000156, 16.678919660000133 ], [ 101.571748797000055, 16.648255541000083 ], [ 101.57871929200013, 16.670079286000032 ], [ 101.551969204000159, 16.715349661000175 ], [ 101.560348176000105, 16.728491696000162 ] ] ] } },
{ "type": "Feature", "properties": { "adm1_name": "Amnat Charoen", "adm1_name1": "อำนาจเจริญ", "adm1_pcode": "TH37" }, "geometry": { "type": "Polygon", "coordinates": [ [ [ 104.959823867000068, 16.283588963999989 ], [ 105.015839026000151, 16.244055081000056 ], [ 105.014053224, 16.187291342000151 ], [ 105.040821188000052, 16.111185771000066 ], [ 105.060260780000192, 16.098149080000098 ], [ 105.041800416000058, 16.093761451000091 ], [ 105.006323762000136, 16.031066441000178 ], [ 105.025636874000099, 15.981681854000101 ], [ 104.963411098000108, 15.860974482000131 ], [ 104.959936950000099, 15.791919281000048 ], [ 104.903888944000187, 15.753561554000044 ], [ 104.894936160000157, 15.653524268000012 ], [ 104.933538523000152, 15.638143758000012 ], [ 104.925738958000068, 15.60230130500014 ], [ 104.884554547000164, 15.572070860000053 ], [ 104.895770268000092, 15.563916168000162 ], [ 104.887544007000031, 15.545026620000044 ], [ 104.869813675000159, 15.538341982000134 ], [ 104.863438430000144, 15.557301296000162 ], [ 104.876671221000151, 15.56254927700013 ], [ 104.861821727000063, 15.580559172000164 ], [ 104.82262887100012, 15.585817684000062 ], [ 104.811149468000053, 15.606362425000043 ], [ 104.795231486000148, 15.595540183000082 ], [ 104.787921670000173, 15.621012158000099 ], [ 104.746252074000154, 15.641366440000013 ], [ 104.742236658000081, 15.65812873100009 ], [ 104.728734977000045, 15.64781007900018 ], [ 104.635660913000095, 15.689127604000134 ], [ 104.602127877000044, 15.671956578000106 ], [ 104.637434483000106, 15.646958945000108 ], [ 104.579938847000165, 15.60497325700004 ], [ 104.585911699000178, 15.566692880000062 ], [ 104.54700378400014, 15.542335607999973 ], [ 104.510558005, 15.56006740100014 ], [ 104.505496253000103, 15.586843105000071 ], [ 104.462713415000167, 15.588775666 ], [ 104.464604486000042, 15.62806479000011 ], [ 104.439477649000139, 15.618661001000135 ], [ 104.443914513000095, 15.682990818000064 ], [ 104.440260531000092, 15.700093654999989 ], [ 104.423597911000059, 15.695261712000161 ], [ 104.419069256000057, 15.697721136999974 ], [ 104.431491116000075, 15.737975746000075 ], [ 104.41891012300016, 15.74866606400019 ], [ 104.434319792000167, 15.752358265000055 ], [ 104.43586182700011, 15.811990626000124 ], [ 104.460665620999976, 15.843393454000136 ], [ 104.454821974000083, 15.90134398400005 ], [ 104.505104771000049, 15.951326340999969 ], [ 104.505304228000114, 15.982057215000168 ], [ 104.532591706000119, 15.999937599000077 ], [ 104.515184386000101, 16.025644568000189 ], [ 104.56141848600015, 16.097970203000159 ], [ 104.66097524800017, 16.123408712000014 ], [ 104.730382853000151, 16.10099459800017 ], [ 104.780815315000098, 16.113993976000188 ], [ 104.81079247100007, 16.095520485000122 ], [ 104.824931847000073, 16.155467572000134 ], [ 104.789273044000083, 16.157404695000082 ], [ 104.76607414700004, 16.196444264000036 ], [ 104.812385619000111, 16.185223670000141 ], [ 104.826163171000189, 16.205008965 ], [ 104.878305352000098, 16.210116834000132 ], [ 104.885553722000111, 16.235142465000138 ], [ 104.947788446000175, 16.261977911000088 ], [ 104.959823867000068, 16.283588963999989 ] ] ] } },
{ "type": "Feature", "properties": { "adm1_name": "Bueng Kan", "adm1_name1": "บึงกาฬ", "adm1_pcode": "TH38" }, "geometry": { "type": "Polygon", "coordinates": [ [ [ 103.404965000000175, 18.448983886000121 ], [ 103.457767613000044, 18.425566199000059 ], [ 103.52547094, 18.426370205000183 ], [ 103.612868608000156, 18.403273819000162 ], [ 103.699911747000158, 18.342945648000068 ], [ 103.818191129000127, 18.338829900000064 ], [ 103.858431704000168, 18.283850659000052 ], [ 103.926736421000157, 18.329874462000191 ], [ 103.97462968300016, 18.336353007000184 ], [ 104.060932152000134, 18.218887755000083 ], [ 104.104337428000065, 18.117845165000176 ], [ 104.189981604000081, 18.02373980200008 ], [ 104.172642401000076, 18.002644948000125 ], [ 104.112182941000071, 18.005256619000136 ], [ 104.130788529000085, 17.940009297000074 ], [ 104.072649330000104, 17.879745876000186 ], [ 104.047899909000193, 17.909702217000131 ], [ 103.996630227000082, 17.892497959000025 ], [ 103.981558103000168, 17.85837001200008 ], [ 104.001663096000186, 17.849250163000022 ], [ 104.014872065000191, 17.815953670000056 ], [ 103.979560577000086, 17.770859816000041 ], [ 103.973211145, 17.785030221000056 ], [ 103.942327987, 17.785008266000091 ], [ 103.918275285000107, 17.81907569800012 ], [ 103.922803207000129, 17.854750602000081 ], [ 103.900760825000134, 17.847675874000061 ], [ 103.905255691000036, 17.880481168000074 ], [ 103.866184182000154, 17.864187158000163 ], [ 103.856457610000064, 17.882898688000068 ], [ 103.836063705000129, 17.870212589000175 ], [ 103.795887993000065, 17.877229643000078 ], [ 103.810828580000134, 17.858443521000027 ], [ 103.794012471000144, 17.842288359000065 ], [ 103.764593277000131, 17.883306193000124 ], [ 103.78680904800018, 17.891621999000051 ], [ 103.774767085000065, 17.909071642000072 ], [ 103.782334169000194, 17.931611476000057 ], [ 103.756788407000045, 17.922251863000042 ], [ 103.765465897000183, 17.955657291000023 ], [ 103.746260167000059, 17.911336953000045 ], [ 103.715507100000082, 17.94291369400014 ], [ 103.661286789000144, 17.950250753000148 ], [ 103.662452395000116, 17.973547090000068 ], [ 103.625425057000143, 17.96786113800016 ], [ 103.621178644000054, 18.003411598000127 ], [ 103.640702396000052, 18.013257895000095 ], [ 103.611222117000068, 18.01307336800005 ], [ 103.59520097900014, 18.049673923000114 ], [ 103.581321619, 18.038030183000046 ], [ 103.542090578000057, 18.064978854 ], [ 103.541122972000096, 18.08874619300019 ], [ 103.536736422000047, 18.068163150000032 ], [ 103.493308113000069, 18.06008110200014 ], [ 103.503372480000166, 17.995993696000141 ], [ 103.49180697200012, 17.987691877000032 ], [ 103.471522541000184, 18.00521586300016 ], [ 103.464201867000043, 17.989012459999969 ], [ 103.44366808400008, 17.991045752 ], [ 103.45141284500005, 17.97582163400017 ], [ 103.439412784000069, 17.968742171000144 ], [ 103.399424195000108, 17.99152555500018 ], [ 103.407256345000121, 18.00328362800002 ], [ 103.390948362000017, 18.025494846000186 ], [ 103.353473813999983, 18.026960861000077 ], [ 103.350310186000058, 18.047232091000069 ], [ 103.31362535400001, 18.05694062300006 ], [ 103.300088066000114, 18.080546275000131 ], [ 103.313943499000175, 18.102802795000059 ], [ 103.295495612000082, 18.104043073000014 ], [ 103.294742740000174, 18.119670555000027 ], [ 103.366578403000062, 18.164310601000182 ], [ 103.34247943600019, 18.175517515000024 ], [ 103.329118028000096, 18.210713083000144 ], [ 103.261263932000134, 18.244499570000073 ], [ 103.261022887000195, 18.265581229000077 ], [ 103.294791530000111, 18.271983953000131 ], [ 103.300563509000085, 18.303354073000094 ], [ 103.242444049000085, 18.361512128000072 ], [ 103.305596193000156, 18.431551422000155 ], [ 103.404965000000175, 18.448983886000121 ] ] ] } },
{ "type": "Feature", "properties": { "adm1_name": "Nong Bua Lam Phu", "adm1_name1": "หนองบัวลำภู", "adm1_pcode": "TH39" }, "geometry": { "type": "Polygon", "coordinates": [ [ [ 102.286649729000146, 17.692069819999972 ], [ 102.302867112000058, 17.674366837000093 ], [ 102.317942343000084, 17.679182723000167 ], [ 102.332480719000046, 17.550936283000055 ], [ 102.427587436000067, 17.366491052000129 ], [ 102.437848176000102, 17.282142970000052 ], [ 102.594639302000132, 17.263813289000041 ], [ 102.574420561000125, 17.233638559000042 ], [ 102.502173981000055, 17.230092325000044 ], [ 102.491121720000137, 17.207513662 ], [ 102.469193092000125, 17.202704531999984 ], [ 102.543293714000129, 17.066932147000102 ], [ 102.669333123000115, 16.993749911 ], [ 102.678964819000043, 16.969855315000075 ], [ 102.608019628000022, 16.772154134000061 ], [ 102.459365478, 16.808541688000048 ], [ 102.433578969000109, 16.783376568000108 ], [ 102.401428482000142, 16.817753089 ], [ 102.375561882000113, 16.810827577000055 ], [ 102.350080952000155, 16.830965061000029 ], [ 102.343229179000161, 16.818086587000096 ], [ 102.330643150000185, 16.854937034000102 ], [ 102.316749903000186, 16.854770600000165 ], [ 102.324747292000154, 16.86699989900012 ], [ 102.295376483000098, 16.891867630000036 ], [ 102.254488015000049, 16.894802970000114 ], [ 102.249178395000058, 16.878428372000087 ], [ 102.188293705000149, 16.857537586000149 ], [ 102.104774361000125, 16.897395949000156 ], [ 102.098783842000159, 16.883169296000119 ], [ 102.070728606000046, 16.885197199000118 ], [ 102.029540021000116, 16.94861284100017 ], [ 102.155441989000167, 17.024267956000131 ], [ 102.101821853999979, 17.067060059000028 ], [ 102.08892277700005, 17.11257225200012 ], [ 102.037341076000132, 17.138392409000119 ], [ 102.028340781000168, 17.213607646000071 ], [ 102.038007670000013, 17.220284022000044 ], [ 102.084151147000114, 17.167941088000134 ], [ 102.096779921000177, 17.177071660000081 ], [ 102.093607396000152, 17.205479284999967 ], [ 102.07706919300017, 17.248203948000025 ], [ 102.034383250000189, 17.262954330000127 ], [ 101.983642061000182, 17.316276890000097 ], [ 102.020690769000112, 17.34505783600008 ], [ 102.018025371000192, 17.373913346000165 ], [ 101.981788533000099, 17.411471437000046 ], [ 101.987511826000173, 17.454258427000184 ], [ 102.052377490000083, 17.449080807000087 ], [ 102.086726016999989, 17.465416509000079 ], [ 102.10505463100003, 17.44680781 ], [ 102.121462052000197, 17.45190092200005 ], [ 102.12248959600015, 17.470821108000052 ], [ 102.104457158000059, 17.476102584000046 ], [ 102.128516510000168, 17.491982478000182 ], [ 102.139809771000159, 17.53240871800017 ], [ 102.083226373000173, 17.634323248000044 ], [ 102.104616574000147, 17.6472589440001 ], [ 102.127977838, 17.635018705000164 ], [ 102.157882637000171, 17.668398771000113 ], [ 102.2450820520001, 17.650672174000078 ], [ 102.269407275000106, 17.662668223000082 ], [ 102.262572530000114, 17.689524232000053 ], [ 102.286649729000146, 17.692069819999972 ] ] ] } },
{ "type": "Feature", "properties": { "adm1_name": "Khon Kaen", "adm1_name1": "ขอนแก่น", "adm1_pcode": "TH40" }, "geometry": { "type": "Polygon", "coordinates": [ [ [ 102.707224554000106, 17.087126600000033 ], [ 102.717943287000139, 17.053828797000051 ], [ 102.787175381000054, 17.015919006000161 ], [ 102.82277791100006, 16.972850099000084 ], [ 102.804264073000127, 16.955232661000082 ], [ 102.820815941000092, 16.937671699000134 ], [ 102.809091655000088, 16.908767234000152 ], [ 102.82401193600009, 16.862623221000035 ], [ 102.873202297000091, 16.881194422000135 ], [ 102.912532431000159, 16.838586233000171 ], [ 102.941587018000121, 16.836279576000038 ], [ 103.100898064000091, 16.912959703000013 ], [ 103.124186018000159, 16.892039325000155 ], [ 103.105291685000111, 16.826000235000095 ], [ 103.137000039000156, 16.829626523000115 ], [ 103.13458886900014, 16.872319293000089 ], [ 103.175072341000089, 16.863453023000091 ], [ 103.184469397999976, 16.821163412000033 ], [ 103.171201533999977, 16.770313915000088 ], [ 103.145792835000066, 16.753713797999978 ], [ 103.15890768200012, 16.732791251000037 ], [ 103.144841868000185, 16.701861822000183 ], [ 103.159630625000148, 16.674498248000077 ], [ 103.1526384510002, 16.610444423999979 ], [ 103.120015039000066, 16.592192368999974 ], [ 103.080924698000047, 16.510909109000067 ], [ 103.042546003000098, 16.49064667000016 ], [ 103.03270460300007, 16.501379889000134 ], [ 103.019133233, 16.473433682000064 ], [ 102.953260143000023, 16.451212796 ], [ 102.945791611000118, 16.402948865000155 ], [ 102.956516812000132, 16.398674068000048 ], [ 102.920671362000064, 16.377545514000133 ], [ 102.927503250000086, 16.366981276 ], [ 102.898529792000033, 16.348949256000026 ], [ 102.894458510000106, 16.315739824000104 ], [ 102.845403390000115, 16.272370847000047 ], [ 102.844866176000039, 16.173518622000131 ], [ 102.857197868000014, 16.158570899000154 ], [ 102.843187927000201, 16.14565570600007 ], [ 102.868842591000146, 16.118659422000178 ], [ 102.848074912000129, 16.072323135000147 ], [ 102.859040846000141, 16.038957032000098 ], [ 102.891352655000105, 16.029399061000049 ], [ 102.885393863, 16.011158337000154 ], [ 102.909288629000173, 15.985291813000117 ], [ 102.889767649000078, 15.933024457000045 ], [ 102.925267156000189, 15.880233225000154 ], [ 102.919327155000133, 15.823739868000075 ], [ 102.932486144000109, 15.80126373100012 ], [ 102.877398712000115, 15.771617196000079 ], [ 102.868858513000191, 15.686683599000162 ], [ 102.883716587000151, 15.667797050000047 ], [ 102.855287379000174, 15.636126861000037 ], [ 102.776602879000109, 15.633585126000128 ], [ 102.778406153000105, 15.649101451000092 ], [ 102.747631612000134, 15.670197935000033 ], [ 102.716530936000083, 15.666073497000184 ], [ 102.682272571000169, 15.728543601000126 ], [ 102.650104056000089, 15.714503176000051 ], [ 102.609223380000174, 15.727921960000117 ], [ 102.555854203000138, 15.703514910000024 ], [ 102.511554891000117, 15.728194894000126 ], [ 102.44912221900006, 15.715982284000063 ], [ 102.421298493999984, 15.694914001000086 ], [ 102.358510996000064, 15.733828171000027 ], [ 102.363213199000199, 15.767384642000138 ], [ 102.327284454000107, 15.798867322000035 ], [ 102.315577658000109, 15.847013427999968 ], [ 102.353350712000122, 15.900809041000116 ], [ 102.355006830000036, 15.930753027000037 ], [ 102.374699514000156, 15.946287781000024 ], [ 102.365467780000131, 15.965430615000116 ], [ 102.386760416000129, 15.99340716200004 ], [ 102.355093070000066, 16.005144499000153 ], [ 102.338478897000016, 16.038645426000073 ], [ 102.302375736000045, 16.038292476000038 ], [ 102.279912979000187, 16.072024037000062 ], [ 102.417976605000035, 16.253409117000047 ], [ 102.410818336000091, 16.2712461590001 ], [ 102.458867689000158, 16.394687811000153 ], [ 102.415734139000108, 16.422485361000099 ], [ 102.403284300000053, 16.465956030000029 ], [ 102.37496219000019, 16.434812509999972 ], [ 102.365125741000156, 16.452984174 ], [ 102.300517139000192, 16.445046876 ], [ 102.255400463000058, 16.461027503000025 ], [ 102.203784155000051, 16.50440786300004 ], [ 102.17267561500006, 16.491671224000186 ], [ 102.158470043000079, 16.503331287000094 ], [ 102.067810637000093, 16.493606035000141 ], [ 102.072764229000143, 16.503199851999966 ], [ 102.031509104000065, 16.521065408000084 ], [ 102.02343649400018, 16.558522881000044 ], [ 101.98824714400007, 16.566020574000163 ], [ 101.977370952000058, 16.609972045000063 ], [ 101.948414648000153, 16.634678384000154 ], [ 101.905379341000184, 16.62803403300012 ], [ 101.832118759000082, 16.658450989000073 ], [ 101.77423759300018, 16.628688235000027 ], [ 101.778948357000047, 16.646997162000162 ], [ 101.750108394000108, 16.65621832700009 ], [ 101.750246215, 16.67666747700008 ], [ 101.771891710000148, 16.685810663000041 ], [ 101.791645346000166, 16.727193150000176 ], [ 101.796814670000117, 16.768788898000139 ], [ 101.951322866000112, 16.840523160000146 ], [ 101.943778556000098, 16.852579282000022 ], [ 101.993781855000179, 16.839962489000186 ], [ 102.010137834000147, 16.87043384600014 ], [ 102.03976684200012, 16.858348408000097 ], [ 102.063165095000102, 16.887276007000025 ], [ 102.096996760000081, 16.882626700000174 ], [ 102.104621444000202, 16.897408019000068 ], [ 102.188167999000086, 16.857535730000166 ], [ 102.249178395000058, 16.878428372000087 ], [ 102.254488015000049, 16.894802970000114 ], [ 102.295441931000198, 16.891853618000141 ], [ 102.324747292000154, 16.86699989900012 ], [ 102.316749903000186, 16.854770600000165 ], [ 102.330643150000185, 16.854937034000102 ], [ 102.343229179000161, 16.818086587000096 ], [ 102.350080952000155, 16.830965061000029 ], [ 102.375561882000113, 16.810827577000055 ], [ 102.401428482000142, 16.817753089 ], [ 102.433578969000109, 16.783376568000108 ], [ 102.459365478, 16.808541688000048 ], [ 102.608953364000058, 16.772506025000098 ], [ 102.621944862000078, 16.836503668000091 ], [ 102.677108250000174, 16.955015651000053 ], [ 102.679347942, 17.051253945000155 ], [ 102.707224554000106, 17.087126600000033 ] ] ] } },
{ "type": "Feature", "properties": { "adm1_name": "Udon Thani", "adm1_name1": "อุดรธานี", "adm1_pcode": "TH41" }, "geometry": { "type": "Polygon", "coordinates": [ [ [ 102.058057093000059, 18.086201529000164 ], [ 102.100405003999981, 18.08174041400008 ], [ 102.113148350000131, 18.054300143000091 ], [ 102.1041773070001, 18.02935577500017 ], [ 102.142680590000055, 18.035268310000049 ], [ 102.14856781900005, 17.992244929000037 ], [ 102.203296453000178, 18.022171877000119 ], [ 102.208501119000061, 18.006710420000047 ], [ 102.295535272000052, 17.983121371999971 ], [ 102.309183972000085, 17.947041856000112 ], [ 102.387258424000095, 17.898429357000168 ], [ 102.400127909000105, 17.843554015000166 ], [ 102.44113009300014, 17.820697649000124 ], [ 102.428898132000143, 17.795698937999987 ], [ 102.439624222000134, 17.767797955000106 ], [ 102.468978594000134, 17.752977995000094 ], [ 102.532593696000163, 17.759549417000073 ], [ 102.611873696000089, 17.683474919 ], [ 102.596875603000171, 17.670827883000015 ], [ 102.59580421600009, 17.622943564000138 ], [ 102.646966391000092, 17.614275322000026 ], [ 102.650596380000195, 17.593798092000043 ], [ 102.694506768000167, 17.62102373700003 ], [ 102.731549503000053, 17.603536193000139 ], [ 102.740914476000171, 17.620442186000105 ], [ 102.766471647000117, 17.619926890000102 ], [ 102.760280318000071, 17.641976048000174 ], [ 102.784126226000069, 17.682504542000117 ], [ 102.830723116000115, 17.693489122000187 ], [ 102.854169560000116, 17.776045573000033 ], [ 102.826064634000147, 17.81362173500014 ], [ 102.869141442000057, 17.846495371000174 ], [ 102.86960915800006, 17.887904642000024 ], [ 102.883417008000151, 17.898308250000184 ], [ 102.933687702000043, 17.887678593000089 ], [ 102.968891488000111, 17.823689898000168 ], [ 103.004180671000086, 17.842070838000097 ], [ 103.012477168000032, 17.87580802400015 ], [ 103.038286738000181, 17.877667207000059 ], [ 103.038018741000144, 17.891596893000099 ], [ 103.078004584000041, 17.885741689000042 ], [ 103.154533101000084, 17.802667622000172 ], [ 103.1909050000001, 17.871676640999965 ], [ 103.240590454000085, 17.88569112600004 ], [ 103.291046325000138, 17.830671169000027 ], [ 103.329170644000158, 17.82417228200012 ], [ 103.373414009000101, 17.87514511400019 ], [ 103.389734023000187, 17.869896969000024 ], [ 103.395882372000074, 17.904893454000046 ], [ 103.412785356000086, 17.901158447000057 ], [ 103.416694789000189, 17.879630800000086 ], [ 103.393695890000174, 17.855794818000163 ], [ 103.422449737000136, 17.841599097000028 ], [ 103.402264591000119, 17.843014643000117 ], [ 103.399829886000191, 17.830587780000144 ], [ 103.397620069000027, 17.84274239500013 ], [ 103.380149971000151, 17.839945002000036 ], [ 103.390022487000067, 17.829210986000078 ], [ 103.366867925000065, 17.7901493170001 ], [ 103.410610072000054, 17.729302238000059 ], [ 103.397267636000095, 17.617893235000167 ], [ 103.411210376000156, 17.595063229000175 ], [ 103.337798654000153, 17.578308867000032 ], [ 103.316927567000164, 17.523810802000185 ], [ 103.286654880000128, 17.498024332 ], [ 103.274585846000036, 17.439798169000085 ], [ 103.301524943000061, 17.389886728000022 ], [ 103.250697355000113, 17.312875791000124 ], [ 103.281198604000053, 17.266641595000124 ], [ 103.351822851000122, 17.25523442400015 ], [ 103.361199310000075, 17.235872710000081 ], [ 103.416916040000103, 17.212385568000059 ], [ 103.451621143000068, 17.212565037000047 ], [ 103.470259725000176, 17.229916415000105 ], [ 103.567863444000182, 17.157188845000178 ], [ 103.601065426000162, 17.169261359000188 ], [ 103.637764823000111, 17.111879445000056 ], [ 103.668118234000076, 17.105792280000117 ], [ 103.654150432000051, 17.073840311000026 ], [ 103.662120230000085, 17.019615229000181 ], [ 103.646694752000087, 17.023966211000072 ], [ 103.652949766000177, 17.047449126 ], [ 103.620708981, 17.0928874600001 ], [ 103.578957901000194, 17.10192541400005 ], [ 103.548027164000075, 17.088785364000159 ], [ 103.507415856000023, 17.044100262000029 ], [ 103.520046265000133, 16.998767784000165 ], [ 103.494381536000162, 16.969920742000056 ], [ 103.490992532000064, 16.90275935000011 ], [ 103.421625296, 16.803074037000158 ], [ 103.40076142800018, 16.854806452000105 ], [ 103.41069206300017, 16.871490913000116 ], [ 103.385050719000105, 16.902812538000035 ], [ 103.349636978000149, 16.921363739000128 ], [ 103.289255870000034, 16.924404804000119 ], [ 103.22111652500007, 16.967861795000147 ], [ 103.185238067000114, 16.947040992000041 ], [ 103.117503383000098, 16.96243923600008 ], [ 103.083795219000137, 16.899198489000071 ], [ 102.941587018000121, 16.836279576000038 ], [ 102.912532431000159, 16.838586233000171 ], [ 102.873202297000091, 16.881194422000135 ], [ 102.824005917000079, 16.862627032999967 ], [ 102.809091655000088, 16.908767234000152 ], [ 102.820815941000092, 16.937671699000134 ], [ 102.804264073000127, 16.955232661000082 ], [ 102.82277791100006, 16.972850099000084 ], [ 102.787175381000054, 17.015919006000161 ], [ 102.71793725200007, 17.053834782000081 ], [ 102.709704622000118, 17.087009188000138 ], [ 102.679347942, 17.051253945000155 ], [ 102.669335765000199, 16.99373491700004 ], [ 102.56880149300008, 17.046861303000128 ], [ 102.519251684000039, 17.10018429500019 ], [ 102.469193092000125, 17.202704531999984 ], [ 102.491121720000137, 17.207513662 ], [ 102.502173981000055, 17.230092325000044 ], [ 102.574420561000125, 17.233638559000042 ], [ 102.594639302000132, 17.263813289000041 ], [ 102.437848176000102, 17.282142970000052 ], [ 102.427587436000067, 17.366491052000129 ], [ 102.332480719000046, 17.550936283000055 ], [ 102.317942343000084, 17.679182723000167 ], [ 102.262572530000114, 17.689524232000053 ], [ 102.269407275000106, 17.662668223000082 ], [ 102.2450820520001, 17.650672174000078 ], [ 102.157826059000115, 17.668387081000049 ], [ 102.12116294600014, 17.632878316000074 ], [ 102.104636014000164, 17.647258426000064 ], [ 102.083252237000181, 17.634308596000096 ], [ 102.06128911400009, 17.657008732000179 ], [ 102.036431600000185, 17.650291375000108 ], [ 102.017699427000082, 17.748959010000021 ], [ 102.029756439000039, 17.785865258000115 ], [ 102.045727048000117, 17.790141591000179 ], [ 102.036420018000115, 17.805701555000098 ], [ 102.052399897000043, 17.871784693000052 ], [ 102.015736099000151, 17.980906327000127 ], [ 102.042352938000192, 17.989403453000079 ], [ 102.037228369000104, 18.022637415000077 ], [ 102.054009298000096, 18.036251696000079 ], [ 102.058057093000059, 18.086201529000164 ] ] ] } },
{ "type": "Feature", "properties": { "adm1_name": "Loei", "adm1_name1": "เลย", "adm1_pcode": "TH42" }, "geometry": { "type": "Polygon", "coordinates": [ [ [ 102.043303531000049, 18.198685368000156 ], [ 102.105656608, 18.213514564000036 ], [ 102.102070250000111, 18.163016734000166 ], [ 102.067945260000101, 18.143014495000102 ], [ 102.054009298000096, 18.036251696000079 ], [ 102.037228369000104, 18.022637415000077 ], [ 102.042352938000192, 17.989403453000079 ], [ 102.015736099000151, 17.980906327000127 ], [ 102.052399897000043, 17.871784693000052 ], [ 102.036420018000115, 17.805701555000098 ], [ 102.045727048000117, 17.790141591000179 ], [ 102.029756439000039, 17.785865258000115 ], [ 102.017634471000179, 17.747138922999966 ], [ 102.036431600000185, 17.650291375000108 ], [ 102.078154378000193, 17.646409325999969 ], [ 102.139774392000163, 17.527531167000063 ], [ 102.128516510000168, 17.491982478000182 ], [ 102.104457158000059, 17.476102584000046 ], [ 102.12248959600015, 17.470821108000052 ], [ 102.121462052000197, 17.45190092200005 ], [ 102.10505463100003, 17.44680781 ], [ 102.086726567000028, 17.465416493000077 ], [ 102.052377490000083, 17.449080807000087 ], [ 101.995575171000041, 17.460533762000068 ], [ 101.981699460000073, 17.41377200800008 ], [ 102.018025371000192, 17.373913346000165 ], [ 102.020690769000112, 17.34505783600008 ], [ 101.983642061000182, 17.316276890000097 ], [ 102.034383250000189, 17.262954330000127 ], [ 102.07706919300017, 17.248203948000025 ], [ 102.093607396000152, 17.205479284999967 ], [ 102.096779921000177, 17.177071660000081 ], [ 102.084151147000114, 17.167941088000134 ], [ 102.038007670000013, 17.220284022000044 ], [ 102.028340781000168, 17.213607646000071 ], [ 102.037341076000132, 17.138392409000119 ], [ 102.08892277700005, 17.11257225200012 ], [ 102.101821853999979, 17.067060059000028 ], [ 102.155404455000109, 17.024567572000024 ], [ 102.072493119000114, 16.963177739 ], [ 102.029211206000184, 16.950674611000068 ], [ 102.068425391000176, 16.892123912000102 ], [ 102.059687458000042, 16.870881942999972 ], [ 102.039577238000049, 16.858317979000162 ], [ 102.010199090000071, 16.870463026000039 ], [ 101.993781855000179, 16.839962489000186 ], [ 101.943778556000098, 16.852579282000022 ], [ 101.951322866000112, 16.840523160000146 ], [ 101.862644421000141, 16.790705963000164 ], [ 101.725608406000106, 16.754388451000125 ], [ 101.686382468000147, 16.798480121000182 ], [ 101.721912060000193, 16.807097949000024 ], [ 101.676993395000181, 16.867005403000064 ], [ 101.692305519, 16.936233366000067 ], [ 101.672686333000115, 16.95215406300008 ], [ 101.649611495000158, 17.042339347000109 ], [ 101.628742706000139, 17.045187694000106 ], [ 101.612975858000141, 17.004288648999989 ], [ 101.575179761000072, 16.983744798000089 ], [ 101.536001984000109, 17.022734968000123 ], [ 101.504279305000182, 17.010135199000047 ], [ 101.452456640000037, 17.14086320500013 ], [ 101.398279911000145, 17.177988897000034 ], [ 101.351142676000109, 17.167811862000065 ], [ 101.277626308000094, 17.098117626000146 ], [ 101.243927496000197, 17.108794985000145 ], [ 101.222699032000037, 17.060579996000058 ], [ 101.188435191000167, 17.065969982000126 ], [ 101.168750640000098, 17.03824263100006 ], [ 101.11514593000004, 17.020762100000127 ], [ 101.112499020000087, 16.939512715000035 ], [ 101.100354367000193, 16.911405929000068 ], [ 101.066874838000047, 16.902479107999966 ], [ 101.069870346000073, 16.926209793000169 ], [ 101.026382422000097, 16.94297013500011 ], [ 101.051436602000081, 16.955971711000132 ], [ 101.050987947000124, 17.115079642000069 ], [ 101.071010207000143, 17.11556915400007 ], [ 101.075081247000014, 17.177685554999982 ], [ 101.109716490000039, 17.233554653 ], [ 101.082848077000165, 17.281350645000146 ], [ 101.048428034000153, 17.286235010999974 ], [ 100.999862079000195, 17.338124416000142 ], [ 100.913679832000184, 17.342615238000121 ], [ 100.916419426000175, 17.450839752000036 ], [ 100.89433754200013, 17.465579904000151 ], [ 100.855289541, 17.451194150000049 ], [ 100.833854721000193, 17.472836019000056 ], [ 100.871635726000079, 17.528409763000127 ], [ 100.860936595000055, 17.54581136000013 ], [ 100.872822483000107, 17.57642913799998 ], [ 100.90388688000013, 17.591860841000084 ], [ 100.92800521200013, 17.569283112999983 ], [ 100.963670194000144, 17.575385418000167 ], [ 101.023856633000094, 17.557662048999987 ], [ 101.06151943600014, 17.512712189000183 ], [ 101.102817791000064, 17.509159415000056 ], [ 101.094017389000044, 17.495774935000156 ], [ 101.1103142030002, 17.479862106000041 ], [ 101.160786168000186, 17.467342366000139 ], [ 101.163152685000114, 17.491408909000029 ], [ 101.182757839000089, 17.497861217000093 ], [ 101.175649899000121, 17.524700483000174 ], [ 101.229151131000151, 17.535905052000089 ], [ 101.259485074999986, 17.598245617000089 ], [ 101.309839343000078, 17.635520357000075 ], [ 101.305876224000144, 17.650467765000144 ], [ 101.346432150000055, 17.659760370000129 ], [ 101.382419413000036, 17.697971951999989 ], [ 101.408176915000126, 17.688753810000094 ], [ 101.430478534000201, 17.715559297000084 ], [ 101.401583863000155, 17.73415801900012 ], [ 101.446058542000173, 17.729025449000176 ], [ 101.482356196000183, 17.760485845000119 ], [ 101.491155147000143, 17.724301099000058 ], [ 101.497289402000149, 17.754943419000028 ], [ 101.521625992000054, 17.776465083000119 ], [ 101.574379877000183, 17.784857984999974 ], [ 101.551592587000187, 17.810389663000024 ], [ 101.574010608000094, 17.869032864000189 ], [ 101.59234181700009, 17.84917500600011 ], [ 101.61696854000013, 17.893594240000084 ], [ 101.722981277000088, 17.91089955200016 ], [ 101.756733787000201, 18.036295542000119 ], [ 101.780876183000032, 18.068139779000148 ], [ 101.87387260100013, 18.029100149000158 ], [ 101.905051450000144, 18.030472304000057 ], [ 101.954111736000073, 18.103767961000187 ], [ 102.025368914000012, 18.151942291000182 ], [ 102.043303531000049, 18.198685368000156 ] ] ] } },
{ "type": "Feature", "properties": { "adm1_name": "Nong Khai", "adm1_name1": "หนองคาย", "adm1_pcode": "TH43" }, "geometry": { "type": "Polygon", "coordinates": [ [ [ 103.298493201000042, 18.29698438600002 ], [ 103.294738538000161, 18.271910635000097 ], [ 103.261022887000195, 18.265581229000077 ], [ 103.259278592000044, 18.249109403000034 ], [ 103.329118028000096, 18.210713083000144 ], [ 103.34247943600019, 18.175517515000024 ], [ 103.366573201, 18.164334258999986 ], [ 103.292083444000014, 18.108723291000047 ], [ 103.31393262000006, 18.102847929000063 ], [ 103.299847834000161, 18.085099683000124 ], [ 103.313212449000048, 18.057253621000029 ], [ 103.406514314000106, 18.006025469000178 ], [ 103.386674075000144, 17.980588497000099 ], [ 103.412870097000109, 17.933187996000129 ], [ 103.393991328000084, 17.930262279999965 ], [ 103.389734023000187, 17.869896969000024 ], [ 103.373414009000101, 17.87514511400019 ], [ 103.329633703000184, 17.824404278000088 ], [ 103.312303192000059, 17.825041972000122 ], [ 103.239729931, 17.885788592000097 ], [ 103.1909050000001, 17.871676640999965 ], [ 103.153611432000162, 17.802687227000092 ], [ 103.13202893000016, 17.815690435000079 ], [ 103.11416413000012, 17.861036125000112 ], [ 103.100640513000201, 17.856559693000122 ], [ 103.078004584000041, 17.885741689000042 ], [ 103.038018741000144, 17.891596893000099 ], [ 103.038286738000181, 17.877667207000059 ], [ 103.012477168000032, 17.87580802400015 ], [ 103.004180671000086, 17.842070838000097 ], [ 102.968891488000111, 17.823689898000168 ], [ 102.933687702000043, 17.887678593000089 ], [ 102.883417008000151, 17.898308250000184 ], [ 102.86960915800006, 17.887904642000024 ], [ 102.869141442000057, 17.846495371000174 ], [ 102.826064634000147, 17.81362173500014 ], [ 102.854137937000075, 17.776210687 ], [ 102.850029046000202, 17.728212096999982 ], [ 102.830697262000115, 17.693465329000105 ], [ 102.784126226000069, 17.682504542000117 ], [ 102.760280318000071, 17.641976048000174 ], [ 102.767755421000118, 17.621394556000041 ], [ 102.740914476000171, 17.620442186000105 ], [ 102.731549503000053, 17.603536193000139 ], [ 102.694506768000167, 17.62102373700003 ], [ 102.650596380000195, 17.593798092000043 ], [ 102.646966391000092, 17.614275322000026 ], [ 102.595911259000161, 17.622819091000054 ], [ 102.607044777000112, 17.690763546000085 ], [ 102.527901803000191, 17.762204142000087 ], [ 102.468978594000134, 17.752977995000094 ], [ 102.439627096000038, 17.767795053000043 ], [ 102.428898132000143, 17.795698937999987 ], [ 102.44113009300014, 17.820697649000124 ], [ 102.400127909000105, 17.843554015000166 ], [ 102.387258424000095, 17.898429357000168 ], [ 102.309183972000085, 17.947041856000112 ], [ 102.295535272000052, 17.983121371999971 ], [ 102.208501119000061, 18.006710420000047 ], [ 102.203296453000178, 18.022171877000119 ], [ 102.14856781900005, 17.992244929000037 ], [ 102.142680590000055, 18.035268310000049 ], [ 102.1041773070001, 18.02935577500017 ], [ 102.113148350000131, 18.054300143000091 ], [ 102.100259129000108, 18.081890252000051 ], [ 102.055139894000035, 18.086168997000129 ], [ 102.06838248400004, 18.143826545000138 ], [ 102.102070250000111, 18.163016734000166 ], [ 102.105656608, 18.213514564000036 ], [ 102.162448977000167, 18.204382094000039 ], [ 102.185334658000045, 18.148088853000047 ], [ 102.291490735000139, 18.057078461000117 ], [ 102.347582787000135, 18.045656868000037 ], [ 102.459960188000196, 17.970925424000029 ], [ 102.604097478000085, 17.954462521000096 ], [ 102.613341546000186, 17.909640372000069 ], [ 102.591697397000189, 17.838674373000174 ], [ 102.637397427999986, 17.832034022000073 ], [ 102.678680243000088, 17.80391373700013 ], [ 102.696320264000121, 17.817457711000088 ], [ 102.676163670000165, 17.8441311630001 ], [ 102.688777065000068, 17.870644188000085 ], [ 102.759661530000187, 17.894569759000035 ], [ 102.784157914000048, 17.93287608900016 ], [ 102.860445796000192, 17.973671794000097 ], [ 102.95449654500004, 18.005193458000122 ], [ 103.015800948000106, 17.973759515000154 ], [ 103.040626707000058, 17.981918657000051 ], [ 103.079541761000087, 18.037114742000085 ], [ 103.081122119000099, 18.126802995999981 ], [ 103.149531852999985, 18.176335216999973 ], [ 103.150937373000147, 18.228757291000079 ], [ 103.168136512000046, 18.257758143000103 ], [ 103.298493201000042, 18.29698438600002 ] ] ] } },
{ "type": "Feature", "properties": { "adm1_name": "Maha Sarakham", "adm1_name1": "มหาสารคาม", "adm1_pcode": "TH44" }, "geometry": { "type": "Polygon", "coordinates": [ [ [ 103.156155385000034, 16.642504153000118 ], [ 103.196078565000164, 16.630893884000045 ], [ 103.167491410000139, 16.602863723000098 ], [ 103.187060815999985, 16.551598700000056 ], [ 103.162880282000174, 16.499562518000118 ], [ 103.18473773900007, 16.447849732000122 ], [ 103.16353414800011, 16.389077093000083 ], [ 103.175422417000107, 16.363430399000094 ], [ 103.259995998000079, 16.376226700000075 ], [ 103.290351949000012, 16.395364910000126 ], [ 103.300374641000133, 16.369507164000083 ], [ 103.343587685000102, 16.360229625000159 ], [ 103.353832658000044, 16.308426995000161 ], [ 103.407776685000044, 16.294762899000034 ], [ 103.404455493, 16.256581323000148 ], [ 103.438835883000195, 16.220083255000077 ], [ 103.447041139000191, 16.22764902199998 ], [ 103.452023455000131, 16.182235210000158 ], [ 103.479693294000072, 16.208267052 ], [ 103.50402770400018, 16.208053834000111 ], [ 103.457526870000095, 16.121580784000116 ], [ 103.453576313000156, 16.083542966000039 ], [ 103.470567281, 16.046100465999984 ], [ 103.463040579000051, 15.971736197000098 ], [ 103.488253148000069, 15.931383253000149 ], [ 103.45728136200006, 15.908227918000136 ], [ 103.439933959000086, 15.800306356000078 ], [ 103.400288592000152, 15.75999484200014 ], [ 103.422258824000039, 15.725746897000022 ], [ 103.405119650000188, 15.709815519000074 ], [ 103.351700792000202, 15.725764637000054 ], [ 103.327302429000042, 15.698380493 ], [ 103.301030170000104, 15.706385198000191 ], [ 103.308372553000197, 15.69357554100003 ], [ 103.291857955000125, 15.692551258000094 ], [ 103.26692736200016, 15.650640901000088 ], [ 103.298962200000062, 15.648852806000036 ], [ 103.27373158, 15.601718121000033 ], [ 103.293887979000033, 15.593227684000169 ], [ 103.302675237000017, 15.562223068000037 ], [ 103.360288920000073, 15.526235664000126 ], [ 103.424433043000079, 15.532743030000177 ], [ 103.40327021700017, 15.436455112000033 ], [ 103.341471226000067, 15.405862918000139 ], [ 103.269510048000143, 15.423349023000185 ], [ 103.215418612000121, 15.461217991000183 ], [ 103.072829075000186, 15.497458832000177 ], [ 103.090476255000112, 15.53343310200006 ], [ 103.045855681000035, 15.56413392900015 ], [ 103.052813223000157, 15.592746606000105 ], [ 103.026007358000072, 15.600394753000103 ], [ 102.974546528000133, 15.660777425 ], [ 103.007373976000054, 15.689232962000119 ], [ 103.005436795000094, 15.72857648500019 ], [ 102.941343326000037, 15.766128125000023 ], [ 102.928816999000162, 15.79266692300007 ], [ 102.925267156000189, 15.880233225000154 ], [ 102.889767649000078, 15.933024457000045 ], [ 102.909288629000173, 15.985291813000117 ], [ 102.885393863, 16.011158337000154 ], [ 102.891352655000105, 16.029399061000049 ], [ 102.859040846000141, 16.038957032000098 ], [ 102.848074912000129, 16.072323135000147 ], [ 102.868842591000146, 16.118659422000178 ], [ 102.843187927000201, 16.14565570600007 ], [ 102.857197868000014, 16.158570899000154 ], [ 102.844866176000039, 16.173518622000131 ], [ 102.845555002000197, 16.272750836000114 ], [ 102.894458510000106, 16.315739824000104 ], [ 102.898529792000033, 16.348949256000026 ], [ 102.927503250000086, 16.366981276 ], [ 102.920671362000064, 16.377545514000133 ], [ 102.956516812000132, 16.398674068000048 ], [ 102.945791611000118, 16.402948865000155 ], [ 102.953260143000023, 16.451212796 ], [ 103.019133233, 16.473433682000064 ], [ 103.03270460300007, 16.501379889000134 ], [ 103.042546003000098, 16.49064667000016 ], [ 103.080924698000047, 16.510909109000067 ], [ 103.120015039000066, 16.592192368999974 ], [ 103.152713560000109, 16.61057560200004 ], [ 103.156155385000034, 16.642504153000118 ] ] ] } },
{ "type": "Feature", "properties": { "adm1_name": "Roi Et", "adm1_name1": "ร้อยเอ็ด", "adm1_pcode": "TH45" }, "geometry": { "type": "Polygon", "coordinates": [ [ [ 104.31397307400016, 16.43758467400005 ], [ 104.32538691600007, 16.334169889000066 ], [ 104.348004614000104, 16.323211225000023 ], [ 104.343514714000037, 16.290970702000038 ], [ 104.298296067000081, 16.239746639999964 ], [ 104.249972702000093, 16.219020323000052 ], [ 104.221089391000078, 16.160531403000164 ], [ 104.173130029000106, 16.148044914000081 ], [ 104.137711635000016, 16.109749806000025 ], [ 104.108747562000133, 16.107157978000146 ], [ 104.095215837000069, 16.074995160000128 ], [ 104.114087336000125, 16.035663429000181 ], [ 104.10288341200004, 15.984164106000151 ], [ 104.028438435000055, 15.984379551000131 ], [ 104.011232114000052, 15.958112908000089 ], [ 104.027393540000162, 15.960591997000165 ], [ 104.035892537000052, 15.940934654000046 ], [ 104.014041984000187, 15.910725216000174 ], [ 104.015117345000078, 15.885906931000079 ], [ 104.036655237000105, 15.868343948000074 ], [ 104.019729992000066, 15.867155485000069 ], [ 104.027748922000114, 15.851925065000046 ], [ 104.007351334000134, 15.831401745000107 ], [ 104.014146979000088, 15.817417961000046 ], [ 103.997804572000177, 15.814431713000033 ], [ 104.000504950000106, 15.795573821000062 ], [ 104.075426086000164, 15.817941395 ], [ 104.07433938000014, 15.839401470000041 ], [ 104.133470499000111, 15.800624216000074 ], [ 104.12746937999998, 15.768407637000166 ], [ 104.141802003000066, 15.751462940000124 ], [ 104.118103325000163, 15.702187221000031 ], [ 104.148299215000122, 15.712155727000095 ], [ 104.152079813000114, 15.690740363999964 ], [ 104.187531675000116, 15.665453578000097 ], [ 104.171932076000189, 15.660161509000034 ], [ 104.170052651000049, 15.632529559000091 ], [ 104.190614711000137, 15.633025590000045 ], [ 104.187340762000076, 15.609002646000079 ], [ 104.209458095000116, 15.608959412000104 ], [ 104.161136491000036, 15.602847875000066 ], [ 104.119727085000022, 15.561510500000054 ], [ 104.099540772000069, 15.567406991000041 ], [ 104.105648791000135, 15.546716361000165 ], [ 104.074055019000127, 15.540122669000141 ], [ 104.059976043000177, 15.502419313000189 ], [ 103.996681463000016, 15.449087337000094 ], [ 103.984243216000039, 15.404932544000076 ], [ 103.971199526000078, 15.407415637000099 ], [ 103.97437604300012, 15.426514260000147 ], [ 103.949819886000057, 15.412899554000035 ], [ 103.945641441000078, 15.438934207999978 ], [ 103.899210765000134, 15.441498216000014 ], [ 103.890399991000152, 15.469363371000156 ], [ 103.886377669000012, 15.45386815400019 ], [ 103.877404751000142, 15.468370559999983 ], [ 103.858755196000061, 15.449181264000174 ], [ 103.853143530000125, 15.466368826000121 ], [ 103.774095263999982, 15.434645321000119 ], [ 103.743835203000117, 15.447670356 ], [ 103.67182882100019, 15.444171460000064 ], [ 103.606723636000083, 15.468854694000072 ], [ 103.555394211000078, 15.454471778000027 ], [ 103.532396521000067, 15.426441892000014 ], [ 103.445516723000139, 15.45624539500011 ], [ 103.403267828000082, 15.436452529000064 ], [ 103.424376084000073, 15.532878412000173 ], [ 103.360288920000073, 15.526235664000126 ], [ 103.302675237000017, 15.562223068000037 ], [ 103.293887979000033, 15.593227684000169 ], [ 103.27373158, 15.601718121000033 ], [ 103.298962200000062, 15.648852806000036 ], [ 103.266888730000176, 15.650388239000165 ], [ 103.291857955000125, 15.692551258000094 ], [ 103.308372553000197, 15.69357554100003 ], [ 103.301030170000104, 15.706385198000191 ], [ 103.327302429000042, 15.698380493 ], [ 103.351700792000202, 15.725764637000054 ], [ 103.405119650000188, 15.709815519000074 ], [ 103.423353071000065, 15.72832478600003 ], [ 103.400288592000152, 15.75999484200014 ], [ 103.439933959000086, 15.800306356000078 ], [ 103.45728136200006, 15.908227918000136 ], [ 103.488253148000069, 15.931383253000149 ], [ 103.463054029000091, 15.971669608000184 ], [ 103.470567281, 16.046100465999984 ], [ 103.453419532000055, 16.085177292000083 ], [ 103.490264126000056, 16.190525156000035 ], [ 103.5213391260001, 16.195857718000184 ], [ 103.539900991000138, 16.222460839000178 ], [ 103.537177536000172, 16.211431986000036 ], [ 103.560307559000194, 16.217949926000017 ], [ 103.550774844000046, 16.20359328 ], [ 103.599003983000046, 16.192545746000064 ], [ 103.619434709000132, 16.204527249000137 ], [ 103.600290559000086, 16.215292120000072 ], [ 103.617362354000136, 16.21757884699997 ], [ 103.636912160000179, 16.186847272000023 ], [ 103.653060874000118, 16.20402463 ], [ 103.661361264000163, 16.19264174000017 ], [ 103.67580693900004, 16.201614880000079 ], [ 103.664856096000165, 16.221502273000056 ], [ 103.685948649000181, 16.210781348000012 ], [ 103.691004262000035, 16.225540534000174 ], [ 103.733947476000139, 16.223046508000039 ], [ 103.75607659800005, 16.30011428500012 ], [ 103.700152872000103, 16.374058682000111 ], [ 103.816548016000183, 16.468912186000011 ], [ 103.866405335000081, 16.471141841000019 ], [ 103.928520344000049, 16.434320092000121 ], [ 104.030031369000199, 16.443450011000152 ], [ 104.045471325000165, 16.39088040900009 ], [ 104.170735597000089, 16.446110972000099 ], [ 104.189767647000053, 16.42998825300009 ], [ 104.266063294000048, 16.436765329000025 ], [ 104.291188930000089, 16.472811542000102 ], [ 104.31397307400016, 16.43758467400005 ] ] ] } },
{ "type": "Feature", "properties": { "adm1_name": "Kalasin", "adm1_name1": "กาฬสินธุ์", "adm1_pcode": "TH46" }, "geometry": { "type": "Polygon", "coordinates": [ [ [ 103.548049098000092, 17.088803570000096 ], [ 103.620735922000051, 17.092864118000136 ], [ 103.652908403000026, 17.047555931000034 ], [ 103.648440907000065, 17.02243396300014 ], [ 103.694684412000072, 17.033878120000168 ], [ 103.728979426000137, 17.006781685000021 ], [ 103.720898664000117, 16.98089765800006 ], [ 103.738614914000152, 16.990289610000161 ], [ 103.739999440000133, 16.971270779000122 ], [ 103.78339252000012, 16.95860472600009 ], [ 103.789086283000188, 16.888257027000179 ], [ 103.935131942000112, 16.787915070000111 ], [ 103.937632999000016, 16.772700167000039 ], [ 103.952687507000064, 16.779118875000165 ], [ 103.95618945800004, 16.819007477000071 ], [ 103.969492071000161, 16.811578595000015 ], [ 103.981744388000038, 16.83508709400013 ], [ 104.022814027000095, 16.855939136000018 ], [ 104.068931393000071, 16.837856223000188 ], [ 104.113949088000084, 16.766768719000083 ], [ 104.135530618000132, 16.771215383000083 ], [ 104.131105015000173, 16.73895399100013 ], [ 104.153962985000135, 16.698578761000078 ], [ 104.170312101000036, 16.697198439999966 ], [ 104.161964565000176, 16.679318372000125 ], [ 104.199090794000085, 16.660023318000015 ], [ 104.174972665000155, 16.636378864000164 ], [ 104.173159607000059, 16.608942642999978 ], [ 104.205134322000049, 16.584138512000038 ], [ 104.226022580000119, 16.551370069000086 ], [ 104.222534956000061, 16.528900371000077 ], [ 104.240505379000012, 16.518121884000095 ], [ 104.224627192000128, 16.46846500200013 ], [ 104.237857923000035, 16.428572174000067 ], [ 104.189690782000184, 16.430008167000096 ], [ 104.170735597000089, 16.446110972000099 ], [ 104.045471325000165, 16.39088040900009 ], [ 104.030031369000199, 16.443450011000152 ], [ 103.928520344000049, 16.434320092000121 ], [ 103.866405335000081, 16.471141841000019 ], [ 103.816548016000183, 16.468912186000011 ], [ 103.700152872000103, 16.374058682000111 ], [ 103.75607659800005, 16.30011428500012 ], [ 103.733947476000139, 16.223046508000039 ], [ 103.691004262000035, 16.225540534000174 ], [ 103.685948649000181, 16.210781348000012 ], [ 103.664856096000165, 16.221502273000056 ], [ 103.67580693900004, 16.201614880000079 ], [ 103.661361264000163, 16.19264174000017 ], [ 103.653060874000118, 16.20402463 ], [ 103.636912160000179, 16.186847272000023 ], [ 103.617362354000136, 16.21757884699997 ], [ 103.600290559000086, 16.215292120000072 ], [ 103.619434709000132, 16.204527249000137 ], [ 103.599003983000046, 16.192545746000064 ], [ 103.550774844000046, 16.20359328 ], [ 103.560307559000194, 16.217949926000017 ], [ 103.537177536000172, 16.211431986000036 ], [ 103.539900991000138, 16.222460839000178 ], [ 103.52092208300013, 16.195598090000033 ], [ 103.479960545000097, 16.208347033000166 ], [ 103.452504606000048, 16.181885691000105 ], [ 103.447041139000191, 16.22764902199998 ], [ 103.438835883000195, 16.220083255000077 ], [ 103.404455493, 16.256581323000148 ], [ 103.407776685000044, 16.294762899000034 ], [ 103.353832658000044, 16.308426995000161 ], [ 103.343587685000102, 16.360229625000159 ], [ 103.300374641000133, 16.369507164000083 ], [ 103.290351949000012, 16.395364910000126 ], [ 103.259995998000079, 16.376226700000075 ], [ 103.175422417000107, 16.363430399000094 ], [ 103.16353414800011, 16.389077093000083 ], [ 103.18473773900007, 16.447849732000122 ], [ 103.162880282000174, 16.499562518000118 ], [ 103.187060815999985, 16.551598700000056 ], [ 103.167491410000139, 16.602863723000098 ], [ 103.196078565000164, 16.630893884000045 ], [ 103.152398669000092, 16.643603950000056 ], [ 103.159630625000148, 16.674498248000077 ], [ 103.144841868000185, 16.701861822000183 ], [ 103.15890768200012, 16.732791251000037 ], [ 103.145790783999985, 16.753670146000104 ], [ 103.171201533999977, 16.770313915000088 ], [ 103.184469397999976, 16.821163412000033 ], [ 103.175072341000089, 16.863453023000091 ], [ 103.13458886900014, 16.872319293000089 ], [ 103.137000039000156, 16.829626523000115 ], [ 103.10528168400009, 16.826012243000037 ], [ 103.124186018000159, 16.892039325000155 ], [ 103.09677048400016, 16.914492556000141 ], [ 103.101769452000099, 16.938488491000044 ], [ 103.117670509000106, 16.962498378000191 ], [ 103.185238067000114, 16.947040992000041 ], [ 103.221107883000059, 16.967862592000131 ], [ 103.289255870000034, 16.924404804000119 ], [ 103.350262764000092, 16.921198898000057 ], [ 103.40444310800018, 16.882812681000189 ], [ 103.421625296, 16.803074037000158 ], [ 103.490992532000064, 16.90275935000011 ], [ 103.494381536000162, 16.969920742000056 ], [ 103.520046265000133, 16.998767784000165 ], [ 103.507440237000196, 17.044156594000071 ], [ 103.548049098000092, 17.088803570000096 ] ] ] } },
{ "type": "Feature", "properties": { "adm1_name": "Sakon Nakhon", "adm1_name1": "สกลนคร", "adm1_pcode": "TH47" }, "geometry": { "type": "Polygon", "coordinates": [ [ [ 103.54040335100018, 18.067847904000075 ], [ 103.581234988000062, 18.03805707600003 ], [ 103.59520097900014, 18.049673923000114 ], [ 103.611222117000068, 18.01307336800005 ], [ 103.640702396000052, 18.013257895000095 ], [ 103.621178644000054, 18.003411598000127 ], [ 103.625425057000143, 17.96786113800016 ], [ 103.662452395000116, 17.973547090000068 ], [ 103.661286789000144, 17.950250753000148 ], [ 103.715507100000082, 17.94291369400014 ], [ 103.746260167000059, 17.911336953000045 ], [ 103.765465897000183, 17.955657291000023 ], [ 103.756788407000045, 17.922251863000042 ], [ 103.782334169000194, 17.931611476000057 ], [ 103.774767085000065, 17.909071642000072 ], [ 103.78680904800018, 17.891621999000051 ], [ 103.764593277000131, 17.883306193000124 ], [ 103.794367411000167, 17.842045504000112 ], [ 103.810828580000134, 17.858443521000027 ], [ 103.795887993000065, 17.877229643000078 ], [ 103.836063705000129, 17.870212589000175 ], [ 103.856457610000064, 17.882898688000068 ], [ 103.866184182000154, 17.864187158000163 ], [ 103.904657754000027, 17.880678129000103 ], [ 103.900445163000086, 17.848220393000076 ], [ 103.922513981000179, 17.855367799000078 ], [ 103.917777782000087, 17.81987921200016 ], [ 103.954531586000144, 17.776937930000088 ], [ 103.973211145, 17.785030221000056 ], [ 103.979728856000065, 17.770900245000121 ], [ 104.000838177000048, 17.807575649000114 ], [ 104.017071872000031, 17.810056649000046 ], [ 104.023494051000057, 17.759115230000134 ], [ 104.038974555000152, 17.769552704000091 ], [ 104.057422398000199, 17.757430972000066 ], [ 104.049730921000162, 17.738858163000145 ], [ 104.064564725000082, 17.747335650000025 ], [ 104.059340067000164, 17.725846515000057 ], [ 104.077348067000116, 17.706578019 ], [ 104.070161944000176, 17.679425412000057 ], [ 104.084255482000117, 17.683510637000097 ], [ 104.067299154000068, 17.644086427000047 ], [ 104.043131229000153, 17.646331561000011 ], [ 104.028275408000127, 17.63918395900015 ], [ 104.05493503200006, 17.592773160000149 ], [ 104.035169693000114, 17.563518415000146 ], [ 104.040754795000169, 17.52697878500004 ], [ 104.009465430000034, 17.485957888000144 ], [ 104.072962260000054, 17.376578397000117 ], [ 104.077415065000139, 17.393634200000122 ], [ 104.098263914000086, 17.378100632000042 ], [ 104.095961267000064, 17.403607099000055 ], [ 104.140005270000188, 17.3843048 ], [ 104.153363019000096, 17.395412687999965 ], [ 104.144269706000046, 17.409352959000103 ], [ 104.175980566000135, 17.413798682000163 ], [ 104.172105988000055, 17.429394049999985 ], [ 104.228638425000156, 17.413619516000097 ], [ 104.287959780000051, 17.432101006000153 ], [ 104.386146866000104, 17.41249201200003 ], [ 104.413821180000184, 17.426933359000088 ], [ 104.406945162000056, 17.379137768000078 ], [ 104.423335986000154, 17.334351414000082 ], [ 104.402894891000187, 17.299586926000075 ], [ 104.435277952000035, 17.240015875000097 ], [ 104.391384771000162, 17.177855464000118 ], [ 104.388687215000061, 17.148183492000157 ], [ 104.408819356000038, 17.138654186000053 ], [ 104.391896179000184, 17.112143287000038 ], [ 104.365230950000068, 17.104883483000151 ], [ 104.351328358000103, 17.068532784000126 ], [ 104.399279776000128, 17.02672410800011 ], [ 104.356533952000063, 17.005929721000086 ], [ 104.351251960000184, 16.984645484000168 ], [ 104.317535878000115, 16.976298695000139 ], [ 104.301459111000099, 16.927135885000041 ], [ 104.266777345000037, 16.920423207999988 ], [ 104.208303054000055, 16.872980178000148 ], [ 104.124551643000075, 16.888505804999966 ], [ 104.104265216000158, 16.834966389000158 ], [ 104.070106850000059, 16.821299928000144 ], [ 104.068712006000112, 16.83803998000019 ], [ 104.022814027000095, 16.855939136000018 ], [ 103.981744388000038, 16.83508709400013 ], [ 103.969492071000161, 16.811578595000015 ], [ 103.95618945800004, 16.819007477000071 ], [ 103.952687507000064, 16.779118875000165 ], [ 103.937664593000193, 16.772686449000105 ], [ 103.935131942000112, 16.787915070000111 ], [ 103.789086283000188, 16.888257027000179 ], [ 103.783528237000041, 16.958352879000131 ], [ 103.739999440000133, 16.971270779000122 ], [ 103.738614914000152, 16.990289610000161 ], [ 103.720325210000112, 16.981397073000096 ], [ 103.725943226000084, 17.010636398000031 ], [ 103.694275558000186, 17.034033870000087 ], [ 103.662120230000085, 17.019615229000181 ], [ 103.654150432000051, 17.073840311000026 ], [ 103.668118234000076, 17.105792280000117 ], [ 103.637764823000111, 17.111879445000056 ], [ 103.601065426000162, 17.169261359000188 ], [ 103.567863444000182, 17.157188845000178 ], [ 103.470259725000176, 17.229916415000105 ], [ 103.451621143000068, 17.212565037000047 ], [ 103.416916040000103, 17.212385568000059 ], [ 103.361199310000075, 17.235872710000081 ], [ 103.351822851000122, 17.25523442400015 ], [ 103.274946376000173, 17.270423646000097 ], [ 103.250694925000062, 17.312897866000128 ], [ 103.301524943000061, 17.389886728000022 ], [ 103.274585846000036, 17.439798169000085 ], [ 103.286450581000167, 17.497601303000124 ], [ 103.316927567000164, 17.523810802000185 ], [ 103.337770158000069, 17.578286642000023 ], [ 103.411218072999986, 17.595099865 ], [ 103.397267636000095, 17.617893235000167 ], [ 103.410610072000054, 17.729302238000059 ], [ 103.366867925000065, 17.7901493170001 ], [ 103.390022487000067, 17.829210986000078 ], [ 103.380149971000151, 17.839945002000036 ], [ 103.397620069000027, 17.84274239500013 ], [ 103.399829886000191, 17.830587780000144 ], [ 103.402264591000119, 17.843014643000117 ], [ 103.422562316000096, 17.841988209000078 ], [ 103.393713170000183, 17.855689813000083 ], [ 103.417752988000075, 17.882533898000133 ], [ 103.396730086000048, 17.907886351000172 ], [ 103.395092577000185, 17.93309081600006 ], [ 103.412820140000122, 17.933878822000054 ], [ 103.386747301000185, 17.980923702000041 ], [ 103.407109537000053, 17.993505581000022 ], [ 103.445961156000067, 17.967088655000111 ], [ 103.438602597000056, 17.984265275000041 ], [ 103.471522541000184, 18.00521586300016 ], [ 103.498119870000039, 17.990268426000171 ], [ 103.493325502, 18.06011712600008 ], [ 103.536736422000047, 18.068163150000032 ], [ 103.540251135000176, 18.08894582400012 ], [ 103.54040335100018, 18.067847904000075 ] ] ] } },
{ "type": "Feature", "properties": { "adm1_name": "Nakhon Phanom", "adm1_name1": "นครพนม", "adm1_pcode": "TH48" }, "geometry": { "type": "Polygon", "coordinates": [ [ [ 104.191964631000076, 18.021462793000069 ], [ 104.274284417, 17.865052057000071 ], [ 104.353689983000038, 17.824563894000164 ], [ 104.466513951000195, 17.656664501000023 ], [ 104.701691540000013, 17.529527826 ], [ 104.799948088000122, 17.394803380000042 ], [ 104.802263752000044, 17.171939552000026 ], [ 104.729478361000076, 17.006346846000042 ], [ 104.736277304000112, 16.915674965000164 ], [ 104.764070967, 16.848514738000176 ], [ 104.737261800000056, 16.804713628 ], [ 104.716517971000087, 16.829351663000125 ], [ 104.700647009000193, 16.827327684000068 ], [ 104.692356189000066, 16.790423776000182 ], [ 104.66649738600006, 16.787437468000178 ], [ 104.635973618000094, 16.822471601000188 ], [ 104.628329219000079, 16.863108625000052 ], [ 104.592429750000065, 16.86704342500019 ], [ 104.505309656000179, 16.852101780000169 ], [ 104.467390184000124, 16.865986853000152 ], [ 104.478794723000021, 16.842206747999967 ], [ 104.455695620000085, 16.860356897000088 ], [ 104.449696289000087, 16.830152632000022 ], [ 104.449285559000032, 16.856164563000107 ], [ 104.440823879000163, 16.842325840000058 ], [ 104.428859423000176, 16.857046984000021 ], [ 104.441519138000046, 16.872506311999985 ], [ 104.407611627, 16.896196705000023 ], [ 104.405602411000018, 16.837881344000039 ], [ 104.356980036000039, 16.880076481000117 ], [ 104.319426638000039, 16.874659805000078 ], [ 104.296020149000071, 16.837767927000129 ], [ 104.287564325000119, 16.856745757000056 ], [ 104.248401359000184, 16.871934599000042 ], [ 104.252878866, 16.908149573000117 ], [ 104.303064748000168, 16.928735940000024 ], [ 104.317535878000115, 16.976298695000139 ], [ 104.398445130000198, 17.023046270000123 ], [ 104.351328358000103, 17.068532784000126 ], [ 104.365230950000068, 17.104883483000151 ], [ 104.391896179000184, 17.112143287000038 ], [ 104.408819356000038, 17.138654186000053 ], [ 104.388687215000061, 17.148183492000157 ], [ 104.391384771000162, 17.177855464000118 ], [ 104.435277952000035, 17.240015875000097 ], [ 104.402894891000187, 17.299586926000075 ], [ 104.422880559000191, 17.329241928999977 ], [ 104.406945162000056, 17.379137768000078 ], [ 104.41737327300018, 17.421009754000124 ], [ 104.401159531000133, 17.429716874000064 ], [ 104.386146866000104, 17.41249201200003 ], [ 104.287959780000051, 17.432101006000153 ], [ 104.228638425000156, 17.413619516000097 ], [ 104.172105988000055, 17.429394049999985 ], [ 104.175725155000066, 17.413488298000061 ], [ 104.14480523900005, 17.409761991000039 ], [ 104.153118128000131, 17.394443556000112 ], [ 104.131203251000102, 17.37981731900004 ], [ 104.126060231000054, 17.398758231000159 ], [ 104.109109778000061, 17.391681223000091 ], [ 104.107514608000088, 17.402713868000149 ], [ 104.090910256000029, 17.401833416000102 ], [ 104.093916408000098, 17.375163691000125 ], [ 104.078558326000177, 17.39334361900012 ], [ 104.073435788000154, 17.3764202320001 ], [ 104.057000181000149, 17.389625970000111 ], [ 104.009465430000034, 17.485957888000144 ], [ 104.040754795000169, 17.52697878500004 ], [ 104.035169693000114, 17.563518415000146 ], [ 104.05493503200006, 17.592773160000149 ], [ 104.028275408000127, 17.63918395900015 ], [ 104.067299154000068, 17.644086427000047 ], [ 104.084248691000141, 17.683563133 ], [ 104.066378683000039, 17.690564130000098 ], [ 104.078331239000136, 17.696623443000078 ], [ 104.059277692000023, 17.726070935000109 ], [ 104.064790757000139, 17.747067370000025 ], [ 104.050482159000182, 17.737589107000133 ], [ 104.058797634000086, 17.755064415999982 ], [ 104.03976515800008, 17.769428998000137 ], [ 104.023978140000054, 17.758285602000058 ], [ 104.013116465000053, 17.83027999400008 ], [ 103.981547592000084, 17.858475010000063 ], [ 103.996630227000082, 17.892497959000025 ], [ 104.030496658000061, 17.909995507000076 ], [ 104.061803624000163, 17.903701207000097 ], [ 104.073783008000134, 17.880606531000069 ], [ 104.130788529000085, 17.940009297000074 ], [ 104.112182941000071, 18.005256619000136 ], [ 104.172642401000076, 18.002644948000125 ], [ 104.191964631000076, 18.021462793000069 ] ] ] } },
{ "type": "Feature", "properties": { "adm1_name": "Mukdahan", "adm1_name1": "มุกดาหาร", "adm1_pcode": "TH49" }, "geometry": { "type": "Polygon", "coordinates": [ [ [ 104.252176862, 16.90693472300012 ], [ 104.248401359000184, 16.871934599000042 ], [ 104.287564325000119, 16.856745757000056 ], [ 104.296020149000071, 16.837767927000129 ], [ 104.319426638000039, 16.874659805000078 ], [ 104.354727109, 16.880171583000163 ], [ 104.405602411000018, 16.837881344000039 ], [ 104.407611627, 16.896196705000023 ], [ 104.441519138000046, 16.872506311999985 ], [ 104.428859423000176, 16.857046984000021 ], [ 104.440823879000163, 16.842325840000058 ], [ 104.440821995000192, 16.85294191100013 ], [ 104.449285559000032, 16.856164563000107 ], [ 104.449696289000087, 16.830152632000022 ], [ 104.455695620000085, 16.860356897000088 ], [ 104.478794723000021, 16.842206747999967 ], [ 104.467390184000124, 16.865986853000152 ], [ 104.505309656000179, 16.852101780000169 ], [ 104.551995880000163, 16.869254491000163 ], [ 104.628329219000079, 16.863108625000052 ], [ 104.635973618000094, 16.822471601000188 ], [ 104.667907263000075, 16.787107330000026 ], [ 104.692356189000066, 16.790423776000182 ], [ 104.692692119000128, 16.824097727000094 ], [ 104.716547968000043, 16.829331710000133 ], [ 104.737261800000056, 16.804713628 ], [ 104.764008628000113, 16.701190764000103 ], [ 104.734595455000147, 16.568762172000163 ], [ 104.742638612000121, 16.528401493 ], [ 104.844363977000114, 16.455802474000166 ], [ 104.891804729000171, 16.34653025300014 ], [ 104.927632513000162, 16.334261809000054 ], [ 104.978723892000062, 16.279131600000142 ], [ 104.959779396000044, 16.284337593000032 ], [ 104.947788446000175, 16.261977911000088 ], [ 104.885553722000111, 16.235142465000138 ], [ 104.878967362000139, 16.210460898000179 ], [ 104.826163171000189, 16.205008965 ], [ 104.811780925000164, 16.185264647000054 ], [ 104.70368200200005, 16.207449868000083 ], [ 104.663346312000101, 16.243951980000134 ], [ 104.643103623000059, 16.215568827000141 ], [ 104.614981160000127, 16.215628848 ], [ 104.597551472000191, 16.241952679000178 ], [ 104.555883550000146, 16.261485499000173 ], [ 104.550477073000195, 16.312272298000039 ], [ 104.510816357000067, 16.31697578100011 ], [ 104.498731437000117, 16.340158017000135 ], [ 104.388359818000083, 16.348808712999983 ], [ 104.348004614000104, 16.323211225000023 ], [ 104.325985888000048, 16.333115851000116 ], [ 104.310455081000157, 16.454090778000079 ], [ 104.290422691000174, 16.47258056700008 ], [ 104.28421342200005, 16.449883271000033 ], [ 104.237857923000035, 16.428572174000067 ], [ 104.224627192000128, 16.46846500200013 ], [ 104.240505379000012, 16.518121884000095 ], [ 104.222534956000061, 16.528900371000077 ], [ 104.226022580000119, 16.551370069000086 ], [ 104.205134322000049, 16.584138512000038 ], [ 104.173159607000059, 16.608942642999978 ], [ 104.174972665000155, 16.636378864000164 ], [ 104.198871257000121, 16.660581271000126 ], [ 104.161964565000176, 16.679318372000125 ], [ 104.170312101000036, 16.697198439999966 ], [ 104.153962985000135, 16.698578761000078 ], [ 104.131105015000173, 16.73895399100013 ], [ 104.135530618000132, 16.771215383000083 ], [ 104.113949088000084, 16.766768719000083 ], [ 104.091848317000142, 16.810553186 ], [ 104.070106850000059, 16.821299928000144 ], [ 104.104265216000158, 16.834966389000158 ], [ 104.124551643000075, 16.888505804999966 ], [ 104.208303054000055, 16.872980178000148 ], [ 104.252176862, 16.90693472300012 ] ] ] } },
{ "type": "Feature", "properties": { "adm1_name": "Chiang Mai", "adm1_name1": "เชียงใหม่", "adm1_pcode": "TH50" }, "geometry": { "type": "Polygon", "coordinates": [ [ [ 99.510246723000137, 20.147454685000071 ], [ 99.568528323000123, 20.123566799000173 ], [ 99.570824745000039, 20.107805150000161 ], [ 99.491190137000103, 20.079034669000066 ], [ 99.505187987000113, 20.05370336600015 ], [ 99.467477667000082, 20.034087309000085 ], [ 99.478329646000134, 20.013228607000144 ], [ 99.418582712000045, 19.952976026000044 ], [ 99.420415247000108, 19.917617698000186 ], [ 99.381397078000134, 19.889467701000115 ], [ 99.419907920000128, 19.814039100000059 ], [ 99.380376022000064, 19.810227839000106 ], [ 99.377009278000173, 19.779163657000083 ], [ 99.361525245000053, 19.777326187000085 ], [ 99.359799603000113, 19.726301044000024 ], [ 99.313417299000037, 19.707630299000186 ], [ 99.25798555300014, 19.649594372000024 ], [ 99.297003662000066, 19.561175336000133 ], [ 99.32624968000016, 19.539109901000074 ], [ 99.294511562000139, 19.495185850000155 ], [ 99.318657267000162, 19.454788665000137 ], [ 99.308059493000087, 19.430956284000104 ], [ 99.330573451000078, 19.398421119000091 ], [ 99.327227347000132, 19.319345775000045 ], [ 99.342979843000194, 19.267836825000188 ], [ 99.310767556000087, 19.224062787000094 ], [ 99.304573915, 19.182504635999976 ], [ 99.344369646000189, 19.086390439000127 ], [ 99.383786074000113, 19.063104292000162 ], [ 99.401803435000033, 19.000148220000142 ], [ 99.376051932, 18.973444645000029 ], [ 99.391413974000102, 18.884335700000122 ], [ 99.350447718000169, 18.836239923000164 ], [ 99.371475002000068, 18.753420277000089 ], [ 99.327074809000123, 18.684805939000171 ], [ 99.349139416000128, 18.655355615000076 ], [ 99.332543187000169, 18.650132171000052 ], [ 99.326884018000044, 18.619522994000079 ], [ 99.358289119000176, 18.60767921300004 ], [ 99.353454396000075, 18.579382274000068 ], [ 99.332095569000046, 18.575972860000093 ], [ 99.3173374160001, 18.532171919000177 ], [ 99.296325644000092, 18.536964399000055 ], [ 99.217507456000192, 18.592009204000135 ], [ 99.235292777000154, 18.616893895000089 ], [ 99.233860236, 18.651089156000126 ], [ 99.188748543000202, 18.678910197000107 ], [ 99.189901560000123, 18.705136209000102 ], [ 99.151433983000118, 18.708135165000044 ], [ 99.126961320000191, 18.683389101000159 ], [ 99.076202858000045, 18.681804815000191 ], [ 99.065194196000107, 18.659682958000076 ], [ 99.009928695000042, 18.673284769000077 ], [ 99.004467713000111, 18.643088576000025 ], [ 98.978310081000132, 18.635543184000085 ], [ 98.93411223600009, 18.542035209 ], [ 98.86769196400013, 18.515329817 ], [ 98.764692319000062, 18.434681812000179 ], [ 98.707397666000134, 18.440746960000183 ], [ 98.693268943000021, 18.414980611000146 ], [ 98.709528608000028, 18.413830095000151 ], [ 98.681468345000098, 18.368952674000184 ], [ 98.703589369000042, 18.332240838000018 ], [ 98.67192278300007, 18.326774981000142 ], [ 98.672495923000099, 18.310097961000167 ], [ 98.775425924000047, 18.249698401000103 ], [ 98.782733385000085, 18.179296354000144 ], [ 98.80529693800014, 18.155554958000039 ], [ 98.79697319800016, 18.086116413000013 ], [ 98.813557723000201, 18.078688968 ], [ 98.776908654000181, 18.000566738000146 ], [ 98.80750300200009, 18.008561161000159 ], [ 98.832776658000114, 17.988280604000181 ], [ 98.870361596, 17.849162153000179 ], [ 98.851989066000101, 17.845954636999977 ], [ 98.857114749000061, 17.814583340000013 ], [ 98.801796549000187, 17.795957955 ], [ 98.784626347000085, 17.832560923000074 ], [ 98.762755817000084, 17.801766974000088 ], [ 98.685375183000076, 17.790962026000102 ], [ 98.669114042000103, 17.834541379000143 ], [ 98.639015707000169, 17.814822742000104 ], [ 98.623833931000036, 17.777110766000135 ], [ 98.596623948000115, 17.803578606000031 ], [ 98.571494531000042, 17.808880507000083 ], [ 98.560473241000125, 17.795417091000047 ], [ 98.522002196000187, 17.824414039000089 ], [ 98.491630698000051, 17.812411035000139 ], [ 98.509782070000199, 17.788586677000126 ], [ 98.503475489000152, 17.76056443300007 ], [ 98.52534724700007, 17.70734460500006 ], [ 98.532707605000155, 17.619051740000032 ], [ 98.578111208000166, 17.575366227000075 ], [ 98.527600903000064, 17.536834109000097 ], [ 98.517979723000167, 17.48003312700007 ], [ 98.557650001000127, 17.426606440000114 ], [ 98.537370924000072, 17.362220376000096 ], [ 98.561944740000115, 17.351809253000113 ], [ 98.556967698000051, 17.293837296999982 ], [ 98.578854194000144, 17.294401776000086 ], [ 98.532024982000053, 17.274507270000129 ], [ 98.441711461000182, 17.270998645000191 ], [ 98.391535528000077, 17.242283751000173 ], [ 98.357972058000144, 17.27364320900017 ], [ 98.362582657000189, 17.28843329100016 ], [ 98.321704254000167, 17.31072312800012 ], [ 98.3341172330002, 17.347929209000029 ], [ 98.291702783000176, 17.407442988000071 ], [ 98.322267873000158, 17.416650597000114 ], [ 98.329684668000198, 17.469571838000036 ], [ 98.298120825000069, 17.575255626000057 ], [ 98.264824924000038, 17.57857661900016 ], [ 98.208909128000073, 17.540111699000079 ], [ 98.131234975000041, 17.546743624000158 ], [ 98.089214565000134, 17.637178311000127 ], [ 98.145310790000167, 17.683163760000127 ], [ 98.153413213000078, 17.729707382000186 ], [ 98.135311544000103, 17.759650800000031 ], [ 98.147212933000105, 17.776606683000125 ], [ 98.132464541000161, 17.796726604000128 ], [ 98.0878632470002, 17.808370688000082 ], [ 98.0696123620001, 17.853303855000036 ], [ 98.00882722200015, 17.900380840000082 ], [ 98.011123798000085, 17.927113596000027 ], [ 98.056010680000043, 17.952027320000127 ], [ 98.098931188000165, 17.962556852000034 ], [ 98.14350786600005, 17.935375745000044 ], [ 98.161589733000199, 17.970453922000104 ], [ 98.246195002000093, 17.98961981900004 ], [ 98.243065540000146, 18.019268777000093 ], [ 98.289418198000078, 18.07528935400012 ], [ 98.272307782000098, 18.087132677999989 ], [ 98.242741342000159, 18.077714008000157 ], [ 98.2302952510002, 18.0987376060001 ], [ 98.205982689000109, 18.088406803000169 ], [ 98.19066639600004, 18.113960962000078 ], [ 98.16541702100011, 18.119367917000034 ], [ 98.155822206000039, 18.163722397000186 ], [ 98.176058355000066, 18.192076603000032 ], [ 98.169012334000172, 18.222678440000095 ], [ 98.13897752600019, 18.240385221999986 ], [ 98.13838687100008, 18.281156019000036 ], [ 98.193329311000184, 18.28513997400006 ], [ 98.208166546000086, 18.307566826000084 ], [ 98.19762559100019, 18.333343291000062 ], [ 98.145385879000116, 18.362994308000111 ], [ 98.125780661000135, 18.406407166000179 ], [ 98.074035661000096, 18.429445325000074 ], [ 98.105584216000182, 18.458307726000101 ], [ 98.122449491000168, 18.502566264999984 ], [ 98.170267995000074, 18.525118817000134 ], [ 98.17517674000004, 18.547176666000098 ], [ 98.209333026000138, 18.538011810000114 ], [ 98.237158885000042, 18.569299923000131 ], [ 98.210658172000194, 18.607181292000178 ], [ 98.182409086000177, 18.609715269000105 ], [ 98.182763861000126, 18.625218716000063 ], [ 98.105434496000044, 18.648619265000093 ], [ 98.107678985, 18.713284860999977 ], [ 98.093703548000178, 18.738305030000106 ], [ 98.121907733000114, 18.775521798000113 ], [ 98.093177235000098, 18.776557739000111 ], [ 98.08614108800009, 18.792950846000167 ], [ 98.092052420000186, 18.870166052000116 ], [ 98.129793731000177, 18.911828023000169 ], [ 98.157278530999974, 18.920215713000118 ], [ 98.18440854500011, 19.031751277000069 ], [ 98.250575521000087, 19.108258999000157 ], [ 98.240459090000172, 19.13970452 ], [ 98.251994654000157, 19.160865521000062 ], [ 98.341802509000161, 19.151625232000129 ], [ 98.352721146000192, 19.091210470000078 ], [ 98.420215333999977, 19.027222875000064 ], [ 98.439608679000116, 19.048563865000119 ], [ 98.541915505000134, 19.026204420000056 ], [ 98.648988376000091, 19.081054875000063 ], [ 98.638298082000176, 19.154651653000144 ], [ 98.567964367000172, 19.209931359000052 ], [ 98.598876026000141, 19.229007116000048 ], [ 98.587270993000118, 19.255397529000163 ], [ 98.604944882000098, 19.279770378000023 ], [ 98.589063533000115, 19.332382114000154 ], [ 98.596510888000182, 19.362520641000117 ], [ 98.573003186999983, 19.387253568000062 ], [ 98.596250120000093, 19.407296499000097 ], [ 98.584519630000159, 19.426353295000183 ], [ 98.595174488000112, 19.489727886000082 ], [ 98.568230261000167, 19.507561206 ], [ 98.565938963000121, 19.546893963000059 ], [ 98.542251522000129, 19.558540831000016 ], [ 98.540184829000111, 19.611056311000027 ], [ 98.472081263000177, 19.656276495000043 ], [ 98.46781925300013, 19.694741095999973 ], [ 98.511032433000139, 19.717425104000142 ], [ 98.566384208000102, 19.672184230000028 ], [ 98.571575165000183, 19.703937121000138 ], [ 98.589962309000043, 19.715683987999967 ], [ 98.623306533000118, 19.71391605499997 ], [ 98.625772419000043, 19.728374794 ], [ 98.711373625000192, 19.768831841000178 ], [ 98.779372170000102, 19.753058736000071 ], [ 98.838465800000108, 19.81403523400013 ], [ 98.912152630000151, 19.761589081000068 ], [ 99.00612368600008, 19.787627013000076 ], [ 99.036042622000025, 19.864585613000145 ], [ 99.021889430000158, 19.927279666000061 ], [ 99.04274661400018, 19.931392510000023 ], [ 99.03199895900002, 19.973842371000046 ], [ 99.054339642000116, 20.003472935000104 ], [ 99.043966212000157, 20.038742409000122 ], [ 99.077734579000037, 20.101983147000055 ], [ 99.11941297400017, 20.101084465000156 ], [ 99.126103071000102, 20.119444847000182 ], [ 99.158719452000071, 20.133010892000073 ], [ 99.210474858000111, 20.132502410000086 ], [ 99.246428833000152, 20.112838376000013 ], [ 99.332237464000173, 20.111258104 ], [ 99.400735414000053, 20.086112811000021 ], [ 99.497995488000129, 20.116097798000055 ], [ 99.510246723000137, 20.147454685000071 ] ] ] } },
{ "type": "Feature", "properties": { "adm1_name": "Lamphun", "adm1_name1": "ลำพูน", "adm1_pcode": "TH51" }, "geometry": { "type": "Polygon", "coordinates": [ [ [ 99.188208050000185, 18.706314962000022 ], [ 99.188748543000202, 18.678910197000107 ], [ 99.233860236, 18.651089156000126 ], [ 99.235292777000154, 18.616893895000089 ], [ 99.217507456000192, 18.592009204000135 ], [ 99.3173374160001, 18.532171919000177 ], [ 99.321481686000197, 18.499632954000049 ], [ 99.256500475, 18.49664443000006 ], [ 99.238191695000182, 18.448468555000034 ], [ 99.167173441000159, 18.374269104000064 ], [ 99.152386897000042, 18.315489742000125 ], [ 99.125135773000011, 18.31292957200003 ], [ 99.112488271000188, 18.294942576000039 ], [ 99.113257953000129, 18.267400741000188 ], [ 99.083949638000149, 18.279632187000061 ], [ 99.017797792000181, 18.252438318000031 ], [ 99.056798229000094, 18.17521826300009 ], [ 99.070667672000184, 18.061101757000131 ], [ 99.100955296000109, 18.001126888000101 ], [ 99.094950227000197, 17.954847377000135 ], [ 99.115803770000184, 17.946183363000046 ], [ 99.108160854000175, 17.913342202000138 ], [ 99.146864182000058, 17.910829877000026 ], [ 99.183315517000096, 17.860529031999988 ], [ 99.180902373000094, 17.846417078000172 ], [ 99.159103874000095, 17.843230922000146 ], [ 99.174677668000129, 17.810430979000103 ], [ 99.103176529000166, 17.812607054000125 ], [ 99.125602021000077, 17.77112860699998 ], [ 99.085249507000128, 17.73810239800008 ], [ 99.087727853, 17.704037935000031 ], [ 99.06565180900003, 17.69303418200019 ], [ 99.04925167500005, 17.612116109 ], [ 99.01893642400006, 17.614531286000101 ], [ 99.000454783000066, 17.638680664000162 ], [ 98.905754603000048, 17.648938262000172 ], [ 98.880666128000144, 17.626985906000129 ], [ 98.880049210000095, 17.605168440000057 ], [ 98.911052589000178, 17.581782843000042 ], [ 98.910150325000131, 17.536710051000171 ], [ 98.879633668000167, 17.490952660000062 ], [ 98.828844216000164, 17.514711722000129 ], [ 98.749943329000075, 17.468087764000188 ], [ 98.718648538000025, 17.465606539000134 ], [ 98.690955824000071, 17.425889056000074 ], [ 98.682724436000058, 17.460458417000154 ], [ 98.705583623000052, 17.501198226000099 ], [ 98.682587037000133, 17.596825110000054 ], [ 98.684014856000033, 17.664723180000067 ], [ 98.746266176, 17.692698541000027 ], [ 98.685349696000173, 17.790965348000043 ], [ 98.762755817000084, 17.801766974000088 ], [ 98.784626347000085, 17.832560923000074 ], [ 98.799179228000071, 17.796104748000175 ], [ 98.827131880000081, 17.799154041000179 ], [ 98.857114749000061, 17.814583340000013 ], [ 98.851989066000101, 17.845954636999977 ], [ 98.870688886000096, 17.854214669000044 ], [ 98.832776658000114, 17.988280604000181 ], [ 98.80750300200009, 18.008561161000159 ], [ 98.776908654000181, 18.000566738000146 ], [ 98.813557723000201, 18.078688968 ], [ 98.79697319800016, 18.086116413000013 ], [ 98.80529693800014, 18.155554958000039 ], [ 98.782733385000085, 18.179296354000144 ], [ 98.775425924000047, 18.249698401000103 ], [ 98.672495923000099, 18.310097961000167 ], [ 98.67192278300007, 18.326774981000142 ], [ 98.703845170000193, 18.333522390000041 ], [ 98.681440471000144, 18.368077338999967 ], [ 98.709528608000028, 18.413830095000151 ], [ 98.693453309, 18.41796689500012 ], [ 98.709516801000063, 18.442040279000139 ], [ 98.764692319000062, 18.434681812000179 ], [ 98.86769196400013, 18.515329817 ], [ 98.93411223600009, 18.542035209 ], [ 98.978310081000132, 18.635543184000085 ], [ 99.004467713000111, 18.643088576000025 ], [ 99.009928695000042, 18.673284769000077 ], [ 99.065194196000107, 18.659682958000076 ], [ 99.076348565000103, 18.6818685450001 ], [ 99.113517162000164, 18.67908974900007 ], [ 99.149617419000094, 18.707544493000057 ], [ 99.188208050000185, 18.706314962000022 ] ] ] } },
{ "type": "Feature", "properties": { "adm1_name": "Lampang", "adm1_name1": "ลำปาง", "adm1_pcode": "TH52" }, "geometry": { "type": "Polygon", "coordinates": [ [ [ 99.562951891000012, 19.41427645400006 ], [ 99.695594675000052, 19.381428767000102 ], [ 99.708401146000199, 19.334273895000081 ], [ 99.703128315000072, 19.244539995000139 ], [ 99.726139308000199, 19.169888379000156 ], [ 99.758610995000083, 19.134035220999976 ], [ 99.773270429000149, 19.064211163000152 ], [ 99.819268787000055, 19.061445031000062 ], [ 99.838528503000191, 19.001625477000061 ], [ 99.911642749000123, 18.987973780000175 ], [ 99.966354379000109, 18.924465940000175 ], [ 100.016998368000088, 18.895716498000127 ], [ 100.033825326000056, 18.902322195000011 ], [ 100.07032442000019, 18.86527807300007 ], [ 100.066338343000155, 18.816719103000082 ], [ 100.087872847000085, 18.827265958000055 ], [ 100.121474967000154, 18.7978610830001 ], [ 100.09632192100014, 18.730079253000099 ], [ 100.111347915000124, 18.672063257000104 ], [ 100.099543707000123, 18.628923751000116 ], [ 100.120877360000179, 18.60179423000011 ], [ 100.109088242000155, 18.560013382000136 ], [ 100.089574571000185, 18.572826779000081 ], [ 100.05566006700019, 18.557159909000177 ], [ 100.04967828000008, 18.497657208000192 ], [ 100.021820060000096, 18.447725195000146 ], [ 100.004436979000047, 18.445324583000115 ], [ 100.006594790000122, 18.411061892000191 ], [ 99.966682165000066, 18.393255439000086 ], [ 99.906339165000077, 18.279887871000085 ], [ 99.857598056000199, 18.28390885500005 ], [ 99.719827709000128, 18.07008496800006 ], [ 99.668825699000138, 18.0416774360001 ], [ 99.63132889700006, 18.062295276000043 ], [ 99.585004291000132, 18.035207334000177 ], [ 99.594606910000039, 18.008909960000153 ], [ 99.483036662000018, 17.92018952300009 ], [ 99.368829424000182, 17.777442454999971 ], [ 99.387205945000176, 17.687556630000131 ], [ 99.449540367000111, 17.709387738999965 ], [ 99.464855354000122, 17.737308090000056 ], [ 99.479332192000129, 17.728991817000065 ], [ 99.476237628000035, 17.676409382000088 ], [ 99.447578306000196, 17.64484024300009 ], [ 99.454332143999977, 17.598105516000089 ], [ 99.440016940000191, 17.609676785000147 ], [ 99.419111669000074, 17.600457040000151 ], [ 99.413042722000171, 17.574073579000071 ], [ 99.435761807000119, 17.563453373000129 ], [ 99.439362121000102, 17.527422650000062 ], [ 99.421354165000139, 17.51869731000005 ], [ 99.40615981000019, 17.471455446000107 ], [ 99.441063662000147, 17.433100852000109 ], [ 99.431205254000133, 17.389630634000127 ], [ 99.470399339000096, 17.367636157999982 ], [ 99.477965156000153, 17.328180451000094 ], [ 99.455494118000047, 17.309437778000188 ], [ 99.455369910000059, 17.254541574000029 ], [ 99.440820618000089, 17.252051526000059 ], [ 99.439767463000067, 17.228806165000037 ], [ 99.390861121000114, 17.205499796000026 ], [ 99.340015557000072, 17.267412097999966 ], [ 99.302981321000061, 17.27394723599997 ], [ 99.265028636000181, 17.403797850000103 ], [ 99.225093852000157, 17.404656758000101 ], [ 99.161415797000188, 17.332502047000105 ], [ 99.141847315, 17.360995905000095 ], [ 99.109574833000181, 17.358764128000075 ], [ 99.046861974000137, 17.385670979000167 ], [ 98.980488865000098, 17.467742420000036 ], [ 98.931410261000053, 17.473612421000155 ], [ 98.924754283000198, 17.525670853000179 ], [ 98.906464816000096, 17.544969362000074 ], [ 98.911052589000178, 17.581782843000042 ], [ 98.887800214000151, 17.589426115000037 ], [ 98.880666128000144, 17.626985906000129 ], [ 98.905754603000048, 17.648938262000172 ], [ 98.946277413000075, 17.647054731000026 ], [ 99.048949727000149, 17.61189525900005 ], [ 99.06565180900003, 17.69303418200019 ], [ 99.087727853, 17.704037935000031 ], [ 99.085249507000128, 17.73810239800008 ], [ 99.125602021000077, 17.77112860699998 ], [ 99.103176529000166, 17.812607054000125 ], [ 99.174677668000129, 17.810430979000103 ], [ 99.159103874000095, 17.843230922000146 ], [ 99.180902373000094, 17.846417078000172 ], [ 99.183315517000096, 17.860529031999988 ], [ 99.146864182000058, 17.910829877000026 ], [ 99.108160854000175, 17.913342202000138 ], [ 99.115803770000184, 17.946183363000046 ], [ 99.094950227000197, 17.954847377000135 ], [ 99.100955296000109, 18.001126888000101 ], [ 99.070667672000184, 18.061101757000131 ], [ 99.056798229000094, 18.17521826300009 ], [ 99.017797792000181, 18.252438318000031 ], [ 99.083949638000149, 18.279632187000061 ], [ 99.113257953000129, 18.267400741000188 ], [ 99.112488271000188, 18.294942576000039 ], [ 99.125135773000011, 18.31292957200003 ], [ 99.152386897000042, 18.315489742000125 ], [ 99.167173441000159, 18.374269104000064 ], [ 99.238191695000182, 18.448468555000034 ], [ 99.256500475, 18.49664443000006 ], [ 99.321481686000197, 18.499632954000049 ], [ 99.327793194000151, 18.56570913500002 ], [ 99.353454396000075, 18.579382274000068 ], [ 99.359047660000158, 18.604677330000072 ], [ 99.326884018000044, 18.619522994000079 ], [ 99.332543187000169, 18.650132171000052 ], [ 99.349139416000128, 18.655355615000076 ], [ 99.327074809000123, 18.684805939000171 ], [ 99.371475002000068, 18.753420277000089 ], [ 99.350447718000169, 18.836239923000164 ], [ 99.391413974000102, 18.884335700000122 ], [ 99.377478230000065, 18.982452857000169 ], [ 99.436156317000098, 19.007866971000112 ], [ 99.483615861000089, 19.071809339000026 ], [ 99.538281554000093, 19.086197756999979 ], [ 99.560577527000021, 19.136538594000115 ], [ 99.536650321000025, 19.163640447000148 ], [ 99.548358331000145, 19.251267900000187 ], [ 99.580610431000025, 19.311400192000121 ], [ 99.562951891000012, 19.41427645400006 ] ] ] } },
{ "type": "Feature", "properties": { "adm1_name": "Uttaradit", "adm1_name1": "อุตรดิตถ์", "adm1_pcode": "TH53" }, "geometry": { "type": "Polygon", "coordinates": [ [ [ 101.092413310000154, 18.381670729000064 ], [ 101.182192570000154, 18.340723125000125 ], [ 101.148549220000177, 18.295550753000157 ], [ 101.163349795999977, 18.27884792499998 ], [ 101.144477599000197, 18.259455553000066 ], [ 101.165283246000115, 18.217699876000097 ], [ 101.192847738000125, 18.213053102 ], [ 101.161172424000142, 18.12349045000019 ], [ 101.184548018000157, 18.065602216000059 ], [ 101.122194250000064, 18.000043024000149 ], [ 101.11755066700016, 17.950685791000069 ], [ 101.019318364000185, 17.891246245000048 ], [ 101.032487294000191, 17.833793134000132 ], [ 100.99864283300019, 17.820205299000065 ], [ 101.006391828000176, 17.783934443000135 ], [ 100.977888546000088, 17.762650878000102 ], [ 100.988849593000111, 17.743676454000138 ], [ 100.966385092000053, 17.70225908599997 ], [ 100.925572830000135, 17.695908993000103 ], [ 100.905113553000092, 17.715045453000016 ], [ 100.874894327000106, 17.711057475000132 ], [ 100.842721659, 17.6534149310001 ], [ 100.80182271100017, 17.638520894000123 ], [ 100.740270115000101, 17.542441796000048 ], [ 100.64234636000009, 17.493361520000065 ], [ 100.645031669000105, 17.474544389000187 ], [ 100.613353022000126, 17.465856440000152 ], [ 100.594286971000088, 17.421879524000133 ], [ 100.513696733000131, 17.403949528000055 ], [ 100.501326789000132, 17.428894850000063 ], [ 100.427017396000167, 17.421508584000037 ], [ 100.356345330000181, 17.38283511100019 ], [ 100.329101690000016, 17.386854052000103 ], [ 100.323047197000108, 17.368298751 ], [ 100.307378018000122, 17.383088022000038 ], [ 100.288911780000035, 17.376113505000035 ], [ 100.296881923, 17.347811320000176 ], [ 100.272165539000127, 17.277415061000113 ], [ 100.282460662000062, 17.220608859000038 ], [ 100.167579145000104, 17.20111923200011 ], [ 100.160029864000137, 17.165600065000149 ], [ 100.149771054000041, 17.185797187000048 ], [ 100.036299935000102, 17.181340199000033 ], [ 100.014296935000118, 17.139091682000185 ], [ 99.99607883200008, 17.138779923000072 ], [ 100.009692398000084, 17.15048589100013 ], [ 99.972949517000131, 17.164613554000141 ], [ 99.983530354000095, 17.189386379000041 ], [ 99.970992032000083, 17.211166666999986 ], [ 99.982132628000102, 17.215784922000125 ], [ 99.957903879000128, 17.230352074000166 ], [ 99.973567671000126, 17.241363829000079 ], [ 99.954532997000115, 17.242715411000177 ], [ 99.970433916000104, 17.283547428000077 ], [ 100.004437940000173, 17.296333853000135 ], [ 99.995432324000092, 17.326724029000047 ], [ 100.019328223000059, 17.333929160000139 ], [ 100.004062464000015, 17.345230724000146 ], [ 100.009539207000103, 17.381344045999981 ], [ 99.990402284000083, 17.407423355000162 ], [ 100.030909933000146, 17.44449602300017 ], [ 99.928350110000054, 17.521415250000075 ], [ 99.94269485500007, 17.545272360000126 ], [ 99.923918814000046, 17.586628504000146 ], [ 99.976906987000177, 17.622210059000111 ], [ 99.966026492000083, 17.632393512000078 ], [ 99.977228238, 17.656998201000079 ], [ 99.963189717000148, 17.711515639000027 ], [ 99.911891732000072, 17.762723868000137 ], [ 99.922153248000143, 17.786405537000121 ], [ 99.894491267000149, 17.807192434000115 ], [ 99.959475284000177, 17.778281425000102 ], [ 99.99038138100002, 17.810369875 ], [ 99.988610231000052, 17.835040109000033 ], [ 100.043411457000161, 17.847902729000054 ], [ 100.057719293000048, 17.833287618000043 ], [ 100.130045395000138, 17.856432978000043 ], [ 100.246332614000096, 17.961498769000173 ], [ 100.279871001000117, 17.957413514000109 ], [ 100.334602901000039, 17.889010793000182 ], [ 100.359554497000033, 17.925630820000094 ], [ 100.350378157000193, 17.983298172000048 ], [ 100.393742069000041, 18.020926319000068 ], [ 100.425966981000045, 18.013044788000173 ], [ 100.481240163000166, 18.055502748000038 ], [ 100.558013962000075, 18.032705086000078 ], [ 100.60905347500011, 18.050242850000018 ], [ 100.669915876000175, 18.042329916000085 ], [ 100.693358679000141, 18.02397403000009 ], [ 100.769941023000172, 18.026355130000127 ], [ 100.809361495000076, 18.076997740000081 ], [ 100.849543289999986, 18.082013473000188 ], [ 100.88270301100016, 18.151105903000087 ], [ 100.913135217000161, 18.159128146000114 ], [ 100.918761483000083, 18.242663213000128 ], [ 100.979529996000053, 18.305742285000179 ], [ 101.073782196000082, 18.356419860000074 ], [ 101.092413310000154, 18.381670729000064 ] ] ] } },
{ "type": "Feature", "properties": { "adm1_name": "Phrae", "adm1_name1": "แพร่", "adm1_pcode": "TH54" }, "geometry": { "type": "Polygon", "coordinates": [ [ [ 100.159713731000181, 18.827204552000126 ], [ 100.174915193000118, 18.813310603000104 ], [ 100.226040025000145, 18.825485253000068 ], [ 100.338665649000063, 18.813048559000094 ], [ 100.337029516000143, 18.787028874999976 ], [ 100.36233758200018, 18.778036120000138 ], [ 100.358065106000197, 18.75082383900002 ], [ 100.391369199, 18.739382987000056 ], [ 100.351579599000104, 18.680554317000087 ], [ 100.361306921000107, 18.643679359000146 ], [ 100.392588994000107, 18.638393515000132 ], [ 100.370954393000034, 18.567002096000181 ], [ 100.387558741000021, 18.558415118000028 ], [ 100.399315418000128, 18.485750168000152 ], [ 100.414666289000081, 18.480520623000075 ], [ 100.436849092000102, 18.501897941000152 ], [ 100.505040787000155, 18.47295350100012 ], [ 100.537066309000181, 18.491295202000117 ], [ 100.549371975000099, 18.458251103000123 ], [ 100.53650477900004, 18.390984174000039 ], [ 100.517473071000097, 18.392444700000055 ], [ 100.497801866000088, 18.352982059000112 ], [ 100.481456023000078, 18.349405500000046 ], [ 100.494010076000052, 18.278693572000122 ], [ 100.454051397000114, 18.214648588000045 ], [ 100.446991171000036, 18.15854697400016 ], [ 100.397628122000185, 18.136560054000142 ], [ 100.395837241000038, 18.085818964 ], [ 100.417612154000039, 18.027805544000046 ], [ 100.350378157000193, 17.983298172000048 ], [ 100.359664440000188, 17.926296370000102 ], [ 100.341983446000086, 17.894131141000173 ], [ 100.325317793000011, 17.891762041000106 ], [ 100.279871001000117, 17.957413514000109 ], [ 100.245975029000078, 17.961423112000034 ], [ 100.130045395000138, 17.856432978000043 ], [ 100.057719293000048, 17.833287618000043 ], [ 100.043411457000161, 17.847902729000054 ], [ 99.988610231000052, 17.835040109000033 ], [ 99.99038138100002, 17.810369875 ], [ 99.959167873000069, 17.778165353000134 ], [ 99.883957841000097, 17.80996662900003 ], [ 99.811094112000035, 17.804026014000101 ], [ 99.776644519000058, 17.787170096000068 ], [ 99.72965757999998, 17.72170890600006 ], [ 99.670695022000189, 17.799251891999972 ], [ 99.599182476000067, 17.821656240000095 ], [ 99.547614973000066, 17.811933372000169 ], [ 99.519026134000114, 17.797429887000135 ], [ 99.453251819000059, 17.712106303000041 ], [ 99.387205945000176, 17.687556630000131 ], [ 99.367572826000128, 17.773487857000134 ], [ 99.39264593200005, 17.814699792000056 ], [ 99.474905284000101, 17.894279849000043 ], [ 99.483036662000018, 17.92018952300009 ], [ 99.593842861000155, 18.008008480000171 ], [ 99.585004291000132, 18.035207334000177 ], [ 99.63132889700006, 18.062295276000043 ], [ 99.668825699000138, 18.0416774360001 ], [ 99.719827709000128, 18.07008496800006 ], [ 99.857598056000199, 18.28390885500005 ], [ 99.906339165000077, 18.279887871000085 ], [ 99.966682165000066, 18.393255439000086 ], [ 100.006594790000122, 18.411061892000191 ], [ 100.004436979000047, 18.445324583000115 ], [ 100.021820060000096, 18.447725195000146 ], [ 100.04967828000008, 18.497657208000192 ], [ 100.05566006700019, 18.557159909000177 ], [ 100.089574571000185, 18.572826779000081 ], [ 100.109278661000189, 18.560182800000121 ], [ 100.120856801000173, 18.602320799999973 ], [ 100.099543707000123, 18.628923751000116 ], [ 100.111347915000124, 18.672063257000104 ], [ 100.1001214220002, 18.751715306000165 ], [ 100.125955185000123, 18.786619478000148 ], [ 100.116662916000166, 18.818936375000192 ], [ 100.159713731000181, 18.827204552000126 ] ] ] } },
{ "type": "Feature", "properties": { "adm1_name": "Nan", "adm1_name1": "น่าน", "adm1_pcode": "TH55" }, "geometry": { "type": "Polygon", "coordinates": [ [ [ 100.894785081000123, 19.634315914000126 ], [ 100.972729470000104, 19.619338388000074 ], [ 101.035067528000127, 19.629042756999979 ], [ 101.122568632000139, 19.572818480000024 ], [ 101.169438899000113, 19.586371334000148 ], [ 101.197294992000025, 19.577040988000135 ], [ 101.206425516000195, 19.605862430000059 ], [ 101.243962298000042, 19.603499354000121 ], [ 101.287756863000141, 19.568967409000152 ], [ 101.265938458000107, 19.469677450000063 ], [ 101.211309286000187, 19.473711992000062 ], [ 101.215397326000186, 19.43168897400011 ], [ 101.187033220000103, 19.399388950000116 ], [ 101.205617814000163, 19.349735951000127 ], [ 101.228483826000115, 19.347786725000105 ], [ 101.241899892000106, 19.325663127000155 ], [ 101.227450556000065, 19.30589753400011 ], [ 101.259791705000168, 19.23053582600005 ], [ 101.245618180000122, 19.179718968000088 ], [ 101.256573805000187, 19.124877672000025 ], [ 101.358239842000046, 19.051181606000057 ], [ 101.336159918000135, 19.00420954000009 ], [ 101.309741609000184, 19.00209609000018 ], [ 101.292513978000159, 18.98088989200005 ], [ 101.294949810000105, 18.938905922000174 ], [ 101.246888428000034, 18.89046528200015 ], [ 101.245631616000139, 18.827969199000108 ], [ 101.258532502000151, 18.80898206400019 ], [ 101.223964166000087, 18.731341003000068 ], [ 101.272679653000182, 18.68794463800009 ], [ 101.226706968000144, 18.624569407000081 ], [ 101.182300722000036, 18.611920745000191 ], [ 101.182553138000117, 18.55969592100007 ], [ 101.103980100000058, 18.521403428000099 ], [ 101.093599105000123, 18.479427877000091 ], [ 101.054102776000036, 18.44169987500004 ], [ 101.052707163000093, 18.425499127000023 ], [ 101.083796034000159, 18.396616947000041 ], [ 101.0818365, 18.36899571400005 ], [ 100.979529996000053, 18.305742285000179 ], [ 100.918761483000083, 18.242663213000128 ], [ 100.913213691000067, 18.159290937000151 ], [ 100.875481709000042, 18.142538528000046 ], [ 100.849402433000193, 18.08188839100012 ], [ 100.809361495000076, 18.076997740000081 ], [ 100.767246476000025, 18.025489585000173 ], [ 100.693358679000141, 18.02397403000009 ], [ 100.669915876000175, 18.042329916000085 ], [ 100.60905347500011, 18.050242850000018 ], [ 100.558013962000075, 18.032705086000078 ], [ 100.481769894000195, 18.055570074000116 ], [ 100.42150115600009, 18.01372963200015 ], [ 100.392329463000067, 18.118814834000034 ], [ 100.414472437000029, 18.153718472000151 ], [ 100.446991171000036, 18.15854697400016 ], [ 100.454051397000114, 18.214648588000045 ], [ 100.494010076000052, 18.278693572000122 ], [ 100.481456023000078, 18.349405500000046 ], [ 100.497801866000088, 18.352982059000112 ], [ 100.517473071000097, 18.392444700000055 ], [ 100.536396263000142, 18.390819945000032 ], [ 100.550599107000039, 18.449927227999979 ], [ 100.537066309000181, 18.491295202000117 ], [ 100.505040787000155, 18.47295350100012 ], [ 100.436849092000102, 18.501897941000152 ], [ 100.414666289000081, 18.480520623000075 ], [ 100.399315418000128, 18.485750168000152 ], [ 100.387558741000021, 18.558415118000028 ], [ 100.370954393000034, 18.567002096000181 ], [ 100.392588994000107, 18.638393515000132 ], [ 100.361306921000107, 18.643679359000146 ], [ 100.351579599000104, 18.680554317000087 ], [ 100.391369199, 18.739382987000056 ], [ 100.358065106000197, 18.75082383900002 ], [ 100.36233758200018, 18.778036120000138 ], [ 100.337029516000143, 18.787028874999976 ], [ 100.336138951000123, 18.819407179000052 ], [ 100.364014082000153, 18.848531544000139 ], [ 100.405192789000182, 18.944728767000072 ], [ 100.453688069000066, 18.934553119000157 ], [ 100.482487027000104, 18.952303448000066 ], [ 100.50437238100011, 18.995568356000092 ], [ 100.455170589000147, 19.007103516000086 ], [ 100.493693897000128, 19.05236131800018 ], [ 100.556788388000143, 19.044736714000067 ], [ 100.604200810000123, 19.020421876000171 ], [ 100.619140193000135, 19.03341221300019 ], [ 100.563511939000136, 19.079700586 ], [ 100.572872797000173, 19.104345310000042 ], [ 100.585483023000108, 19.095310784000048 ], [ 100.623265727000103, 19.11136940800003 ], [ 100.628868814000157, 19.151177995000182 ], [ 100.600138953000055, 19.252204628000072 ], [ 100.613777454000058, 19.327702069000111 ], [ 100.569980235000116, 19.304602327000168 ], [ 100.562885456000117, 19.339474462000055 ], [ 100.529992627000183, 19.353223162000063 ], [ 100.521210416000145, 19.380736716000172 ], [ 100.49598659500009, 19.371398819000149 ], [ 100.488094904000036, 19.399551421000183 ], [ 100.540651034000177, 19.416498736000051 ], [ 100.571240561000138, 19.463584195000124 ], [ 100.602515941000092, 19.479213751000088 ], [ 100.612321978000068, 19.550475016000121 ], [ 100.651765393000062, 19.557178955000154 ], [ 100.708069218000048, 19.535730345000047 ], [ 100.757980842000109, 19.511969698000087 ], [ 100.771688054000037, 19.487565434000032 ], [ 100.860062806000144, 19.573584454000127 ], [ 100.894785081000123, 19.634315914000126 ] ] ] } },
{ "type": "Feature", "properties": { "adm1_name": "Phayao", "adm1_name1": "พะเยา", "adm1_pcode": "TH56" }, "geometry": { "type": "Polygon", "coordinates": [ [ [ 100.406576438000172, 19.736062078000145 ], [ 100.44581855000007, 19.707089538000105 ], [ 100.427730402, 19.673056562000113 ], [ 100.443927302000077, 19.662350771999968 ], [ 100.443180239000185, 19.634779451000043 ], [ 100.483269041000142, 19.609823777000031 ], [ 100.48556694600012, 19.544902764000028 ], [ 100.574480118000054, 19.499616238000044 ], [ 100.598621993000108, 19.510074245 ], [ 100.602515941000092, 19.479213751000088 ], [ 100.571240561000138, 19.463584195000124 ], [ 100.564324641000098, 19.435707164000064 ], [ 100.488094904000036, 19.399551421000183 ], [ 100.484749864000037, 19.383408046 ], [ 100.496400302000097, 19.371183741000095 ], [ 100.521477473000118, 19.380602457000123 ], [ 100.529992627000183, 19.353223162000063 ], [ 100.562885456000117, 19.339474462000055 ], [ 100.569980235000116, 19.304602327000168 ], [ 100.613777454000058, 19.327702069000111 ], [ 100.600138953000055, 19.252204628000072 ], [ 100.616740272000072, 19.22700975000015 ], [ 100.625947513000085, 19.122927173 ], [ 100.609564188000149, 19.101517631000149 ], [ 100.572856125000044, 19.104335111000182 ], [ 100.563511339000115, 19.079636677000167 ], [ 100.619289210000147, 19.03364807700018 ], [ 100.604200810000123, 19.020421876000171 ], [ 100.556788388000143, 19.044736714000067 ], [ 100.493693897000128, 19.05236131800018 ], [ 100.455170589000147, 19.007103516000086 ], [ 100.50437238100011, 18.995568356000092 ], [ 100.482487027000104, 18.952303448000066 ], [ 100.453688069000066, 18.934553119000157 ], [ 100.405118340000115, 18.944657285000062 ], [ 100.34038381300013, 18.805955455000117 ], [ 100.226294826000185, 18.825483577000114 ], [ 100.173649389, 18.81344781700011 ], [ 100.155932580000069, 18.835470908000048 ], [ 100.114024585000095, 18.808551408000085 ], [ 100.085869895000087, 18.827776516000029 ], [ 100.066923724000048, 18.816338550000125 ], [ 100.061150508000196, 18.879998613 ], [ 99.966354379000109, 18.924465940000175 ], [ 99.911642749000123, 18.987973780000175 ], [ 99.838528503000191, 19.001625477000061 ], [ 99.819268787000055, 19.061445031000062 ], [ 99.773270429000149, 19.064211163000152 ], [ 99.758610995000083, 19.134035220999976 ], [ 99.726139308000199, 19.169888379000156 ], [ 99.703128315000072, 19.244539995000139 ], [ 99.707557254000164, 19.344332636000047 ], [ 99.691422212000077, 19.359782467 ], [ 99.682946101000141, 19.422321993000025 ], [ 99.731384753000157, 19.424209945000086 ], [ 99.786855617000128, 19.451048931000173 ], [ 99.874575053, 19.45523551499997 ], [ 99.899057674000062, 19.425694858000156 ], [ 99.914441961000136, 19.432455222000101 ], [ 99.920082533000141, 19.40639481900007 ], [ 99.947776969000131, 19.428545530000122 ], [ 100.010627624000051, 19.425745802999984 ], [ 100.010177958000099, 19.438906007000128 ], [ 100.039359413999989, 19.445037135000121 ], [ 100.068639027000131, 19.431483172000128 ], [ 100.072437773000161, 19.544583887000044 ], [ 100.09752769, 19.554542049000077 ], [ 100.162070947000188, 19.542610411000169 ], [ 100.174399548000167, 19.611241567000093 ], [ 100.229930467000202, 19.605788725000082 ], [ 100.261116809000043, 19.64881689900011 ], [ 100.317801103000193, 19.649808756000027 ], [ 100.341562897000188, 19.687768575000121 ], [ 100.337971863000064, 19.709479731999977 ], [ 100.385204861000148, 19.710218339000107 ], [ 100.406576438000172, 19.736062078000145 ] ] ] } },
{ "type": "Feature", "properties": { "adm1_name": "Chiang Rai", "adm1_name1": "เชียงราย", "adm1_pcode": "TH57" }, "geometry": { "type": "Polygon", "coordinates": [ [ [ 99.96093267100008, 20.464817520000054 ], [ 99.989796359000138, 20.417851148000011 ], [ 100.078758515, 20.380136596000057 ], [ 100.099297451000155, 20.308338382999978 ], [ 100.091266418000089, 20.271213495000154 ], [ 100.108445648999975, 20.252478124000106 ], [ 100.170995321000134, 20.24553902200006 ], [ 100.180389651000098, 20.265927318000024 ], [ 100.169094522000194, 20.300840446 ], [ 100.22189456100017, 20.318641444000093 ], [ 100.226244402000134, 20.355065927 ], [ 100.265152826000133, 20.398622759000034 ], [ 100.313841571000125, 20.402150488000188 ], [ 100.35501999000013, 20.37879905900013 ], [ 100.414185410000186, 20.255403886000067 ], [ 100.45253661400011, 20.232466714999987 ], [ 100.456283429000052, 20.198980027000061 ], [ 100.50808787200009, 20.150364285000137 ], [ 100.526836034000041, 20.14335855600018 ], [ 100.551948764000088, 20.175230926000154 ], [ 100.576450093000062, 20.170588987000031 ], [ 100.570005346000187, 20.098542458000054 ], [ 100.517106317000128, 19.942849680000108 ], [ 100.520456209000201, 19.903330968000091 ], [ 100.496689156000059, 19.865193884000121 ], [ 100.449650473000133, 19.847344160000091 ], [ 100.43847450300018, 19.791062748000058 ], [ 100.415971458000172, 19.781561670000144 ], [ 100.38553884200013, 19.710487594000085 ], [ 100.336964131000173, 19.708644771000081 ], [ 100.341562897000188, 19.687768575000121 ], [ 100.317786802000171, 19.649796447000142 ], [ 100.261116809000043, 19.64881689900011 ], [ 100.229930467000202, 19.605788725000082 ], [ 100.174399548000167, 19.611241567000093 ], [ 100.161831229000029, 19.542497399000069 ], [ 100.09752769, 19.554542049000077 ], [ 100.068442727000047, 19.54100689500018 ], [ 100.068639027000131, 19.431483172000128 ], [ 100.039359413999989, 19.445037135000121 ], [ 100.010177958000099, 19.438906007000128 ], [ 100.010627624000051, 19.425745802999984 ], [ 99.947776969000131, 19.428545530000122 ], [ 99.920082533000141, 19.40639481900007 ], [ 99.914441961000136, 19.432455222000101 ], [ 99.899057674000062, 19.425694858000156 ], [ 99.876735563000068, 19.454899464000164 ], [ 99.786855617000128, 19.451048931000173 ], [ 99.731384753000157, 19.424209945000086 ], [ 99.682946101000141, 19.422321993000025 ], [ 99.68857047500012, 19.381736016000048 ], [ 99.632295156000168, 19.385474086000102 ], [ 99.564848657000141, 19.417322719000083 ], [ 99.580610431000025, 19.311400192000121 ], [ 99.548358331000145, 19.251267900000187 ], [ 99.536628801000063, 19.16391737400005 ], [ 99.559977378000042, 19.132075086999976 ], [ 99.529111619000162, 19.076451947000066 ], [ 99.483615861000089, 19.071809339000026 ], [ 99.436156317000098, 19.007866971000112 ], [ 99.401803435000033, 19.000148220000142 ], [ 99.383786074000113, 19.063104292000162 ], [ 99.344369646000189, 19.086390439000127 ], [ 99.304573915, 19.182504635999976 ], [ 99.310767556000087, 19.224062787000094 ], [ 99.342979843000194, 19.267836825000188 ], [ 99.327227347000132, 19.319345775000045 ], [ 99.330573451000078, 19.398421119000091 ], [ 99.308059493000087, 19.430956284000104 ], [ 99.318657267000162, 19.454788665000137 ], [ 99.294511562000139, 19.495185850000155 ], [ 99.32624968000016, 19.539109901000074 ], [ 99.297003662000066, 19.561175336000133 ], [ 99.25798555300014, 19.649594372000024 ], [ 99.313417299000037, 19.707630299000186 ], [ 99.359799603000113, 19.726301044000024 ], [ 99.361525245000053, 19.777326187000085 ], [ 99.377009278000173, 19.779163657000083 ], [ 99.380376022000064, 19.810227839000106 ], [ 99.419907920000128, 19.814039100000059 ], [ 99.381397078000134, 19.889467701000115 ], [ 99.420415247000108, 19.917617698000186 ], [ 99.418582712000045, 19.952976026000044 ], [ 99.478329646000134, 20.013228607000144 ], [ 99.467477667000082, 20.034087309000085 ], [ 99.505187987000113, 20.05370336600015 ], [ 99.491190137000103, 20.079034669000066 ], [ 99.570824745000039, 20.107805150000161 ], [ 99.570518339999978, 20.12220603600008 ], [ 99.51119754500013, 20.151005737000105 ], [ 99.538618586000098, 20.147831276999966 ], [ 99.563661167000078, 20.20590069800005 ], [ 99.522657728000013, 20.233197865000079 ], [ 99.507065664000095, 20.325656140000149 ], [ 99.455617471000039, 20.362507247000053 ], [ 99.45758634300006, 20.392427275999978 ], [ 99.612349958000095, 20.331995630000108 ], [ 99.644226588000038, 20.343631193000192 ], [ 99.681736720000174, 20.316426427000067 ], [ 99.717827159000194, 20.328442953000092 ], [ 99.730312275000074, 20.350186460000145 ], [ 99.810655423000014, 20.336361237000119 ], [ 99.839647777000096, 20.374356070000147 ], [ 99.860136384000043, 20.442496702000142 ], [ 99.921238800000197, 20.445680437000192 ], [ 99.96093267100008, 20.464817520000054 ] ] ] } },
{ "type": "Feature", "properties": { "adm1_name": "Mae Hong Son", "adm1_name1": "แม่ฮ่องสอน", "adm1_pcode": "TH58" }, "geometry": { "type": "Polygon", "coordinates": [ [ [ 98.048667703000092, 19.815284946000133 ], [ 98.083918799000173, 19.809851096000102 ], [ 98.100870385000121, 19.772086789000184 ], [ 98.135439773000144, 19.788269075000073 ], [ 98.168714409000131, 19.770630460000064 ], [ 98.192882260000033, 19.738261510000029 ], [ 98.229478940000092, 19.727019606000169 ], [ 98.248270226000045, 19.676676334000092 ], [ 98.323219050000091, 19.698737027000107 ], [ 98.460867319000101, 19.69763485600015 ], [ 98.472081263000177, 19.656276495000043 ], [ 98.540184829000111, 19.611056311000027 ], [ 98.542251522000129, 19.558540831000016 ], [ 98.565938963000121, 19.546893963000059 ], [ 98.565023101000179, 19.514431339999987 ], [ 98.60009521000012, 19.470725548000075 ], [ 98.584374967000144, 19.439800855000101 ], [ 98.596177269000066, 19.406981972000096 ], [ 98.573003186999983, 19.387253568000062 ], [ 98.596582303000162, 19.362274393000121 ], [ 98.589063533000115, 19.332382114000154 ], [ 98.604944882000098, 19.279770378000023 ], [ 98.587270993000118, 19.255397529000163 ], [ 98.599159757000052, 19.229708696000159 ], [ 98.568377233000035, 19.207437903000027 ], [ 98.638298082000176, 19.154651653000144 ], [ 98.652222847000075, 19.094282822000082 ], [ 98.638824789000182, 19.06642223800003 ], [ 98.544283821000192, 19.026888530000178 ], [ 98.439608679000116, 19.048563865000119 ], [ 98.420215333999977, 19.027222875000064 ], [ 98.352721146000192, 19.091210470000078 ], [ 98.341802509000161, 19.151625232000129 ], [ 98.251994654000157, 19.160865521000062 ], [ 98.240459090000172, 19.13970452 ], [ 98.250575521000087, 19.108258999000157 ], [ 98.18440854500011, 19.031751277000069 ], [ 98.157278530999974, 18.920215713000118 ], [ 98.129793731000177, 18.911828023000169 ], [ 98.092052420000186, 18.870166052000116 ], [ 98.08614108800009, 18.792950846000167 ], [ 98.093177235000098, 18.776557739000111 ], [ 98.121907733000114, 18.775521798000113 ], [ 98.093703548000178, 18.738305030000106 ], [ 98.107678985, 18.713284860999977 ], [ 98.105434496000044, 18.648619265000093 ], [ 98.182763861000126, 18.625218716000063 ], [ 98.182409086000177, 18.609715269000105 ], [ 98.210658172000194, 18.607181292000178 ], [ 98.237158885000042, 18.569299923000131 ], [ 98.209333026000138, 18.538011810000114 ], [ 98.17517674000004, 18.547176666000098 ], [ 98.170267995000074, 18.525118817000134 ], [ 98.122449491000168, 18.502566264999984 ], [ 98.105584216000182, 18.458307726000101 ], [ 98.074035661000096, 18.429445325000074 ], [ 98.125780661000135, 18.406407166000179 ], [ 98.145385879000116, 18.362994308000111 ], [ 98.19762559100019, 18.333343291000062 ], [ 98.208166546000086, 18.307566826000084 ], [ 98.193329311000184, 18.28513997400006 ], [ 98.13838687100008, 18.281156019000036 ], [ 98.13897752600019, 18.240385221999986 ], [ 98.169012334000172, 18.222678440000095 ], [ 98.176058355000066, 18.192076603000032 ], [ 98.155822206000039, 18.163722397000186 ], [ 98.16541702100011, 18.119367917000034 ], [ 98.19066639600004, 18.113960962000078 ], [ 98.206218431000082, 18.088326964000032 ], [ 98.2302952510002, 18.0987376060001 ], [ 98.247307031, 18.07593957000006 ], [ 98.256541048000088, 18.087727005999966 ], [ 98.289453134000098, 18.078209725000079 ], [ 98.243065540000146, 18.019268777000093 ], [ 98.246195002000093, 17.98961981900004 ], [ 98.161589733000199, 17.970453922000104 ], [ 98.143624595, 17.935405272000082 ], [ 98.089992891, 17.963342070000181 ], [ 98.008039053, 17.921877031000122 ], [ 98.010361060000037, 17.895831398999974 ], [ 98.0696123620001, 17.853303855000036 ], [ 98.0878632470002, 17.808370688000082 ], [ 98.132464541000161, 17.796726604000128 ], [ 98.147212933000105, 17.776606683000125 ], [ 98.135311544000103, 17.759650800000031 ], [ 98.153413213000078, 17.729707382000186 ], [ 98.145310790000167, 17.683163760000127 ], [ 98.087511014000142, 17.636971256000152 ], [ 98.040534106000052, 17.674699391000104 ], [ 98.01082074500016, 17.767549325000118 ], [ 97.975215295000055, 17.822874140000181 ], [ 97.969703458000083, 17.867610186000036 ], [ 97.912560616000178, 17.854696213000125 ], [ 97.902453362000017, 17.80971521500004 ], [ 97.846087426000111, 17.778902588999983 ], [ 97.752591541000186, 17.778095240000084 ], [ 97.718532334000031, 17.818952806000084 ], [ 97.698832507000134, 17.819869074000053 ], [ 97.671993023000084, 17.882894868000108 ], [ 97.687346259000094, 17.925496084000144 ], [ 97.733413051000184, 17.95540087 ], [ 97.737212049000107, 17.977329169000086 ], [ 97.707660402000045, 18.056485093000049 ], [ 97.681738245000076, 18.06419432600012 ], [ 97.690335489000176, 18.088279728000032 ], [ 97.675174588000118, 18.162246918000051 ], [ 97.609033651000118, 18.238508243000069 ], [ 97.638724112000091, 18.288319268 ], [ 97.6183958310001, 18.318561779000049 ], [ 97.558827121000036, 18.338717828000028 ], [ 97.53573502100005, 18.28614579300006 ], [ 97.501773211000057, 18.267380539000101 ], [ 97.446727699000121, 18.331405991000167 ], [ 97.451863820000085, 18.389200500000072 ], [ 97.425400419000141, 18.409303783000098 ], [ 97.385602069000015, 18.507016504999967 ], [ 97.343443753000088, 18.563837389000071 ], [ 97.361844093000173, 18.59952580800018 ], [ 97.362694278999982, 18.560387946000048 ], [ 97.403681305000021, 18.566596111000081 ], [ 97.444116223000037, 18.495264323000185 ], [ 97.482243110000127, 18.511051897000073 ], [ 97.534178142000087, 18.49116936900009 ], [ 97.545339315000149, 18.529612105000126 ], [ 97.56360645500007, 18.521796599000027 ], [ 97.571908375000021, 18.535130296999967 ], [ 97.620187136000084, 18.539474595000058 ], [ 97.614363357000059, 18.561237079000023 ], [ 97.635434056, 18.558891344000187 ], [ 97.650614604000168, 18.576938616000064 ], [ 97.768992022000134, 18.578530574000126 ], [ 97.773911652000038, 18.688813439000114 ], [ 97.7516974830001, 18.736977056000171 ], [ 97.763047913000094, 18.758351892 ], [ 97.739123395000149, 18.82720824300003 ], [ 97.741264074000071, 18.881397645000106 ], [ 97.703630360000034, 18.897786247000056 ], [ 97.667767432000119, 18.947877200000107 ], [ 97.737234318000048, 18.977882962000137 ], [ 97.73563011900012, 19.040448266000169 ], [ 97.769059029000061, 19.044846048000068 ], [ 97.76867705300009, 19.07275578000008 ], [ 97.836446875000149, 19.093942049000191 ], [ 97.845069005000141, 19.215617900000098 ], [ 97.782965782000076, 19.267642088000173 ], [ 97.801244533000158, 19.288957555000138 ], [ 97.810687579000103, 19.279673272000139 ], [ 97.842895349000059, 19.292745631000059 ], [ 97.798335195000163, 19.352913643000136 ], [ 97.80446083400011, 19.385250652000082 ], [ 97.785846804000073, 19.398665168000093 ], [ 97.888059234000139, 19.500560459000098 ], [ 97.854985138000188, 19.531756040000118 ], [ 97.861594497000056, 19.575691512000049 ], [ 97.95967779900019, 19.593315593000113 ], [ 97.975103656000158, 19.60257714200003 ], [ 97.972805848000064, 19.634474585000191 ], [ 98.03841163900006, 19.643632793000165 ], [ 98.024997193, 19.721791580000115 ], [ 98.033938360000036, 19.804293241000096 ], [ 98.048667703000092, 19.815284946000133 ] ] ] } },
{ "type": "Feature", "properties": { "adm1_name": "Nakhon Sawan", "adm1_name1": "นครสวรรค์", "adm1_pcode": "TH60" }, "geometry": { "type": "Polygon", "coordinates": [ [ [ 100.026627224000094, 16.189003335000166 ], [ 100.076521696000157, 16.161524521000104 ], [ 100.076884473000064, 16.124425532000146 ], [ 100.113272751000068, 16.080338940000161 ], [ 100.115310579000095, 16.04683109500013 ], [ 100.180119346000197, 15.92930777700019 ], [ 100.228970879000201, 15.926986877000161 ], [ 100.254368397000178, 15.961255738000091 ], [ 100.268641803000037, 15.939644134 ], [ 100.309885360000067, 15.961135330000047 ], [ 100.322270698000068, 15.987854715000083 ], [ 100.346350691000168, 15.974012731000187 ], [ 100.338173847000064, 15.937802764000082 ], [ 100.519973073000187, 15.940725528000144 ], [ 100.524074957000096, 15.919238466000081 ], [ 100.580494926000142, 15.945186527000033 ], [ 100.65414808200012, 16.026881236000179 ], [ 100.690027919000045, 15.993438128000093 ], [ 100.742508590000114, 15.985799495000037 ], [ 100.769634330000088, 15.902430152000022 ], [ 100.809791119000067, 15.885361063000062 ], [ 100.798426299000141, 15.825738127000136 ], [ 100.833474963000185, 15.680724827000063 ], [ 100.825624868000034, 15.615055859000108 ], [ 100.807834989000071, 15.592801925000174 ], [ 100.830966170000181, 15.562634148000143 ], [ 100.745987847000151, 15.513287969000089 ], [ 100.76881303000016, 15.49634984000005 ], [ 100.769737177000138, 15.463031178000165 ], [ 100.705244527, 15.439416011000162 ], [ 100.678872126000101, 15.452555270000062 ], [ 100.643811228000118, 15.417548673000056 ], [ 100.633654030000116, 15.324014993000105 ], [ 100.589952130000142, 15.268480456000134 ], [ 100.620220610000104, 15.24270992300012 ], [ 100.583983898000156, 15.242634662000057 ], [ 100.590218478000168, 15.229645788000028 ], [ 100.53190274300016, 15.183631764000097 ], [ 100.506956302000106, 15.13039200500009 ], [ 100.474967054000047, 15.106757140000013 ], [ 100.459125659000051, 15.116346156000134 ], [ 100.424430287000064, 15.051634568000168 ], [ 100.354643979000173, 15.096715006000125 ], [ 100.339829851000104, 15.150622756000018 ], [ 100.298227178000047, 15.180020478000074 ], [ 100.253629527000157, 15.291344479000031 ], [ 100.265104874000031, 15.322640518000128 ], [ 100.250448231000178, 15.355046040000161 ], [ 100.161917186000153, 15.380927924000048 ], [ 100.093493009000042, 15.423401457000068 ], [ 100.054394911000145, 15.423818796999967 ], [ 100.062655820000032, 15.43847796600005 ], [ 100.013027735000094, 15.473198661000083 ], [ 100.034582556000032, 15.510398135000059 ], [ 100.000456687000053, 15.483726861000036 ], [ 99.946995385000093, 15.501097823000066 ], [ 99.932477057000199, 15.672321335 ], [ 99.863844685000174, 15.653971818000116 ], [ 99.857256609000103, 15.617393466000181 ], [ 99.733821816000102, 15.688013727000055 ], [ 99.705916451, 15.685899070000175 ], [ 99.669306555000162, 15.669903238000074 ], [ 99.660132865000151, 15.648989425000082 ], [ 99.596335838000073, 15.628435727000124 ], [ 99.548903603000099, 15.575762380000128 ], [ 99.47144876800013, 15.56395918200019 ], [ 99.422806017000198, 15.614277301000186 ], [ 99.378736600000082, 15.626001966000103 ], [ 99.354693295000175, 15.682015965000119 ], [ 99.245527531, 15.722317942000075 ], [ 99.21349216100009, 15.7797694140001 ], [ 99.165668180000182, 15.778211962 ], [ 99.096645054000192, 15.831790601000137 ], [ 99.086120969000092, 15.884496026000136 ], [ 99.208904214000142, 15.948388798000053 ], [ 99.289584118999983, 15.891602358000171 ], [ 99.319799174000082, 15.927472567000052 ], [ 99.329569598000035, 15.911553955999977 ], [ 99.358051554000156, 15.925979109000082 ], [ 99.466314467000132, 15.900676837 ], [ 99.502241846000118, 15.928355233000048 ], [ 99.592653720000044, 15.906383774000119 ], [ 99.62905105800013, 15.876104963000159 ], [ 99.645416054000066, 15.886277760000098 ], [ 99.66361302200005, 15.85530675900003 ], [ 99.697824123000146, 15.877363652000099 ], [ 99.74383000500012, 15.858339378000039 ], [ 99.773527263000062, 15.903113368000106 ], [ 99.769175414000131, 15.921852037000065 ], [ 99.804982293000137, 15.920601438000062 ], [ 99.807196274000091, 15.944103906000066 ], [ 99.8474541, 15.981828608000171 ], [ 99.845176455000114, 16.023480151000058 ], [ 99.93506299, 16.056034885000145 ], [ 100.016716933000168, 16.148878137000167 ], [ 100.026627224000094, 16.189003335000166 ] ] ] } },
{ "type": "Feature", "properties": { "adm1_name": "Uthai Thani", "adm1_name1": "อุทัยธานี", "adm1_pcode": "TH61" }, "geometry": { "type": "Polygon", "coordinates": [ [ [ 99.139048206000155, 15.796546294000166 ], [ 99.166205987000183, 15.778016985000136 ], [ 99.21349216100009, 15.7797694140001 ], [ 99.245527531, 15.722317942000075 ], [ 99.354693295000175, 15.682015965000119 ], [ 99.378736600000082, 15.626001966000103 ], [ 99.422806017000198, 15.614277301000186 ], [ 99.4715120030001, 15.563947729 ], [ 99.548903603000099, 15.575762380000128 ], [ 99.596335838000073, 15.628435727000124 ], [ 99.660132865000151, 15.648989425000082 ], [ 99.669306555000162, 15.669903238000074 ], [ 99.705916451, 15.685899070000175 ], [ 99.733821816000102, 15.688013727000055 ], [ 99.857256609000103, 15.617393466000181 ], [ 99.863844685000174, 15.653971818000116 ], [ 99.932477057000199, 15.672321335 ], [ 99.945861585000102, 15.503099017000125 ], [ 100.000456687000053, 15.483726861000036 ], [ 100.034582556000032, 15.510398135000059 ], [ 100.013027735000094, 15.473198661000083 ], [ 100.062655820000032, 15.43847796600005 ], [ 100.054394911000145, 15.423818796999967 ], [ 100.077426321000132, 15.426935694 ], [ 100.101869870000087, 15.417357425000034 ], [ 100.087623295000014, 15.402536793000024 ], [ 100.105568954000091, 15.374593138000137 ], [ 100.073632843000098, 15.372228344000064 ], [ 100.098937301000035, 15.331852759000071 ], [ 100.078307559, 15.318162971000163 ], [ 100.057059048000042, 15.263202313000136 ], [ 100.036566258000164, 15.29296461500013 ], [ 100.005462414000021, 15.301986414000055 ], [ 99.883469010000056, 15.287064611000119 ], [ 99.85142919000009, 15.311120705000121 ], [ 99.757321899000033, 15.311856927000065 ], [ 99.763838776, 15.298940326000093 ], [ 99.727271059000145, 15.249636508000094 ], [ 99.730134362000172, 15.213161288000151 ], [ 99.760782061000157, 15.175093494000066 ], [ 99.748958528, 15.164964178000048 ], [ 99.792536452000036, 15.089894310000147 ], [ 99.76906249600006, 15.022582797000098 ], [ 99.728903473000059, 14.995068109999977 ], [ 99.719372367000119, 14.960176937000085 ], [ 99.638933121000036, 14.990336831000093 ], [ 99.627163875000065, 14.987404437000123 ], [ 99.631318052000154, 14.943277374000104 ], [ 99.588201217000176, 14.944803612000044 ], [ 99.526320291000104, 14.98064028500005 ], [ 99.444970843000192, 14.991201236000165 ], [ 99.415860870000131, 15.047345532000179 ], [ 99.370593635000034, 15.050943250000159 ], [ 99.339427731000114, 15.080489232000161 ], [ 99.303177693000123, 15.06226954400006 ], [ 99.275973809000106, 15.013382595 ], [ 99.282802075000177, 14.997616249000032 ], [ 99.257218574000035, 14.987504730000182 ], [ 99.191368960000034, 15.02728992699997 ], [ 99.157849906000081, 15.017515981000088 ], [ 99.135315168000034, 15.037451966000162 ], [ 99.143195175000187, 15.051778103000061 ], [ 99.078432000000134, 15.038561719000029 ], [ 99.028067183000132, 15.049627864 ], [ 98.999661252000067, 15.071000168000182 ], [ 99.011873824000133, 15.086810472000082 ], [ 98.997271606000197, 15.104858364000165 ], [ 99.007563392000179, 15.144424939000146 ], [ 98.984002974000134, 15.179953423000086 ], [ 99.002311423000037, 15.184735572000079 ], [ 99.006153329000142, 15.238630414 ], [ 99.038361940000073, 15.288456942000096 ], [ 99.031092480000098, 15.336198572000171 ], [ 99.043500521999988, 15.375704484000039 ], [ 99.069636185000036, 15.396096292000095 ], [ 99.058797172000197, 15.439294070000074 ], [ 99.078508210000052, 15.499413072000038 ], [ 99.048073447000093, 15.555457014000126 ], [ 99.094099205000134, 15.582264143000089 ], [ 99.115753164000068, 15.632126858000106 ], [ 99.139048206000155, 15.796546294000166 ] ] ] } },
{ "type": "Feature", "properties": { "adm1_name": "Kamphaeng Phet", "adm1_name1": "กำแพงเพชร", "adm1_pcode": "TH62" }, "geometry": { "type": "Polygon", "coordinates": [ [ [ 99.488747190000197, 16.910435084000142 ], [ 99.514219050000122, 16.882488092000074 ], [ 99.530935575000058, 16.825274327000102 ], [ 99.544834055000194, 16.862440768000113 ], [ 99.570750663000126, 16.85953560500019 ], [ 99.578367892000017, 16.807203915000116 ], [ 99.641232307000053, 16.74458551400005 ], [ 99.693251236000094, 16.731807266000033 ], [ 99.69700928400016, 16.716554318000135 ], [ 99.744947679000063, 16.744090218999986 ], [ 99.768927318000067, 16.682715313000074 ], [ 99.809296382000127, 16.698174027000164 ], [ 99.814559082000187, 16.720593855000118 ], [ 99.845382315999984, 16.715393912000025 ], [ 99.853410180000083, 16.735271930000181 ], [ 99.896669448000182, 16.705544293000116 ], [ 99.885152179000158, 16.701114937000114 ], [ 99.888737302000038, 16.671085625000046 ], [ 99.925448825000103, 16.578739212000016 ], [ 100.014854138000146, 16.582580257000131 ], [ 100.008408428000109, 16.530092008000167 ], [ 100.034584777000077, 16.501699473000087 ], [ 100.001849456000059, 16.462566106000054 ], [ 99.983691862000171, 16.37910900300011 ], [ 100.021285043000148, 16.31287491900008 ], [ 100.021333297000012, 16.250626583000042 ], [ 100.046790581000153, 16.207178812000052 ], [ 100.02216135000009, 16.18884148300009 ], [ 100.016716933000168, 16.148878137000167 ], [ 99.93506299, 16.056034885000145 ], [ 99.845176455000114, 16.023480151000058 ], [ 99.8474541, 15.981828608000171 ], [ 99.807196274000091, 15.944103906000066 ], [ 99.804982293000137, 15.920601438000062 ], [ 99.769175414000131, 15.921852037000065 ], [ 99.773527263000062, 15.903113368000106 ], [ 99.743795008000177, 15.858326557000169 ], [ 99.697824123000146, 15.877363652000099 ], [ 99.66361302200005, 15.85530675900003 ], [ 99.645416054000066, 15.886277760000098 ], [ 99.62905105800013, 15.876104963000159 ], [ 99.592653720000044, 15.906383774000119 ], [ 99.502241846000118, 15.928355233000048 ], [ 99.466314467000132, 15.900676837 ], [ 99.358051554000156, 15.925979109000082 ], [ 99.329569598000035, 15.911553955999977 ], [ 99.319799174000082, 15.927472567000052 ], [ 99.289584118999983, 15.891602358000171 ], [ 99.209961734000103, 15.94837636200009 ], [ 99.086120969000092, 15.884496026000136 ], [ 99.096972375000178, 15.930427041000087 ], [ 99.074397474000079, 15.954131293999978 ], [ 99.088570230000187, 15.979675479000093 ], [ 99.083253832000082, 16.022241771000097 ], [ 99.117402410000125, 16.074598317000095 ], [ 99.106544020000172, 16.102199421000137 ], [ 99.050110349000079, 16.137902989000168 ], [ 99.081286209000098, 16.209328098000071 ], [ 99.048540074000073, 16.260092048999979 ], [ 99.051578109000161, 16.333881988000144 ], [ 99.036746787000141, 16.383181308000133 ], [ 99.016365347000033, 16.38665939599997 ], [ 99.019807532000186, 16.418575509000107 ], [ 99.074446666000085, 16.467071757999975 ], [ 99.121898495000039, 16.474010809999982 ], [ 99.139859518000151, 16.500458865000098 ], [ 99.165788726000073, 16.502975488000061 ], [ 99.190894410000055, 16.539230209000152 ], [ 99.240324851000139, 16.533739469000068 ], [ 99.2564026390001, 16.568828546000134 ], [ 99.240913298000066, 16.641696348000153 ], [ 99.295707393000043, 16.719751411000061 ], [ 99.305636336000077, 16.767955906000168 ], [ 99.291843846000177, 16.78502647 ], [ 99.324662881000052, 16.813242975000094 ], [ 99.385385106000058, 16.807845691000068 ], [ 99.383467109000094, 16.866594186000043 ], [ 99.423057824000125, 16.882976607999979 ], [ 99.447563079000076, 16.869892508000078 ], [ 99.488747190000197, 16.910435084000142 ] ] ] } },
{ "type": "Feature", "properties": { "adm1_name": "Tak", "adm1_name1": "ตาก", "adm1_pcode": "TH63" }, "geometry": { "type": "Polygon", "coordinates": [ [ [ 97.973178681000093, 17.864481207000097 ], [ 97.975215295000055, 17.822874140000181 ], [ 98.01082074500016, 17.767549325000118 ], [ 98.040534106000052, 17.674699391000104 ], [ 98.101488703000143, 17.622783515000151 ], [ 98.135979988000145, 17.541729334000081 ], [ 98.208909128000073, 17.540111699000079 ], [ 98.264824924000038, 17.57857661900016 ], [ 98.298044165000135, 17.575375742000062 ], [ 98.329684668000198, 17.469571838000036 ], [ 98.322267873000158, 17.416650597000114 ], [ 98.291702783000176, 17.407442988000071 ], [ 98.3341172330002, 17.347929209000029 ], [ 98.321704254000167, 17.31072312800012 ], [ 98.362582657000189, 17.28843329100016 ], [ 98.357972058000144, 17.27364320900017 ], [ 98.391535528000077, 17.242283751000173 ], [ 98.441711461000182, 17.270998645000191 ], [ 98.532024982000053, 17.274507270000129 ], [ 98.578854194000144, 17.294401776000086 ], [ 98.556967698000051, 17.293837296999982 ], [ 98.561944740000115, 17.351809253000113 ], [ 98.537370924000072, 17.362220376000096 ], [ 98.557650001000127, 17.426606440000114 ], [ 98.517979723000167, 17.48003312700007 ], [ 98.527600903000064, 17.536834109000097 ], [ 98.578111208000166, 17.575366227000075 ], [ 98.532707605000155, 17.619051740000032 ], [ 98.52534724700007, 17.70734460500006 ], [ 98.503475489000152, 17.76056443300007 ], [ 98.509782070000199, 17.788586677000126 ], [ 98.49124920700018, 17.811842496000111 ], [ 98.522002196000187, 17.824414039000089 ], [ 98.560473241000125, 17.795417091000047 ], [ 98.571494531000042, 17.808880507000083 ], [ 98.596623948000115, 17.803578606000031 ], [ 98.624283686000069, 17.777158644000053 ], [ 98.639015707000169, 17.814822742000104 ], [ 98.670221992000165, 17.833969912000043 ], [ 98.703343004000033, 17.743769202000124 ], [ 98.746266176, 17.692698541000027 ], [ 98.684014856000033, 17.664723180000067 ], [ 98.682587037000133, 17.596825110000054 ], [ 98.705583623000052, 17.501198226000099 ], [ 98.682724436000058, 17.460458417000154 ], [ 98.690955824000071, 17.425889056000074 ], [ 98.718648538000025, 17.465606539000134 ], [ 98.749943329000075, 17.468087764000188 ], [ 98.828844216000164, 17.514711722000129 ], [ 98.879633668000167, 17.490952660000062 ], [ 98.910150325000131, 17.536710051000171 ], [ 98.924754283000198, 17.525670853000179 ], [ 98.931410261000053, 17.473612421000155 ], [ 98.980488865000098, 17.467742420000036 ], [ 99.046861974000137, 17.385670979000167 ], [ 99.109574833000181, 17.358764128000075 ], [ 99.141847315, 17.360995905000095 ], [ 99.161415797000188, 17.332502047000105 ], [ 99.225093852000157, 17.404656758000101 ], [ 99.265028636000181, 17.403797850000103 ], [ 99.276638006000098, 17.331455741000013 ], [ 99.318936878000102, 17.262499904000151 ], [ 99.321981450000123, 17.114340268000035 ], [ 99.339199460000145, 17.093039850000139 ], [ 99.370881724000185, 17.097022848000165 ], [ 99.393955991000041, 17.082260456000142 ], [ 99.393579644000056, 17.024818525000114 ], [ 99.417119899000113, 17.018685764000111 ], [ 99.432774084000073, 16.979450598000028 ], [ 99.466829057000098, 16.982516704999966 ], [ 99.437454570000114, 16.954264089000048 ], [ 99.456777862000195, 16.915786317000141 ], [ 99.436706468000011, 16.880578336000156 ], [ 99.378667778000079, 16.859009567000157 ], [ 99.385385106000058, 16.807845691000068 ], [ 99.324662881000052, 16.813242975000094 ], [ 99.291843846000177, 16.78502647 ], [ 99.305636336000077, 16.767955906000168 ], [ 99.295707393000043, 16.719751411000061 ], [ 99.240913298000066, 16.641696348000153 ], [ 99.2564026390001, 16.568828546000134 ], [ 99.240324851000139, 16.533739469000068 ], [ 99.190894410000055, 16.539230209000152 ], [ 99.165788726000073, 16.502975488000061 ], [ 99.139859518000151, 16.500458865000098 ], [ 99.121898495000039, 16.474010809999982 ], [ 99.074446666000085, 16.467071757999975 ], [ 99.01977792200006, 16.418495521000068 ], [ 99.016365347000033, 16.38665939599997 ], [ 99.036746787000141, 16.383181308000133 ], [ 99.051578109000161, 16.333881988000144 ], [ 99.048540074000073, 16.260092048999979 ], [ 99.081286209000098, 16.209328098000071 ], [ 99.050110349000079, 16.137902989000168 ], [ 99.106544020000172, 16.102199421000137 ], [ 99.117402410000125, 16.074598317000095 ], [ 99.086601647000066, 16.041389730000162 ], [ 99.088546058000134, 15.979498018000072 ], [ 99.074397474000079, 15.954131293999978 ], [ 99.096815430000049, 15.931153501000153 ], [ 99.085345368000162, 15.909857801000101 ], [ 99.095623886000055, 15.83625482900004 ], [ 99.133439199000122, 15.801589621000119 ], [ 99.13885649600013, 15.731327979000127 ], [ 99.094283965000159, 15.582536178000169 ], [ 99.048073447000093, 15.555457014000126 ], [ 99.078508210000052, 15.499413072000038 ], [ 99.058797172000197, 15.439294070000074 ], [ 99.069769975000099, 15.396728027000051 ], [ 99.043500521999988, 15.375704484000039 ], [ 99.031092480000098, 15.336198572000171 ], [ 99.038503582000089, 15.288951542000177 ], [ 99.006153329000142, 15.238630414 ], [ 99.001501255000164, 15.184155608000083 ], [ 98.971452252000176, 15.191198181000061 ], [ 98.95467053700014, 15.247826197000165 ], [ 98.923331664000159, 15.246671719 ], [ 98.886261224000179, 15.275066768000102 ], [ 98.871014707000143, 15.324628287000053 ], [ 98.830992932000129, 15.345630037000092 ], [ 98.754552370000113, 15.440738078000038 ], [ 98.760175295000067, 15.471367091000047 ], [ 98.702992083000197, 15.501008302000059 ], [ 98.723761166000088, 15.517508863000103 ], [ 98.647838431000082, 15.633407543000089 ], [ 98.625528911000174, 15.62654937100001 ], [ 98.626768023000182, 15.638563966000163 ], [ 98.590300279000132, 15.644428707000031 ], [ 98.583705320000092, 15.660356595 ], [ 98.557779656000093, 15.652479867000011 ], [ 98.546699722000142, 15.682121431000155 ], [ 98.610567643000195, 15.876277849000076 ], [ 98.595554353000182, 15.875088240000139 ], [ 98.583986628000105, 15.918049048000057 ], [ 98.608441690000063, 15.977545731000134 ], [ 98.597117951000087, 16.007997615000136 ], [ 98.561082932000033, 16.032300290000023 ], [ 98.567003667000108, 16.056482254000116 ], [ 98.590074296000182, 16.075941164000085 ], [ 98.608238136000068, 16.042537707000179 ], [ 98.624954646000162, 16.04599546500009 ], [ 98.626519198000096, 16.062538131000167 ], [ 98.662885328000073, 16.075347277000049 ], [ 98.666363859000057, 16.110716846000059 ], [ 98.686742138000113, 16.132976654000117 ], [ 98.743592460000116, 16.118572330000063 ], [ 98.777983262000078, 16.128920925000045 ], [ 98.80540013500007, 16.10438278100014 ], [ 98.847853200000031, 16.127722622000078 ], [ 98.86139585300009, 16.169629926000084 ], [ 98.852126633000182, 16.21976980900007 ], [ 98.904036716000121, 16.254625555000132 ], [ 98.931187317000081, 16.325124837000089 ], [ 98.92637484300019, 16.344162500999971 ], [ 98.909194028000172, 16.346906450000063 ], [ 98.918615582000029, 16.384541754000111 ], [ 98.877768363000143, 16.425233666000054 ], [ 98.82990225400016, 16.421942307000108 ], [ 98.816900835000069, 16.38474909700011 ], [ 98.784472306, 16.368222379000144 ], [ 98.777197425000168, 16.343896401000165 ], [ 98.747051469000098, 16.346427157000107 ], [ 98.728697171000022, 16.330853802000092 ], [ 98.703388442000062, 16.270756498000139 ], [ 98.675095468000166, 16.271694965000108 ], [ 98.666173663000109, 16.346730482999988 ], [ 98.652801295000188, 16.351570131000074 ], [ 98.664429766000126, 16.36488583 ], [ 98.656419619000076, 16.399292502000037 ], [ 98.63592004800006, 16.411374919000082 ], [ 98.651516365000077, 16.470198162000031 ], [ 98.576410110000097, 16.558303603000184 ], [ 98.586285684000075, 16.587788438000018 ], [ 98.570725063000168, 16.631950178000011 ], [ 98.512229319000085, 16.643980439000018 ], [ 98.516163506000055, 16.694595598000092 ], [ 98.495099334000145, 16.690650331000086 ], [ 98.501515129000154, 16.715187481999976 ], [ 98.470654683000078, 16.712495071000092 ], [ 98.463096083000153, 16.72922250300013 ], [ 98.461981660000049, 16.749829791000082 ], [ 98.478324099000133, 16.746114720000094 ], [ 98.489767902000096, 16.77195293200009 ], [ 98.485239772000114, 16.78941296000005 ], [ 98.519813287000147, 16.789944054000102 ], [ 98.514891136000131, 16.804814933000159 ], [ 98.54758602600009, 16.81407109200012 ], [ 98.492125997000073, 16.842082962000063 ], [ 98.499641223000197, 16.863312660000133 ], [ 98.515470213000185, 16.857370555000102 ], [ 98.508697177000045, 16.879738262000103 ], [ 98.53998670600015, 16.861041607000061 ], [ 98.525912388000052, 16.88495185700009 ], [ 98.535878563000153, 16.898112123999965 ], [ 98.512704083000074, 16.902180824000027 ], [ 98.521924150000132, 16.917113658000119 ], [ 98.506744775000129, 16.910757907000118 ], [ 98.505537657000104, 16.927725562000091 ], [ 98.490056767000112, 16.922320134000131 ], [ 98.482782512000142, 16.936109622000117 ], [ 98.507491860000016, 16.949257193 ], [ 98.468643107999981, 16.971048980000148 ], [ 98.48048069500004, 16.980584616000101 ], [ 98.447542312999985, 16.997030132000077 ], [ 98.455470590000061, 17.021214241000109 ], [ 98.430175887000189, 17.021946793000154 ], [ 98.438044783, 17.035368566000045 ], [ 98.411183446000166, 17.053856502000087 ], [ 98.344465972000137, 17.047905726000124 ], [ 98.318098618000079, 17.068534071000101 ], [ 98.299569400000109, 17.09206602900008 ], [ 98.322457729000064, 17.11102616300019 ], [ 98.301178284000173, 17.107413358000088 ], [ 98.297839110000155, 17.127291404000118 ], [ 98.28008152100017, 17.11530290200011 ], [ 98.297464717000139, 17.148317958000064 ], [ 98.271733250000182, 17.151544875000184 ], [ 98.279720813000154, 17.172807252000041 ], [ 98.249846744000081, 17.182060219000107 ], [ 98.246459673000061, 17.210602115000029 ], [ 98.227524883000115, 17.204336448000049 ], [ 98.244079789000125, 17.226595936000081 ], [ 98.212667774000181, 17.228456817000108 ], [ 98.204053909000038, 17.250307035000048 ], [ 98.166592844000149, 17.262822652000068 ], [ 98.125120422000123, 17.320626359000187 ], [ 98.111919874000193, 17.319628751000039 ], [ 98.11013428300015, 17.385288581000111 ], [ 98.079724626000143, 17.390232419000085 ], [ 98.04543537700016, 17.429743865999967 ], [ 98.05543671800018, 17.441963485000031 ], [ 97.991530368000042, 17.510687686000097 ], [ 97.970892168000034, 17.507822916 ], [ 97.962279428000102, 17.527333423000073 ], [ 97.923098587000197, 17.539266020000184 ], [ 97.905608550000181, 17.584146375000046 ], [ 97.794057225000017, 17.67909312800009 ], [ 97.763861410000175, 17.723033417000181 ], [ 97.774445719000084, 17.751513025000065 ], [ 97.74630525200007, 17.769481795000161 ], [ 97.742375738000192, 17.785765426000012 ], [ 97.849508684000057, 17.779998906 ], [ 97.902453362000017, 17.80971521500004 ], [ 97.912560616000178, 17.854696213000125 ], [ 97.973178681000093, 17.864481207000097 ] ] ] } },
{ "type": "Feature", "properties": { "adm1_name": "Sukhothai", "adm1_name1": "สุโขทัย", "adm1_pcode": "TH64" }, "geometry": { "type": "Polygon", "coordinates": [ [ [ 99.600509246000058, 17.820398547000025 ], [ 99.670695022000189, 17.799251891999972 ], [ 99.72621880600002, 17.721517083000094 ], [ 99.752674027000069, 17.739227041000106 ], [ 99.776644519000058, 17.787170096000068 ], [ 99.807361793000041, 17.802704970000036 ], [ 99.883957841000097, 17.80996662900003 ], [ 99.916133497000089, 17.792253668000058 ], [ 99.914254199000197, 17.757449739000094 ], [ 99.963189717000148, 17.711515639000027 ], [ 99.977228238, 17.656998201000079 ], [ 99.966026492000083, 17.632393512000078 ], [ 99.976906987000177, 17.622210059000111 ], [ 99.923918814000046, 17.586628504000146 ], [ 99.94269485500007, 17.545272360000126 ], [ 99.928350110000054, 17.521415250000075 ], [ 100.030909933000146, 17.44449602300017 ], [ 100.018011037000122, 17.419187382000132 ], [ 99.990496283000141, 17.407840372000123 ], [ 100.009539207000103, 17.381344045999981 ], [ 100.004062464000015, 17.345230724000146 ], [ 100.019367744000192, 17.334081648000108 ], [ 99.995432324000092, 17.326724029000047 ], [ 100.004437940000173, 17.296333853000135 ], [ 99.964608774000055, 17.272353307000174 ], [ 99.954553066000074, 17.242516338000144 ], [ 99.973567671000126, 17.241363829000079 ], [ 99.957903879000128, 17.230352074000166 ], [ 99.981944980000037, 17.216253793000078 ], [ 99.970983735000175, 17.211102895000067 ], [ 99.982893497000077, 17.180852906000155 ], [ 99.972875494000107, 17.165173147000132 ], [ 99.952377551000097, 17.169494886000052 ], [ 99.95202505900005, 17.155698089000111 ], [ 99.984942822999983, 17.078554382999982 ], [ 100.013864073000036, 17.073065031 ], [ 100.004912624000042, 17.043659343000058 ], [ 100.107684040000152, 16.974214489000133 ], [ 100.110794550000094, 16.914859313000022 ], [ 100.085271822000095, 16.888953770000171 ], [ 100.01062397600009, 16.888826378000147 ], [ 100.000737431000175, 16.862788841000054 ], [ 99.941488849000109, 16.863671950000025 ], [ 99.929903099000057, 16.811010442 ], [ 99.888239175000137, 16.796799069000031 ], [ 99.845533329000148, 16.715503339000122 ], [ 99.814443024000184, 16.720537818000025 ], [ 99.787650081000095, 16.685129705000179 ], [ 99.759603391000155, 16.684911223000029 ], [ 99.744947679000063, 16.744090218999986 ], [ 99.69700928400016, 16.716554318000135 ], [ 99.693251236000094, 16.731807266000033 ], [ 99.622209606000183, 16.756967273000157 ], [ 99.578367892000017, 16.807203915000116 ], [ 99.570750663000126, 16.85953560500019 ], [ 99.544834055000194, 16.862440768000113 ], [ 99.530935575000058, 16.825274327000102 ], [ 99.514219050000122, 16.882488092000074 ], [ 99.488663287000065, 16.910514327000044 ], [ 99.447563079000076, 16.869892508000078 ], [ 99.4342090990001, 16.873935979000066 ], [ 99.456777862000195, 16.915786317000141 ], [ 99.437454570000114, 16.954264089000048 ], [ 99.452355870000076, 16.961832982000033 ], [ 99.455819384000108, 16.969840321000049 ], [ 99.465243720999979, 16.977697175000174 ], [ 99.466829057000098, 16.982516704999966 ], [ 99.429211506, 16.982893603000093 ], [ 99.417119899000113, 17.018685764000111 ], [ 99.393579644000056, 17.024818525000114 ], [ 99.394013483000151, 17.082181708000178 ], [ 99.370881724000185, 17.097022848000165 ], [ 99.339199460000145, 17.093039850000139 ], [ 99.320449670000073, 17.11835438200012 ], [ 99.329714008999986, 17.138005674 ], [ 99.31438795300005, 17.145374362000041 ], [ 99.315228575000162, 17.269839529000024 ], [ 99.340015557000072, 17.267412097999966 ], [ 99.389719363000154, 17.205623965000086 ], [ 99.439329407000059, 17.228389505000052 ], [ 99.440820618000089, 17.252051526000059 ], [ 99.455012342000146, 17.253652097000042 ], [ 99.451608241000145, 17.296602090000022 ], [ 99.476763043000119, 17.341262378000067 ], [ 99.47018926700008, 17.36787466200019 ], [ 99.431205254000133, 17.389630634000127 ], [ 99.441063662000147, 17.433100852000109 ], [ 99.406374443000061, 17.468918343000098 ], [ 99.421354165000139, 17.51869731000005 ], [ 99.439362121000102, 17.527422650000062 ], [ 99.435761807000119, 17.563453373000129 ], [ 99.413042722000171, 17.574073579000071 ], [ 99.419111669000074, 17.600457040000151 ], [ 99.440016940000191, 17.609676785000147 ], [ 99.454332143999977, 17.598105516000089 ], [ 99.447578306000196, 17.64484024300009 ], [ 99.476237628000035, 17.676409382000088 ], [ 99.471050821000176, 17.737868061000142 ], [ 99.486711011000011, 17.762812981000138 ], [ 99.543838978, 17.810773292000079 ], [ 99.600509246000058, 17.820398547000025 ] ] ] } },
{ "type": "Feature", "properties": { "adm1_name": "Phitsanulok", "adm1_name1": "พิษณุโลก", "adm1_pcode": "TH65" }, "geometry": { "type": "Polygon", "coordinates": [ [ [ 101.003267657000038, 17.733398835000173 ], [ 100.991989261000185, 17.61976144700003 ], [ 100.96788010400013, 17.57162196600018 ], [ 100.92800521200013, 17.569283112999983 ], [ 100.90388688000013, 17.591860841000084 ], [ 100.878673143000128, 17.583396303000143 ], [ 100.860936595000055, 17.54581136000013 ], [ 100.871635726000079, 17.528409763000127 ], [ 100.833265037000047, 17.477623614000152 ], [ 100.855289541, 17.451194150000049 ], [ 100.89433754200013, 17.465579904000151 ], [ 100.916419426000175, 17.450839752000036 ], [ 100.913907042000176, 17.342371593000109 ], [ 100.999862079000195, 17.338124416000142 ], [ 101.048428034000153, 17.286235010999974 ], [ 101.082848077000165, 17.281350645000146 ], [ 101.109716490000039, 17.233554653 ], [ 101.075081247000014, 17.177685554999982 ], [ 101.071010207000143, 17.11556915400007 ], [ 101.050987947000124, 17.115079642000069 ], [ 101.051436602000081, 16.955971711000132 ], [ 101.026382422000097, 16.94297013500011 ], [ 101.068944096, 16.926967315000127 ], [ 101.071214774000111, 16.911702874000071 ], [ 100.972780815000192, 16.842273531000103 ], [ 100.978785957000184, 16.826490997 ], [ 100.954310353000096, 16.825930887000027 ], [ 100.952820294000048, 16.793341085000066 ], [ 100.902907958000128, 16.801687850000121 ], [ 100.895399845000156, 16.771241824000072 ], [ 100.919668330000093, 16.758898321000061 ], [ 100.913617061000025, 16.731180065000103 ], [ 100.942562253000119, 16.68106930600004 ], [ 100.923425674999976, 16.663287432000118 ], [ 100.88956033300019, 16.668655600000022 ], [ 100.864209624000068, 16.643028732000062 ], [ 100.84568400500018, 16.577656059000049 ], [ 100.858331157000123, 16.546695512000099 ], [ 100.817482232000089, 16.483253859000172 ], [ 100.793641843000046, 16.472857426000132 ], [ 100.80544148700011, 16.448429620000127 ], [ 100.782935603000112, 16.448060373000033 ], [ 100.771806382000022, 16.426263856000048 ], [ 100.708690519000015, 16.419132569000169 ], [ 100.706561480000175, 16.384677562000149 ], [ 100.651451255000154, 16.32078474500014 ], [ 100.626628935000156, 16.318804591000116 ], [ 100.633524619000184, 16.395253375000038 ], [ 100.595003978000193, 16.415581938000116 ], [ 100.567528043000095, 16.45820798900013 ], [ 100.585686512000166, 16.470761618000097 ], [ 100.57508382300017, 16.585898138000118 ], [ 100.497589749000042, 16.563256575000025 ], [ 100.469147573000043, 16.520228127000166 ], [ 100.429617819000157, 16.520449140000096 ], [ 100.388486398000168, 16.554300499000078 ], [ 100.332790879000186, 16.526055028000087 ], [ 100.237377015000106, 16.529029860000037 ], [ 100.231486676000088, 16.616781902000184 ], [ 100.216520936999984, 16.648433939000086 ], [ 100.193129062000139, 16.648254826000084 ], [ 100.202801362, 16.623604005 ], [ 100.178554428000041, 16.601505878000125 ], [ 100.185177147000104, 16.589049197000179 ], [ 100.118651488000069, 16.614071900000113 ], [ 100.047135603000129, 16.571257083000091 ], [ 100.007912628000099, 16.585924932000012 ], [ 99.925448825000103, 16.578739212000016 ], [ 99.888737302000038, 16.671085625000046 ], [ 99.885152179000158, 16.701114937000114 ], [ 99.896669448000182, 16.705544293000116 ], [ 99.853410180000083, 16.735271930000181 ], [ 99.879682603000049, 16.786761928000089 ], [ 99.9424377160002, 16.826286203000166 ], [ 99.941488849000109, 16.863671950000025 ], [ 100.000737431000175, 16.862788841000054 ], [ 100.01062397600009, 16.888826378000147 ], [ 100.043505077000077, 16.894763811000132 ], [ 100.08531258000005, 16.888966609000079 ], [ 100.111794638000049, 16.919105100000024 ], [ 100.107684040000152, 16.974214489000133 ], [ 100.004902287000164, 17.043672283999967 ], [ 100.013864073000036, 17.073065031 ], [ 99.98511850400007, 17.078374715000052 ], [ 99.982709494000062, 17.101095595000061 ], [ 99.961181692000139, 17.112367489000121 ], [ 99.952377551000097, 17.169494886000052 ], [ 100.014085664000163, 17.139000355000178 ], [ 100.036299935000102, 17.181340199000033 ], [ 100.149771054000041, 17.185797187000048 ], [ 100.160029864000137, 17.165600065000149 ], [ 100.167579145000104, 17.20111923200011 ], [ 100.282460662000062, 17.220608859000038 ], [ 100.272165539000127, 17.277415061000113 ], [ 100.296881923, 17.347811320000176 ], [ 100.288911780000035, 17.376113505000035 ], [ 100.307378018000122, 17.383088022000038 ], [ 100.323047197000108, 17.368298751 ], [ 100.329101690000016, 17.386854052000103 ], [ 100.356345330000181, 17.38283511100019 ], [ 100.427017396000167, 17.421508584000037 ], [ 100.501326789000132, 17.428894850000063 ], [ 100.513696733000131, 17.403949528000055 ], [ 100.594286971000088, 17.421879524000133 ], [ 100.613353022000126, 17.465856440000152 ], [ 100.645031669000105, 17.474544389000187 ], [ 100.64234636000009, 17.493361520000065 ], [ 100.740270115000101, 17.542441796000048 ], [ 100.80182271100017, 17.638520894000123 ], [ 100.842721659, 17.6534149310001 ], [ 100.874894327000106, 17.711057475000132 ], [ 100.955933553000136, 17.69994068900013 ], [ 100.988849593000111, 17.743676454000138 ], [ 101.003267657000038, 17.733398835000173 ] ] ] } },
{ "type": "Feature", "properties": { "adm1_name": "Phichit", "adm1_name1": "พิจิตร", "adm1_pcode": "TH66" }, "geometry": { "type": "Polygon", "coordinates": [ [ [ 100.216478831000074, 16.647197735000134 ], [ 100.23298635600014, 16.61261330800005 ], [ 100.237377015000106, 16.529029860000037 ], [ 100.332790879000186, 16.526055028000087 ], [ 100.388486398000168, 16.554300499000078 ], [ 100.429617819000157, 16.520449140000096 ], [ 100.469147573000043, 16.520228127000166 ], [ 100.497589749000042, 16.563256575000025 ], [ 100.579884883000034, 16.581120626000086 ], [ 100.585686512000166, 16.470761618000097 ], [ 100.567528043000095, 16.45820798900013 ], [ 100.595003978000193, 16.415581938000116 ], [ 100.633524619000184, 16.395253375000038 ], [ 100.625967817000173, 16.318967930000042 ], [ 100.649195979000069, 16.327120494000098 ], [ 100.652678408000156, 16.289690682000014 ], [ 100.678476730000114, 16.271036356000025 ], [ 100.666755737000074, 16.248498275000145 ], [ 100.693820381000137, 16.248133262000067 ], [ 100.709136890000082, 16.265090066000084 ], [ 100.71984387800012, 16.250827286 ], [ 100.644221480000169, 16.139313789000028 ], [ 100.656193128000041, 16.107908648999967 ], [ 100.632976789000111, 16.04371606400008 ], [ 100.655637857000158, 16.052673484000138 ], [ 100.682261374000063, 16.024505891 ], [ 100.759350827, 16.011319560000118 ], [ 100.784742022999978, 15.992278947000045 ], [ 100.777047959000015, 15.970251792000113 ], [ 100.795782646000191, 15.931681386000037 ], [ 100.766066687000034, 15.931128310000076 ], [ 100.737994042000139, 15.989867132000029 ], [ 100.690027919000045, 15.993438128000093 ], [ 100.65414808200012, 16.026881236000179 ], [ 100.580494926000142, 15.945186527000033 ], [ 100.522766943000079, 15.918981861000077 ], [ 100.519973073000187, 15.940725528000144 ], [ 100.338173847000064, 15.937802764000082 ], [ 100.346350691000168, 15.974012731000187 ], [ 100.322270698000068, 15.987854715000083 ], [ 100.309885360000067, 15.961135330000047 ], [ 100.268641803000037, 15.939644134 ], [ 100.254825144000051, 15.961295145000065 ], [ 100.228970879000201, 15.926986877000161 ], [ 100.175123495000093, 15.933324189000132 ], [ 100.115310579000095, 16.04683109500013 ], [ 100.113272751000068, 16.080338940000161 ], [ 100.076884473000064, 16.124425532000146 ], [ 100.076521696000157, 16.161524521000104 ], [ 100.0442236250002, 16.168152059000079 ], [ 100.024850743000115, 16.191184368000052 ], [ 100.047090313000069, 16.210263626000028 ], [ 100.021333297000012, 16.250626583000042 ], [ 100.021285043000148, 16.31287491900008 ], [ 99.983699932000093, 16.380718042000069 ], [ 100.001849456000059, 16.462566106000054 ], [ 100.034584777000077, 16.501699473000087 ], [ 100.010622264000119, 16.521207314000094 ], [ 100.012245584000141, 16.573445066000033 ], [ 100.074986134000085, 16.577199078000149 ], [ 100.118651488000069, 16.614071900000113 ], [ 100.18568120600014, 16.589219059000186 ], [ 100.178554428000041, 16.601505878000125 ], [ 100.202801362, 16.623604005 ], [ 100.19117281400014, 16.646126201000129 ], [ 100.216478831000074, 16.647197735000134 ] ] ] } },
{ "type": "Feature", "properties": { "adm1_name": "Phetchabun", "adm1_name1": "เพชรบูรณ์", "adm1_pcode": "TH67" }, "geometry": { "type": "Polygon", "coordinates": [ [ [ 101.39871118300016, 17.17792268400018 ], [ 101.452456640000037, 17.14086320500013 ], [ 101.504279305000182, 17.010135199000047 ], [ 101.536001984000109, 17.022734968000123 ], [ 101.575179761000072, 16.983744798000089 ], [ 101.612975858000141, 17.004288648999989 ], [ 101.628742706000139, 17.045187694000106 ], [ 101.649611495000158, 17.042339347000109 ], [ 101.672686333000115, 16.95215406300008 ], [ 101.692305519, 16.936233366000067 ], [ 101.676993395000181, 16.867005403000064 ], [ 101.721912060000193, 16.807097949000024 ], [ 101.686382468000147, 16.798480121000182 ], [ 101.726862864000168, 16.753931326000043 ], [ 101.797248128000092, 16.769011725000041 ], [ 101.791665655000145, 16.727284276000091 ], [ 101.771891710000148, 16.685810663000041 ], [ 101.724731578000046, 16.652006895000113 ], [ 101.688590475000126, 16.686693402000117 ], [ 101.620194325000114, 16.684866863000082 ], [ 101.585548564000135, 16.722686097000064 ], [ 101.55380337400004, 16.72815732600003 ], [ 101.57871929200013, 16.670079286000032 ], [ 101.571748797000055, 16.648255541000083 ], [ 101.511119029000156, 16.678919660000133 ], [ 101.526263460000052, 16.620795601000168 ], [ 101.500085453000111, 16.609535656000105 ], [ 101.494187876000183, 16.570942043000173 ], [ 101.519536844000072, 16.549588231000087 ], [ 101.472023290000038, 16.52891419000008 ], [ 101.473507017000145, 16.477199922000068 ], [ 101.400914359000183, 16.401638253000044 ], [ 101.409071887000096, 16.383079658999975 ], [ 101.377764217000163, 16.348541806000014 ], [ 101.371699942000134, 16.274499820000074 ], [ 101.354683107000199, 16.25991976500012 ], [ 101.373569066000073, 16.241492577000088 ], [ 101.379958702000124, 16.188204015999986 ], [ 101.344475936000038, 16.157104087999983 ], [ 101.333638495000116, 16.093450554000185 ], [ 101.346046374000139, 16.06924519800009 ], [ 101.364975526000137, 16.075004079000053 ], [ 101.377812428000141, 15.989398620000031 ], [ 101.36062849200016, 15.923494456000128 ], [ 101.374581128000159, 15.918389318000152 ], [ 101.332465068000147, 15.881669610000074 ], [ 101.331426115000056, 15.804635713999971 ], [ 101.317575327000156, 15.791789027000107 ], [ 101.339034029000175, 15.767135349000057 ], [ 101.335522153, 15.727022744000124 ], [ 101.36003293400006, 15.686042693000047 ], [ 101.287600643000189, 15.530525583999975 ], [ 101.30439086500013, 15.519682568000064 ], [ 101.302492301000029, 15.386313112000153 ], [ 101.20543512900008, 15.319421657000191 ], [ 101.137622092000072, 15.339621908000083 ], [ 101.110096477000127, 15.325259400000107 ], [ 101.082276696000065, 15.356381916000032 ], [ 101.055418641000131, 15.319966069000088 ], [ 101.025238206000097, 15.338018086000091 ], [ 100.995936823000136, 15.318399989000056 ], [ 100.977041399000086, 15.336500673000046 ], [ 100.976997888000142, 15.414618513999983 ], [ 100.930189006000148, 15.417217280000102 ], [ 100.928698973000053, 15.487688026000171 ], [ 100.903982303000078, 15.496352940000122 ], [ 100.8851164780001, 15.528794101000187 ], [ 100.852927471000157, 15.525382352000065 ], [ 100.854441292000104, 15.54783825200019 ], [ 100.807926962000124, 15.592473405000192 ], [ 100.825624868000034, 15.615055859000108 ], [ 100.833474963000185, 15.680724827000063 ], [ 100.798426299000141, 15.825738127000136 ], [ 100.809791119000067, 15.885361063000062 ], [ 100.76397520800009, 15.911405573000081 ], [ 100.766066687000034, 15.931128310000076 ], [ 100.799212535000038, 15.936792018000119 ], [ 100.777054297, 15.970224716000189 ], [ 100.784742022999978, 15.992278947000045 ], [ 100.725963059000094, 16.024331287000109 ], [ 100.66533502700014, 16.031656142000031 ], [ 100.655666279000059, 16.052664783000182 ], [ 100.632976789000111, 16.04371606400008 ], [ 100.656193128000041, 16.107908648999967 ], [ 100.644221480000169, 16.139313789000028 ], [ 100.71984387800012, 16.250827286 ], [ 100.709136890000082, 16.265090066000084 ], [ 100.693820381000137, 16.248133262000067 ], [ 100.666708678000191, 16.248540635999973 ], [ 100.678476730000114, 16.271036356000025 ], [ 100.652678408000156, 16.289690682000014 ], [ 100.651451927000039, 16.320786549000104 ], [ 100.706561480000175, 16.384677562000149 ], [ 100.708690519000015, 16.419132569000169 ], [ 100.771806382000022, 16.426263856000048 ], [ 100.782935603000112, 16.448060373000033 ], [ 100.80544148700011, 16.448429620000127 ], [ 100.793641843000046, 16.472857426000132 ], [ 100.817482232000089, 16.483253859000172 ], [ 100.858331157000123, 16.546695512000099 ], [ 100.84568400500018, 16.577656059000049 ], [ 100.864209624000068, 16.643028732000062 ], [ 100.88956033300019, 16.668655600000022 ], [ 100.923425674999976, 16.663287432000118 ], [ 100.942562253000119, 16.68106930600004 ], [ 100.913617061000025, 16.731180065000103 ], [ 100.919668330000093, 16.758898321000061 ], [ 100.895399845000156, 16.771241824000072 ], [ 100.902927740000166, 16.801718647000087 ], [ 100.952820294000048, 16.793341085000066 ], [ 100.954309584000157, 16.825930021000147 ], [ 100.978785957000184, 16.826490997 ], [ 100.97274394700014, 16.842235706000054 ], [ 101.012670319000165, 16.858350325000174 ], [ 101.043276646000095, 16.90416645199997 ], [ 101.100531654, 16.911551690000124 ], [ 101.11514593000004, 17.020762100000127 ], [ 101.168750640000098, 17.03824263100006 ], [ 101.188435191000167, 17.065969982000126 ], [ 101.222699032000037, 17.060579996000058 ], [ 101.243927496000197, 17.108794985000145 ], [ 101.277626308000094, 17.098117626000146 ], [ 101.351142676000109, 17.167811862000065 ], [ 101.39871118300016, 17.17792268400018 ] ] ] } },
{ "type": "Feature", "properties": { "adm1_name": "Ratchaburi", "adm1_name1": "ราชบุรี", "adm1_pcode": "TH70" }, "geometry": { "type": "Polygon", "coordinates": [ [ [ 99.875861053000051, 13.96123518100012 ], [ 99.927035001000036, 13.934065867000072 ], [ 99.900889986000152, 13.841629012 ], [ 99.958591437000166, 13.836248709000074 ], [ 99.970650154000054, 13.808426008000083 ], [ 99.937924378000162, 13.769773061000024 ], [ 99.954549197000176, 13.725219689000141 ], [ 100.028818516000058, 13.754373984000154 ], [ 100.025030844000185, 13.698273500000028 ], [ 100.068409081000084, 13.692710993000105 ], [ 100.053903786000092, 13.618980768000085 ], [ 100.031109542000081, 13.612613751000083 ], [ 100.045997035000028, 13.559313981000173 ], [ 100.029090804000191, 13.50585436700004 ], [ 100.008635756000047, 13.516261818999965 ], [ 99.966573922000066, 13.485499190000098 ], [ 99.913458078000133, 13.510483232000126 ], [ 99.889163845000098, 13.47009747300001 ], [ 99.891368529000033, 13.432392864000064 ], [ 99.856954067000117, 13.329662603000088 ], [ 99.757166388000201, 13.343416474000037 ], [ 99.700972641000078, 13.318187168000122 ], [ 99.660874663000072, 13.278846878000081 ], [ 99.661620216000188, 13.211477367000043 ], [ 99.578611781000063, 13.197713160000092 ], [ 99.522537568000018, 13.210037913000122 ], [ 99.506662883000104, 13.180379064000078 ], [ 99.478656904000047, 13.200505411000108 ], [ 99.442482589, 13.183454955000116 ], [ 99.350693467000156, 13.243961766000098 ], [ 99.323312075, 13.222852641000145 ], [ 99.324166990000151, 13.177531556000019 ], [ 99.270074337000096, 13.149098713 ], [ 99.205608983000104, 13.215230784000028 ], [ 99.196461403000114, 13.255076207000172 ], [ 99.21130821200012, 13.261717201000067 ], [ 99.187100336000185, 13.290548992000026 ], [ 99.206912805000172, 13.33912800000013 ], [ 99.210279317000186, 13.411704328000155 ], [ 99.203732627000079, 13.479460725000081 ], [ 99.18711355500011, 13.496596319000162 ], [ 99.191581535000125, 13.544756306000124 ], [ 99.16283622200018, 13.574157463000176 ], [ 99.17825193200008, 13.584924232000049 ], [ 99.16526007300007, 13.613088608000169 ], [ 99.167593212000156, 13.736585734000073 ], [ 99.265898514000185, 13.743454965000069 ], [ 99.30697126300015, 13.777147886000137 ], [ 99.339930274000039, 13.755803839000066 ], [ 99.378763333999984, 13.75494068900008 ], [ 99.45313953200008, 13.77886749400011 ], [ 99.470436883000161, 13.80668362800003 ], [ 99.505195510000078, 13.765899036 ], [ 99.545896460000108, 13.758949735000101 ], [ 99.630645167000125, 13.805454318000102 ], [ 99.666273568000122, 13.846297271000026 ], [ 99.803122429000098, 13.807153389000064 ], [ 99.875861053000051, 13.96123518100012 ] ] ] } },
{ "type": "Feature", "properties": { "adm1_name": "Kanchanaburi", "adm1_name1": "กาญจนบุรี", "adm1_pcode": "TH71" }, "geometry": { "type": "Polygon", "coordinates": [ [ [ 98.557779656000093, 15.652479867000011 ], [ 98.626768023000182, 15.638563966000163 ], [ 98.625901375000069, 15.626395434000187 ], [ 98.648615858000142, 15.632502720000105 ], [ 98.723761166000088, 15.517508863000103 ], [ 98.701054788000079, 15.503775276 ], [ 98.760175295000067, 15.471367091000047 ], [ 98.754552370000113, 15.440738078000038 ], [ 98.830992932000129, 15.345630037000092 ], [ 98.871014707000143, 15.324628287000053 ], [ 98.886261224000179, 15.275066768000102 ], [ 98.923331664000159, 15.246671719 ], [ 98.955557653000142, 15.246997434000036 ], [ 98.964059237000129, 15.205534651000164 ], [ 99.007563392000179, 15.144424939000146 ], [ 98.997271606000197, 15.104858364000165 ], [ 99.011873824000133, 15.086810472000082 ], [ 98.999661252000067, 15.071000168000182 ], [ 99.07801575700006, 15.038561862000108 ], [ 99.143195175000187, 15.051778103000061 ], [ 99.135315168000034, 15.037451966000162 ], [ 99.162043138000115, 15.015289158000087 ], [ 99.190574231000085, 15.027523828000085 ], [ 99.256274435000137, 14.987564860000191 ], [ 99.282802075000177, 14.997616249000032 ], [ 99.304479663000052, 14.974564867000026 ], [ 99.32501374800006, 14.941626950000114 ], [ 99.324472774000014, 14.899437178000028 ], [ 99.287279725000133, 14.855765293 ], [ 99.341571755000018, 14.784225526000057 ], [ 99.38073284900014, 14.764811153000153 ], [ 99.433447490000049, 14.776140659000134 ], [ 99.442085740000152, 14.732125064000115 ], [ 99.491915807000112, 14.704663606000054 ], [ 99.567063687000086, 14.709514636000165 ], [ 99.57257609800007, 14.783197526000095 ], [ 99.629121275000159, 14.801039031000016 ], [ 99.65886930400012, 14.802644782000129 ], [ 99.720324349, 14.749745196000106 ], [ 99.78944300400002, 14.736016902000074 ], [ 99.794115024000064, 14.681519221000087 ], [ 99.821837380000034, 14.638899534000075 ], [ 99.800241588000176, 14.623495876000106 ], [ 99.792984676000174, 14.552712228000075 ], [ 99.809676652000121, 14.539738289000127 ], [ 99.809681615000102, 14.512296727000148 ], [ 99.828827221000097, 14.50146063 ], [ 99.833100552000076, 14.481644496000172 ], [ 99.822595558000046, 14.485540265 ], [ 99.814704269, 14.440248680000082 ], [ 99.821998283000084, 14.350043179000068 ], [ 99.793698164000034, 14.325868473000185 ], [ 99.833565541000098, 14.272161401000176 ], [ 99.795624229000168, 14.21793440600004 ], [ 99.802560670000048, 14.190412233000075 ], [ 99.769415389000187, 14.100324514000022 ], [ 99.791008113000146, 14.100821519000021 ], [ 99.811565354000095, 14.064938447000031 ], [ 99.848888685000134, 14.051541040000075 ], [ 99.829192181000053, 13.99838467800015 ], [ 99.879323411000144, 13.950929740000163 ], [ 99.836730891000173, 13.865659212000025 ], [ 99.820074208000165, 13.864574725000068 ], [ 99.819128512000077, 13.826472458000069 ], [ 99.800922723000156, 13.825066920000154 ], [ 99.811304994000068, 13.810671310999965 ], [ 99.666273568000122, 13.846297271000026 ], [ 99.630645167000125, 13.805454318000102 ], [ 99.545896460000108, 13.758949735000101 ], [ 99.505195510000078, 13.765899036 ], [ 99.470436883000161, 13.80668362800003 ], [ 99.45313953200008, 13.77886749400011 ], [ 99.378846999000075, 13.754961752000099 ], [ 99.339930274000039, 13.755803839000066 ], [ 99.306788765000135, 13.777129262000187 ], [ 99.265898514000185, 13.743454965000069 ], [ 99.172609058000035, 13.740869574000101 ], [ 99.16093454300011, 13.726223643000083 ], [ 99.1538365830001, 13.755638945000101 ], [ 99.121497889000125, 13.773137439000038 ], [ 99.121413305000033, 13.812612621000028 ], [ 99.099532903000124, 13.837658402000102 ], [ 99.108449290000067, 13.89165335600012 ], [ 99.080825851000043, 13.891498245000037 ], [ 99.059464578000131, 13.929407517000129 ], [ 99.018937696000194, 13.947159337000073 ], [ 98.99786850300012, 14.018469072000187 ], [ 98.971230904000151, 14.034385818000146 ], [ 98.959014356000068, 14.096837079000011 ], [ 98.899643808000064, 14.108175230000143 ], [ 98.86718506200009, 14.147572092000075 ], [ 98.705481006000184, 14.252960318000135 ], [ 98.697629179000046, 14.274910637000119 ], [ 98.601673106000135, 14.321490305000111 ], [ 98.593760936000024, 14.376447701000018 ], [ 98.576803323000036, 14.36834621100013 ], [ 98.562426373999983, 14.385603944000081 ], [ 98.491791066000189, 14.540451745000041 ], [ 98.461615939000069, 14.530681910000169 ], [ 98.459357352000154, 14.577505234000114 ], [ 98.437199894, 14.613065787000153 ], [ 98.305371162000199, 14.731827847000091 ], [ 98.245942120000166, 14.830934959000047 ], [ 98.258385029000181, 14.859631799000169 ], [ 98.22973623200005, 14.890274720000093 ], [ 98.250102253000193, 14.915578036999989 ], [ 98.232307339000045, 14.967297773000041 ], [ 98.208758622000062, 14.980395518000137 ], [ 98.23052008600007, 15.046086980000155 ], [ 98.181082673000105, 15.110484356000029 ], [ 98.213142569000127, 15.179589223000164 ], [ 98.197828389000108, 15.233646012000065 ], [ 98.258021494000047, 15.22434498500013 ], [ 98.280438106000076, 15.270448780000095 ], [ 98.303184634000104, 15.280143974999987 ], [ 98.296703376000153, 15.31338935600013 ], [ 98.344339569999988, 15.2925424660001 ], [ 98.385304228000166, 15.301334701000087 ], [ 98.40020128600014, 15.310776189000023 ], [ 98.394484513000066, 15.344679034000023 ], [ 98.442445190000058, 15.364921692000166 ], [ 98.449215362000132, 15.384335153000166 ], [ 98.480370664000077, 15.376780968000162 ], [ 98.489686969000104, 15.403210174000037 ], [ 98.521149348000108, 15.392276925000033 ], [ 98.559119631000044, 15.336370185000078 ], [ 98.580413933000159, 15.377554065000083 ], [ 98.585226251000051, 15.471422066000059 ], [ 98.552756289000058, 15.602380797000137 ], [ 98.557779656000093, 15.652479867000011 ] ] ] } },
{ "type": "Feature", "properties": { "adm1_name": "Suphan Buri", "adm1_name1": "สุพรรณบุรี", "adm1_pcode": "TH72" }, "geometry": { "type": "Polygon", "coordinates": [ [ [ 99.371184963000132, 15.050726092000104 ], [ 99.415860870000131, 15.047345532000179 ], [ 99.444970843000192, 14.991201236000165 ], [ 99.526320291000104, 14.98064028500005 ], [ 99.588201217000176, 14.944803612000044 ], [ 99.631318052000154, 14.943277374000104 ], [ 99.627266720000137, 14.987635491000049 ], [ 99.663700901000141, 14.988309344000129 ], [ 99.714857759000154, 14.961357464000173 ], [ 99.932035231000043, 14.906880041000079 ], [ 100.038329895000174, 14.913155682000024 ], [ 100.040071387000012, 14.961136835000104 ], [ 100.132506908000153, 14.945943827000178 ], [ 100.126324725000131, 14.92298184100008 ], [ 100.201755934000062, 14.95911828900006 ], [ 100.182456714000182, 14.924476311000149 ], [ 100.19218097900017, 14.904924584000071 ], [ 100.224203463000094, 14.903491919999965 ], [ 100.206262290000041, 14.895300322000082 ], [ 100.224475405000192, 14.882566439000129 ], [ 100.204286573000104, 14.809608318000016 ], [ 100.230064213000048, 14.78775199100005 ], [ 100.205417759000056, 14.770696972000167 ], [ 100.219028117000164, 14.728760032000025 ], [ 100.203946203000157, 14.721320565000099 ], [ 100.222306201000151, 14.665455788000145 ], [ 100.244324221000056, 14.651128737000022 ], [ 100.191298603000121, 14.617085682000095 ], [ 100.218734388000087, 14.596684239000069 ], [ 100.195986819000098, 14.559964523000133 ], [ 100.235384473000067, 14.479421086000059 ], [ 100.253246023000202, 14.482722385000102 ], [ 100.245331304, 14.436889658000155 ], [ 100.279569515000048, 14.400174519000132 ], [ 100.262348729000166, 14.367188099000032 ], [ 100.282405426000139, 14.328980584000021 ], [ 100.232158699000138, 14.238776427000118 ], [ 100.238579816000026, 14.197422073000041 ], [ 100.131896397, 14.139009930000043 ], [ 100.039174010000124, 14.153635483000016 ], [ 99.944819357000199, 14.134923376000131 ], [ 99.868282142000112, 14.073584441999969 ], [ 99.834785119000117, 14.079038647000175 ], [ 99.812713209000151, 14.064399287000185 ], [ 99.791025725000168, 14.100809701000117 ], [ 99.772180389000198, 14.093933694000043 ], [ 99.767908630000136, 14.116455429000041 ], [ 99.785536237000201, 14.124539594000055 ], [ 99.802560670000048, 14.190412233000075 ], [ 99.795624229000168, 14.21793440600004 ], [ 99.833565541000098, 14.272161401000176 ], [ 99.793698164000034, 14.325868473000185 ], [ 99.821998283000084, 14.350043179000068 ], [ 99.814704269, 14.440248680000082 ], [ 99.822595558000046, 14.485540265 ], [ 99.833100552000076, 14.481644496000172 ], [ 99.792984676000174, 14.552712228000075 ], [ 99.800241588000176, 14.623495876000106 ], [ 99.821837380000034, 14.638899534000075 ], [ 99.794115024000064, 14.681519221000087 ], [ 99.78944300400002, 14.736016902000074 ], [ 99.720324349, 14.749745196000106 ], [ 99.65886930400012, 14.802644782000129 ], [ 99.629121275000159, 14.801039031000016 ], [ 99.57257609800007, 14.783197526000095 ], [ 99.567063687000086, 14.709514636000165 ], [ 99.491915807000112, 14.704663606000054 ], [ 99.442085740000152, 14.732125064000115 ], [ 99.433447490000049, 14.776140659000134 ], [ 99.38073284900014, 14.764811153000153 ], [ 99.341571755000018, 14.784225526000057 ], [ 99.292123770000103, 14.833342335000111 ], [ 99.287231308000116, 14.864661852000097 ], [ 99.324472774000014, 14.899437178000028 ], [ 99.32501374800006, 14.941626950000114 ], [ 99.275973809000106, 15.013382595 ], [ 99.319822443000135, 15.080905266000116 ], [ 99.371184963000132, 15.050726092000104 ] ] ] } },
{ "type": "Feature", "properties": { "adm1_name": "Nakhon Pathom", "adm1_name1": "นครปฐม", "adm1_pcode": "TH73" }, "geometry": { "type": "Polygon", "coordinates": [ [ [ 100.223072712000032, 14.177254198000185 ], [ 100.284138899000084, 14.169591193000031 ], [ 100.283729843000174, 14.100698103000127 ], [ 100.264152463000016, 14.060110910000049 ], [ 100.27694289700014, 14.023938989000044 ], [ 100.26242900800014, 13.99812071100007 ], [ 100.298219919000076, 13.963371049000102 ], [ 100.265448782000078, 13.920607142 ], [ 100.330696831000125, 13.798145851000129 ], [ 100.33573900000016, 13.722985034000033 ], [ 100.29006516600009, 13.717789826000057 ], [ 100.286850911000158, 13.694234514000129 ], [ 100.243665973000134, 13.674640660000023 ], [ 100.209807301000183, 13.684822984000164 ], [ 100.189087012000016, 13.674010988000134 ], [ 100.181807849000052, 13.689020772000049 ], [ 100.129022268000142, 13.681264713000189 ], [ 100.121766896000054, 13.653834691999975 ], [ 100.086532876000149, 13.650760553000111 ], [ 100.060268251000082, 13.660286144000167 ], [ 100.065738517999989, 13.696011431000159 ], [ 100.025030844000185, 13.698273500000028 ], [ 100.028818516000058, 13.754373984000154 ], [ 99.960175560000039, 13.721851820999973 ], [ 99.948906105000106, 13.733733833000088 ], [ 99.937924378000162, 13.769773061000024 ], [ 99.970754789000068, 13.801036367 ], [ 99.962623197000141, 13.832056574999967 ], [ 99.900889986000152, 13.841629012 ], [ 99.927035001000036, 13.934065867000072 ], [ 99.852335216000085, 13.966077842000118 ], [ 99.829192181000053, 13.99838467800015 ], [ 99.848984514000165, 14.051405581000154 ], [ 99.814510724000058, 14.065876738000156 ], [ 99.834785119000117, 14.079038647000175 ], [ 99.868282142000112, 14.073584441999969 ], [ 99.927130471000112, 14.12775060600012 ], [ 99.974464420000118, 14.143074342000091 ], [ 100.043652187000191, 14.15354630600001 ], [ 100.131498241000088, 14.138952821000032 ], [ 100.223072712000032, 14.177254198000185 ] ] ] } },
{ "type": "Feature", "properties": { "adm1_name": "Samut Sakhon", "adm1_name1": "สมุทรสาคร", "adm1_pcode": "TH74" }, "geometry": { "type": "Polygon", "coordinates": [ [ [ 100.30909018300008, 13.721703381000168 ], [ 100.336708523000141, 13.716464760000065 ], [ 100.339383547000125, 13.654990333000114 ], [ 100.376482084000088, 13.619703151000067 ], [ 100.395436425000071, 13.553807630000108 ], [ 100.415213885000128, 13.557151797000131 ], [ 100.408838252000066, 13.493389571000023 ], [ 100.330142794000039, 13.486487678000174 ], [ 100.281852696000044, 13.506643425000107 ], [ 100.245698060000166, 13.47328363000014 ], [ 100.078871587000151, 13.425248016000069 ], [ 100.073319066000181, 13.456349530000182 ], [ 100.026691290000088, 13.517448055000045 ], [ 100.045997035000028, 13.559313981000173 ], [ 100.031109542000081, 13.612613751000083 ], [ 100.053895534000162, 13.618964098000106 ], [ 100.060268251000082, 13.660286144000167 ], [ 100.105482115000086, 13.649253139999985 ], [ 100.121766896000054, 13.653834691999975 ], [ 100.120959232000189, 13.679138797000121 ], [ 100.180103533000079, 13.688931681000042 ], [ 100.189087012000016, 13.674010988000134 ], [ 100.209807301000183, 13.684822984000164 ], [ 100.243665973000134, 13.674640660000023 ], [ 100.30909018300008, 13.721703381000168 ] ] ] } },
{ "type": "Feature", "properties": { "adm1_name": "Samut Songkhram", "adm1_name1": "สมุทรสงคราม", "adm1_pcode": "TH75" }, "geometry": { "type": "Polygon", "coordinates": [ [ [ 100.011625045000017, 13.513593629000184 ], [ 100.04258548100006, 13.503690999000071 ], [ 100.078686583000092, 13.425152385000047 ], [ 100.047645824000142, 13.408646374000114 ], [ 100.023184923000144, 13.361780197000087 ], [ 99.9991181540002, 13.368107291000058 ], [ 99.996631035000064, 13.329968387000122 ], [ 99.909610327, 13.282123265000052 ], [ 99.907805460000191, 13.263931431000117 ], [ 99.886552530000131, 13.263852434000057 ], [ 99.892323041000168, 13.242997161000119 ], [ 99.860308829000189, 13.244605060000026 ], [ 99.85481316400012, 13.325933885000097 ], [ 99.895997084000157, 13.483284975000117 ], [ 99.920596962, 13.513612775000183 ], [ 99.966573922000066, 13.485499190000098 ], [ 100.011625045000017, 13.513593629000184 ] ] ] } },
{ "type": "Feature", "properties": { "adm1_name": "Phetchaburi", "adm1_name1": "เพชรบุรี", "adm1_pcode": "TH76" }, "geometry": { "type": "Polygon", "coordinates": [ [ [ 99.758687894000161, 13.342485377 ], [ 99.855661180000141, 13.329744683000115 ], [ 99.860308829000189, 13.244605060000026 ], [ 99.892323041000168, 13.242997161000119 ], [ 99.886552530000131, 13.263852434000057 ], [ 99.95250447900014, 13.29662013300009 ], [ 99.941275673000064, 13.266373539000028 ], [ 99.985414538000043, 13.235278080000171 ], [ 100.018898471, 13.185437478000154 ], [ 100.06603353700018, 13.158124176000115 ], [ 100.065230289000169, 13.084232047 ], [ 100.103192627000055, 13.057791895000094 ], [ 100.029527402000099, 12.934564168000065 ], [ 99.994078089000197, 12.823098130000119 ], [ 100.002526199000044, 12.814328179000086 ], [ 99.992054898000049, 12.81794736300003 ], [ 100.002068477000137, 12.812426690000052 ], [ 99.96682103500018, 12.740529121000122 ], [ 99.95611290700009, 12.632498751000128 ], [ 99.921633443000076, 12.623317776000135 ], [ 99.904867161000141, 12.636026273000141 ], [ 99.883632691000173, 12.620107306000079 ], [ 99.826336497000057, 12.633360961000051 ], [ 99.718257829000095, 12.601055281000129 ], [ 99.684023268000033, 12.635463691000098 ], [ 99.622504868000135, 12.644601052000041 ], [ 99.61376236100017, 12.615232328000104 ], [ 99.628300085000092, 12.59981878800005 ], [ 99.598843397000167, 12.573424135999971 ], [ 99.537443106000183, 12.58184725100017 ], [ 99.514455945000066, 12.563738897 ], [ 99.496771679000062, 12.592951698000093 ], [ 99.440796032000037, 12.581073602000174 ], [ 99.412259114000165, 12.615417601000104 ], [ 99.379194300000165, 12.616001551000068 ], [ 99.338013584000066, 12.662122368000098 ], [ 99.294048287000066, 12.677634372000114 ], [ 99.289838356000189, 12.714891533000184 ], [ 99.270026978000033, 12.728550175 ], [ 99.244006004000141, 12.720160723000049 ], [ 99.227978742000118, 12.742660783000133 ], [ 99.222183654000048, 12.821946726000078 ], [ 99.186265949000131, 12.849752408000029 ], [ 99.182579718000056, 12.91126791500011 ], [ 99.162273789000096, 12.928292431999978 ], [ 99.195242644000075, 12.956538766000108 ], [ 99.195007627999985, 12.990569195000035 ], [ 99.099526685000114, 13.072752298000069 ], [ 99.13126349200013, 13.097845875000019 ], [ 99.137290985000163, 13.150984621000077 ], [ 99.116788961000054, 13.174497448000182 ], [ 99.123220292000099, 13.194364301000064 ], [ 99.156278782000129, 13.208366386000137 ], [ 99.183225759000152, 13.192462253000031 ], [ 99.227179583000122, 13.203127620000089 ], [ 99.271919538000134, 13.148793588999979 ], [ 99.324166990000151, 13.177531556000019 ], [ 99.323312075, 13.222852641000145 ], [ 99.350693467000156, 13.243961766000098 ], [ 99.442482589, 13.183454955000116 ], [ 99.478656904000047, 13.200505411000108 ], [ 99.506662883000104, 13.180379064000078 ], [ 99.522537568000018, 13.210037913000122 ], [ 99.636891211000034, 13.201686373000143 ], [ 99.664611532000094, 13.214938559000075 ], [ 99.665498737, 13.286085230000026 ], [ 99.758687894000161, 13.342485377 ] ] ] } },
{ "type": "Feature", "properties": { "adm1_name": "Prachuap Khiri Khan", "adm1_name1": "ประจวบคีรีขันธ์", "adm1_pcode": "TH77" }, "geometry": { "type": "MultiPolygon", "coordinates": [ [ [ [ 99.624237855000047, 12.643450043000087 ], [ 99.684023268000033, 12.635463691000098 ], [ 99.718257829000095, 12.601055281000129 ], [ 99.826336497000057, 12.633360961000051 ], [ 99.883632691000173, 12.620107306000079 ], [ 99.904867161000141, 12.636026273000141 ], [ 99.921633443000076, 12.623317776000135 ], [ 99.95611290700009, 12.632498751000128 ], [ 99.957101546000047, 12.578967743000078 ], [ 99.985176694000074, 12.514187201000141 ], [ 99.97971470400006, 12.431700100000114 ], [ 99.995166998000116, 12.414306992000036 ], [ 100.002771689000099, 12.336554424000042 ], [ 99.974112041000012, 12.266379900000118 ], [ 100.019894295000142, 12.189041092000082 ], [ 99.975072803000103, 12.145917038000107 ], [ 99.962912381000081, 12.087075450000043 ], [ 99.941052349000074, 12.079940646000125 ], [ 99.84259656800009, 11.961849166000036 ], [ 99.812152895000111, 11.882151217000114 ], [ 99.835146490000056, 11.843445287000179 ], [ 99.833193974000153, 11.830605865000052 ], [ 99.817174013000113, 11.838947988000086 ], [ 99.798454028000094, 11.817743607000068 ], [ 99.81836710500005, 11.784884942000133 ], [ 99.795708493, 11.769637196000076 ], [ 99.811166725000078, 11.737955822000117 ], [ 99.789304425000012, 11.744303249000154 ], [ 99.732102269000052, 11.689915281000083 ], [ 99.639023560000169, 11.518808740000168 ], [ 99.552006102000064, 11.306082855000113 ], [ 99.553309673000172, 11.254488212000183 ], [ 99.579363207000085, 11.19535018300013 ], [ 99.566662850000057, 11.183162418000052 ], [ 99.562882455000135, 11.202097843000104 ], [ 99.533394232000035, 11.203942816999984 ], [ 99.488209197000174, 11.142674560000103 ], [ 99.502736039000069, 10.992069388000118 ], [ 99.469402931000047, 10.993533437 ], [ 99.407327059000011, 10.954706189000149 ], [ 99.344629319000092, 10.975615767000022 ], [ 99.280869130000042, 10.958445691000122 ], [ 99.169488407000188, 11.00091602700013 ], [ 99.147544448000076, 11.016019884000059 ], [ 99.151979048000157, 11.032007333000138 ], [ 99.1719661690002, 11.044453693000037 ], [ 99.179389689000175, 11.08286702800018 ], [ 99.227613094000048, 11.112075743000105 ], [ 99.224822651000181, 11.142246083000089 ], [ 99.252984702000163, 11.169280726000068 ], [ 99.263865134000184, 11.214614641000139 ], [ 99.324697819999983, 11.283639256000185 ], [ 99.31179583300019, 11.317169237000087 ], [ 99.401644181000052, 11.389145468000095 ], [ 99.392776474000016, 11.460015328000111 ], [ 99.458438689000047, 11.491270088000135 ], [ 99.44846987700015, 11.508528125000169 ], [ 99.473825140000088, 11.533123492000072 ], [ 99.457895199, 11.582751224999981 ], [ 99.467608329000086, 11.614716605000183 ], [ 99.507443395000166, 11.63640251400011 ], [ 99.531237629000032, 11.621142046999978 ], [ 99.565688270000066, 11.626721402000044 ], [ 99.587751731000083, 11.687887788000126 ], [ 99.636427421000178, 11.727414850000173 ], [ 99.641502323000168, 11.790623418000109 ], [ 99.664906151000196, 11.823019996000085 ], [ 99.621646278000128, 11.832837744000074 ], [ 99.609862896000038, 11.868463563000034 ], [ 99.587997690000122, 11.872278857000026 ], [ 99.579464517000076, 11.943774781000172 ], [ 99.593080843000166, 11.954846780000139 ], [ 99.592181446000097, 11.992535467000039 ], [ 99.535969396000098, 12.016724169000156 ], [ 99.533399917000054, 12.065538801 ], [ 99.570770652000078, 12.144624751000038 ], [ 99.516161441000122, 12.14757892700004 ], [ 99.47334833300016, 12.131510375000119 ], [ 99.496345475000112, 12.19699572899998 ], [ 99.471175060000064, 12.2346270540001 ], [ 99.484341143000051, 12.273163159000148 ], [ 99.461505072000193, 12.286306963000186 ], [ 99.433982702000094, 12.342334873000027 ], [ 99.445932545000176, 12.407066570000154 ], [ 99.425006618999987, 12.448426752000159 ], [ 99.400737705000154, 12.459750490000033 ], [ 99.425282315000061, 12.491558367000096 ], [ 99.417647076000094, 12.52493655100011 ], [ 99.43229504500016, 12.583184580000022 ], [ 99.496771679000062, 12.592951698000093 ], [ 99.51558694900001, 12.563631699000041 ], [ 99.537443106000183, 12.58184725100017 ], [ 99.598117307000109, 12.573179068000115 ], [ 99.628300085000092, 12.59981878800005 ], [ 99.613722910000035, 12.615642677000039 ], [ 99.624237855000047, 12.643450043000087 ] ] ], [ [ [ 99.563262812000062, 11.085123079000084 ], [ 99.561314121000066, 11.07092894200008 ], [ 99.544499054000084, 11.067974342000014 ], [ 99.55575758000009, 11.073813854000036 ], [ 99.563262812000062, 11.085123079000084 ] ] ], [ [ [ 99.578528034000158, 11.218329415000028 ], [ 99.581302434000179, 11.216686582000079 ], [ 99.580490673000099, 11.215544429000147 ], [ 99.578528034000158, 11.218329415000028 ] ] ], [ [ [ 99.606497995000041, 11.403424944000108 ], [ 99.604915648000144, 11.401400102000082 ], [ 99.606312878000097, 11.404265279000128 ], [ 99.606497995000041, 11.403424944000108 ] ] ], [ [ [ 99.789563960000123, 11.709471703000133 ], [ 99.787821598000164, 11.708082464000029 ], [ 99.789057913000079, 11.711630262000142 ], [ 99.789563960000123, 11.709471703000133 ] ] ], [ [ [ 99.791376867999986, 11.720706390000032 ], [ 99.792866743000104, 11.720537220999972 ], [ 99.79198270400002, 11.720097394000106 ], [ 99.791376867999986, 11.720706390000032 ] ] ], [ [ [ 99.829402504000143, 11.758879582000134 ], [ 99.833476091000136, 11.760396349000132 ], [ 99.834229224000183, 11.758138755000061 ], [ 99.829402504000143, 11.758879582000134 ] ] ], [ [ [ 99.81105494500008, 11.766888204 ], [ 99.808535659000142, 11.765310658000033 ], [ 99.809880722000173, 11.768482335000044 ], [ 99.81105494500008, 11.766888204 ] ] ], [ [ [ 99.817302810000172, 11.791334758000175 ], [ 99.815543282000078, 11.791526806999968 ], [ 99.815948720000051, 11.792427687000099 ], [ 99.817302810000172, 11.791334758000175 ] ] ], [ [ [ 99.815864254000189, 11.793471321000141 ], [ 99.814089005000085, 11.793551771000011 ], [ 99.815154915000164, 11.795791390000147 ], [ 99.815864254000189, 11.793471321000141 ] ] ], [ [ [ 99.821919978000096, 11.795096578000027 ], [ 99.825304104000168, 11.79345942000009 ], [ 99.822281989000146, 11.79290923800005 ], [ 99.821919978000096, 11.795096578000027 ] ] ], [ [ [ 99.816360093000071, 11.797588463000068 ], [ 99.814264501000025, 11.798020427000097 ], [ 99.81547079000012, 11.798974283000177 ], [ 99.816360093000071, 11.797588463000068 ] ] ], [ [ [ 100.032115708000163, 12.213234801000169 ], [ 100.02548955900005, 12.196747889000108 ], [ 100.024334518000103, 12.196395335000091 ], [ 100.032115708000163, 12.213234801000169 ] ] ], [ [ [ 100.010103179000055, 12.225331344000153 ], [ 100.009281679000139, 12.225318916 ], [ 100.009899715000131, 12.22571382000018 ], [ 100.010103179000055, 12.225331344000153 ] ] ], [ [ [ 100.010268842000187, 12.226518716000157 ], [ 100.00979292500017, 12.226354673000174 ], [ 100.010059541000032, 12.226757523000117 ], [ 100.010268842000187, 12.226518716000157 ] ] ], [ [ [ 100.003535659000079, 12.230820614000152 ], [ 100.006139855000072, 12.231786714000123 ], [ 100.004693626, 12.229328302000113 ], [ 100.003535659000079, 12.230820614000152 ] ] ], [ [ [ 100.012950487000126, 12.245108051000045 ], [ 100.005561705000162, 12.236333829000046 ], [ 100.011726815000088, 12.249361449000048 ], [ 100.012950487000126, 12.245108051000045 ] ] ] ] } },
{ "type": "Feature", "properties": { "adm1_name": "Nakhon Si Thammarat", "adm1_name1": "นครศรีธรรมราช", "adm1_pcode": "TH80" }, "geometry": { "type": "MultiPolygon", "coordinates": [ [ [ [ 99.774665243000072, 9.313729237000075 ], [ 99.801174184000104, 9.319307203999983 ], [ 99.799346188000186, 9.304919052 ], [ 99.818515209000054, 9.2966791610001 ], [ 99.835573690000047, 9.305396959000063 ], [ 99.84787745400007, 9.254388034999977 ], [ 99.881446404000201, 9.209231756000065 ], [ 99.875710709000032, 9.140196470000092 ], [ 99.909377404, 9.09860100200018 ], [ 99.91379187300015, 9.022837738000078 ], [ 99.929327061000151, 9.005506836000166 ], [ 99.916391181000108, 8.994839438000042 ], [ 99.914683384000114, 8.920886710000161 ], [ 99.961614647000033, 8.608108308000169 ], [ 99.971265256000095, 8.589129357000047 ], [ 99.989453408000088, 8.594576643000096 ], [ 100.009116938000091, 8.578736845000094 ], [ 100.087213514000155, 8.414540638000119 ], [ 100.173156974000051, 8.387740003000147 ], [ 100.147271461000116, 8.443346101000031 ], [ 100.163424411000051, 8.500411467000106 ], [ 100.113122328000145, 8.518766631 ], [ 100.147745561000079, 8.51601399499998 ], [ 100.184726750000038, 8.488605225000072 ], [ 100.256065495000087, 8.327471435000064 ], [ 100.33657390400009, 7.931797047000089 ], [ 100.31200937300008, 7.936211611000147 ], [ 100.308211278000101, 7.913809424000078 ], [ 100.265980246000197, 7.914668398000117 ], [ 100.235500527000113, 7.883047180000176 ], [ 100.140808146000097, 7.868302548000031 ], [ 100.107284469000035, 7.878921410000032 ], [ 100.055789235000077, 7.838037857000131 ], [ 99.987787518000118, 7.860118623000119 ], [ 99.965919878000136, 7.876757827000176 ], [ 99.962412420000192, 7.905740901000172 ], [ 99.923150730000089, 7.864939475000028 ], [ 99.883145254000112, 7.89348863400005 ], [ 99.808377988000188, 7.892876596000065 ], [ 99.749273883000114, 7.855334587000016 ], [ 99.734681363999982, 7.8680717740001 ], [ 99.740446210000016, 7.926631396000175 ], [ 99.726498644000117, 7.940536091000183 ], [ 99.753603611000017, 7.971399519000158 ], [ 99.753082182000128, 8.007832903000178 ], [ 99.713205900000162, 7.990142150000054 ], [ 99.657386394000184, 8.012903683000161 ], [ 99.602394450000077, 7.98547027900014 ], [ 99.596252204000109, 7.957344597000031 ], [ 99.540704534000042, 7.91172433100013 ], [ 99.533490880000045, 7.877618908000102 ], [ 99.480026121000094, 7.881716272000176 ], [ 99.471578146000184, 7.904500524000127 ], [ 99.427127660999986, 7.875419517000068 ], [ 99.414269828999977, 7.897859433000121 ], [ 99.424852157000032, 7.927973977000136 ], [ 99.397962046000089, 7.924573198000019 ], [ 99.365224602000183, 7.944966600000043 ], [ 99.398047028, 7.954550290000043 ], [ 99.395610476000058, 7.981600284000137 ], [ 99.414988043999983, 7.999845807000099 ], [ 99.382833868000034, 8.072466899000119 ], [ 99.387859980000201, 8.140849208000134 ], [ 99.302370561000146, 8.131223996000074 ], [ 99.288409471000136, 8.150800970000034 ], [ 99.319539895, 8.196679785000072 ], [ 99.311283618000175, 8.233661934000111 ], [ 99.336241611999981, 8.268353846000139 ], [ 99.327623643000038, 8.294008424000026 ], [ 99.282864731000018, 8.316060450000123 ], [ 99.275533519000078, 8.351267553000071 ], [ 99.24191360500015, 8.365232639 ], [ 99.234857874000113, 8.399239766000107 ], [ 99.286379140000122, 8.469517475000089 ], [ 99.394819181, 8.513079459000039 ], [ 99.415868896000063, 8.569092071 ], [ 99.456081629000096, 8.603772792000086 ], [ 99.448720214, 8.631779692000123 ], [ 99.461720937, 8.649838589000126 ], [ 99.480946085000141, 8.648156445000041 ], [ 99.492030352000086, 8.696907734000092 ], [ 99.521880975000158, 8.719287520000137 ], [ 99.529324025000108, 8.746102043000178 ], [ 99.517603517000111, 8.83613516000014 ], [ 99.559367932000043, 8.850658580000129 ], [ 99.553320081000152, 8.875969731000112 ], [ 99.575872341000036, 8.910746815000095 ], [ 99.604379162000157, 8.928057224000156 ], [ 99.626051024000049, 8.911846013000059 ], [ 99.647822896000093, 8.929874204000043 ], [ 99.692007623000109, 8.932445495000081 ], [ 99.694187014000022, 8.97457788700018 ], [ 99.724516231000109, 8.979762178000044 ], [ 99.74447587200001, 9.025582513000074 ], [ 99.740685583000015, 9.058222187000069 ], [ 99.763886410000055, 9.071678061 ], [ 99.771942705000072, 9.098836702000142 ], [ 99.722409828000195, 9.112768088000109 ], [ 99.733748096000056, 9.127351979000025 ], [ 99.720330272000069, 9.154832363000025 ], [ 99.753996592000135, 9.221322977000113 ], [ 99.748111055000152, 9.263029127000152 ], [ 99.771594503000188, 9.260889774000134 ], [ 99.769127578000109, 9.322795434000113 ], [ 99.774665243000072, 9.313729237000075 ] ] ], [ [ [ 99.784630869000068, 9.322299417000011 ], [ 99.783795124999983, 9.322769805000064 ], [ 99.784964965000142, 9.323520171000155 ], [ 99.784630869000068, 9.322299417000011 ] ] ], [ [ [ 99.767781045000163, 9.324925013000041 ], [ 99.778453307000177, 9.32584445100008 ], [ 99.7830995770002, 9.322461335000128 ], [ 99.767781045000163, 9.324925013000041 ] ] ] ] } },
{ "type": "Feature", "properties": { "adm1_name": "Krabi", "adm1_name1": "กระบี่", "adm1_pcode": "TH81" }, "geometry": { "type": "MultiPolygon", "coordinates": [ [ [ [ 98.888009688000068, 8.681253279000032 ], [ 98.937781301000143, 8.57803865600016 ], [ 98.947979536000105, 8.422682130000112 ], [ 98.973239320000062, 8.418013347000112 ], [ 99.036116366000101, 8.362280926000096 ], [ 99.150749196, 8.359498319000181 ], [ 99.180356844000187, 8.372108820000051 ], [ 99.205026228000122, 8.366049243000077 ], [ 99.209647225000083, 8.335985370000117 ], [ 99.257319776000031, 8.30243291000005 ], [ 99.299698995000085, 8.315115554000101 ], [ 99.336241611999981, 8.268353846000139 ], [ 99.311283618000175, 8.233661934000111 ], [ 99.319525256000134, 8.19664485300018 ], [ 99.289478517000134, 8.16444057800004 ], [ 99.29540404800008, 8.134009775999971 ], [ 99.387859980000201, 8.140849208000134 ], [ 99.382833868000034, 8.072466899000119 ], [ 99.414978160000089, 7.999789477999968 ], [ 99.395610476000058, 7.981600284000137 ], [ 99.398047028, 7.954550290000043 ], [ 99.33377463700009, 7.928792100000067 ], [ 99.331146231000048, 7.881162587000119 ], [ 99.27873975100016, 7.848593252000114 ], [ 99.294201941000154, 7.825097650000146 ], [ 99.287147294000079, 7.810054884000181 ], [ 99.303309090000084, 7.807868631000019 ], [ 99.288903956000127, 7.762583109000161 ], [ 99.305868986000121, 7.75567637000006 ], [ 99.312817046000191, 7.727588055000126 ], [ 99.300621607000039, 7.689283968000098 ], [ 99.259475167000119, 7.657362437000074 ], [ 99.236065506000045, 7.677911426000037 ], [ 99.196301171000187, 7.671190419000027 ], [ 99.206223451000142, 7.687287442000127 ], [ 99.203191385000082, 7.696623529000135 ], [ 99.17859592700006, 7.703443466000124 ], [ 99.169493073000012, 7.728642655000158 ], [ 99.130212789000154, 7.76004022300009 ], [ 99.115786700000172, 7.760163652000074 ], [ 99.100104116000068, 7.694004304000032 ], [ 99.041416014, 7.70292935000009 ], [ 99.020080542000073, 7.763954773000137 ], [ 99.03145267300016, 7.79691678000006 ], [ 99.017239919000133, 7.823226822000038 ], [ 99.043541111000081, 7.834118391000175 ], [ 99.047854812000196, 7.85282195100018 ], [ 99.060186164000186, 7.851789836000137 ], [ 99.065405993000127, 7.855335521000143 ], [ 99.063778689000173, 7.905155767000053 ], [ 99.02672014500007, 7.889706951000051 ], [ 99.012542722000035, 7.928081612000085 ], [ 98.992181539000171, 7.94120284100012 ], [ 98.97250401600013, 7.93252262600015 ], [ 98.942125370000156, 7.987680246000082 ], [ 98.957813231999978, 7.999969264000129 ], [ 98.91280544000017, 8.04521618800004 ], [ 98.880064891000075, 8.019371467000099 ], [ 98.859196915000041, 8.027680325000119 ], [ 98.843441086000155, 8.001719429000048 ], [ 98.79721503899998, 8.048508789000039 ], [ 98.772118863000117, 8.040557813000135 ], [ 98.76491644400005, 8.022907887000144 ], [ 98.739570976000095, 8.076639224000076 ], [ 98.758038484999986, 8.130030954000119 ], [ 98.735275319000039, 8.136025157000063 ], [ 98.747978023000201, 8.205470324000089 ], [ 98.72798386300019, 8.247138592000169 ], [ 98.71632813500014, 8.220509991000029 ], [ 98.707821286000183, 8.224476697000114 ], [ 98.719808519000196, 8.258732649000137 ], [ 98.710454513000172, 8.316762511000036 ], [ 98.650073568000153, 8.273024528000064 ], [ 98.627476408000064, 8.283352255000068 ], [ 98.635431505000042, 8.375372567 ], [ 98.662404746000107, 8.384786450000092 ], [ 98.644390515000055, 8.413167422000186 ], [ 98.664650619000042, 8.426874414999986 ], [ 98.671300777000113, 8.459033903000091 ], [ 98.649200609000161, 8.482800429000122 ], [ 98.707708562000107, 8.597092094000118 ], [ 98.703438107000181, 8.631978692000075 ], [ 98.722759345999975, 8.630359793000139 ], [ 98.747642972000108, 8.67510965200006 ], [ 98.797951400000102, 8.650949763000085 ], [ 98.841096843000116, 8.677960932000076 ], [ 98.888009688000068, 8.681253279000032 ] ] ], [ [ [ 99.112348629, 7.489144050000164 ], [ 99.114076971000031, 7.489013420000049 ], [ 99.112813766000045, 7.487951530000089 ], [ 99.112348629, 7.489144050000164 ] ] ], [ [ [ 99.121786679000195, 7.496016673000099 ], [ 99.116837085000157, 7.493817231000037 ], [ 99.120352590000152, 7.499202813000124 ], [ 99.121786679000195, 7.496016673000099 ] ] ], [ [ [ 99.117233618000171, 7.541475872999968 ], [ 99.137151357000164, 7.533877571000119 ], [ 99.13520749800017, 7.524144221000029 ], [ 99.117233618000171, 7.541475872999968 ] ] ], [ [ [ 99.087050450000163, 7.545196890000113 ], [ 99.086754517000145, 7.544671603000097 ], [ 99.086581208000098, 7.544936690999975 ], [ 99.087050450000163, 7.545196890000113 ] ] ], [ [ [ 99.08932240200005, 7.545742412000152 ], [ 99.088803526000106, 7.545681243000161 ], [ 99.089342287000193, 7.545905423000022 ], [ 99.08932240200005, 7.545742412000152 ] ] ], [ [ [ 99.089053279000098, 7.551740358000075 ], [ 99.090264701000137, 7.550459212000135 ], [ 99.08879756500005, 7.551363052000113 ], [ 99.089053279000098, 7.551740358000075 ] ] ], [ [ [ 99.146335643000157, 7.56056929500005 ], [ 99.141795417000196, 7.560067417000141 ], [ 99.143183725000142, 7.56331375000002 ], [ 99.146335643000157, 7.56056929500005 ] ] ], [ [ [ 99.096318640000163, 7.564726475000157 ], [ 99.095652371000199, 7.563696928000127 ], [ 99.095014458000094, 7.56434557200015 ], [ 99.096318640000163, 7.564726475000157 ] ] ], [ [ [ 99.143409297000119, 7.574692279000146 ], [ 99.140686899000116, 7.574593478000054 ], [ 99.140613673000075, 7.57983955100002 ], [ 99.143409297000119, 7.574692279000146 ] ] ], [ [ [ 99.14196392100007, 7.587680158000126 ], [ 99.149155554000117, 7.588214244000085 ], [ 99.146799401000123, 7.581994113000121 ], [ 99.14196392100007, 7.587680158000126 ] ] ], [ [ [ 98.862276078000036, 7.615789413000016 ], [ 98.865781785000081, 7.616365433999988 ], [ 98.865232467000112, 7.611543655000105 ], [ 98.862276078000036, 7.615789413000016 ] ] ], [ [ [ 99.14677280300009, 7.612492970000062 ], [ 99.151962424000033, 7.611931341000059 ], [ 99.149637066000196, 7.608205419000114 ], [ 99.14677280300009, 7.612492970000062 ] ] ], [ [ [ 99.138437089000149, 7.639913578000062 ], [ 99.149994530000072, 7.628494472000114 ], [ 99.145400418000122, 7.615119609000033 ], [ 99.138437089000149, 7.639913578000062 ] ] ], [ [ [ 99.192627447000177, 7.65075561000009 ], [ 99.190578505000076, 7.64839803100017 ], [ 99.191009488000134, 7.651139876000116 ], [ 99.192627447000177, 7.65075561000009 ] ] ], [ [ [ 98.766784950000101, 7.65511817700019 ], [ 98.765242272000194, 7.65413151100006 ], [ 98.764966695, 7.656121268000163 ], [ 98.766784950000101, 7.65511817700019 ] ] ], [ [ [ 98.766787374000103, 7.658188102000111 ], [ 98.768148390000135, 7.658225534000167 ], [ 98.767228972000055, 7.657166506000124 ], [ 98.766787374000103, 7.658188102000111 ] ] ], [ [ [ 99.136847707000072, 7.663471324000056 ], [ 99.138309747000051, 7.663114895000149 ], [ 99.137351025000157, 7.66214509800011 ], [ 99.136847707000072, 7.663471324000056 ] ] ], [ [ [ 98.766827410000076, 7.67361010500008 ], [ 98.766482284000119, 7.672754716999975 ], [ 98.766212752000172, 7.673188887000038 ], [ 98.766827410000076, 7.67361010500008 ] ] ], [ [ [ 99.127017288, 7.67286336300009 ], [ 99.127912932000015, 7.673379556999976 ], [ 99.127901937000104, 7.672147347000021 ], [ 99.127017288, 7.67286336300009 ] ] ], [ [ [ 99.185449966000022, 7.675427744000103 ], [ 99.184516917, 7.67643456400009 ], [ 99.185761094000043, 7.676973941000028 ], [ 99.185449966000022, 7.675427744000103 ] ] ], [ [ [ 99.040160757000137, 7.684788939000043 ], [ 99.110275180000144, 7.685950502000139 ], [ 99.13046639200013, 7.649141150999981 ], [ 99.120319016, 7.587714277000032 ], [ 99.091188704000103, 7.603048313000102 ], [ 99.076226057000099, 7.580189452000127 ], [ 99.080447236000055, 7.549282160000075 ], [ 99.110361252000132, 7.496582238000087 ], [ 99.098220359000038, 7.467276578000053 ], [ 99.035153699000148, 7.564073239000095 ], [ 99.032128528000044, 7.630182493000063 ], [ 99.018567271000165, 7.643812549000188 ], [ 99.038796632000185, 7.65581301200001 ], [ 99.040160757000137, 7.684788939000043 ] ] ], [ [ [ 99.20023063400015, 7.687249476000147 ], [ 99.198555911000028, 7.686847221 ], [ 99.19985387700018, 7.6889983800001 ], [ 99.20023063400015, 7.687249476000147 ] ] ], [ [ [ 99.19199069900003, 7.689949806000129 ], [ 99.190733237000131, 7.685380327000132 ], [ 99.186946457000147, 7.688743609000085 ], [ 99.19199069900003, 7.689949806000129 ] ] ], [ [ [ 99.103087315000039, 7.689596926000036 ], [ 99.101530751000041, 7.689887660000124 ], [ 99.102814148999983, 7.690725701000076 ], [ 99.103087315000039, 7.689596926000036 ] ] ], [ [ [ 99.203442871000107, 7.688274709000154 ], [ 99.201240905000191, 7.68937431300003 ], [ 99.202519067000026, 7.690889734999985 ], [ 99.203442871000107, 7.688274709000154 ] ] ], [ [ [ 99.201831328000083, 7.691288761000123 ], [ 99.200669535000145, 7.691111875999979 ], [ 99.201228093000168, 7.692345210999974 ], [ 99.201831328000083, 7.691288761000123 ] ] ], [ [ [ 99.113124444000164, 7.692484621000176 ], [ 99.111773412000105, 7.688655453000024 ], [ 99.112329431000035, 7.69285249800015 ], [ 99.113124444000164, 7.692484621000176 ] ] ], [ [ [ 99.204253902000175, 7.692446682000138 ], [ 99.203695600000117, 7.691899036000109 ], [ 99.203245179000078, 7.69306449600009 ], [ 99.204253902000175, 7.692446682000138 ] ] ], [ [ [ 99.124224530000049, 7.694639786000039 ], [ 99.123048826000115, 7.694169662000036 ], [ 99.123490144000186, 7.694971874000146 ], [ 99.124224530000049, 7.694639786000039 ] ] ], [ [ [ 98.771453154000142, 7.682564238999987 ], [ 98.76451242100012, 7.671790121000129 ], [ 98.764961641000127, 7.700208721000138 ], [ 98.771453154000142, 7.682564238999987 ] ] ], [ [ [ 99.121502219000149, 7.700705393000021 ], [ 99.113537379000149, 7.705605701000081 ], [ 99.113284690000114, 7.715162966000094 ], [ 99.121502219000149, 7.700705393000021 ] ] ], [ [ [ 99.117472465000105, 7.72035232800016 ], [ 99.115684202000068, 7.721311557000035 ], [ 99.117211756000131, 7.722676099000125 ], [ 99.117472465000105, 7.72035232800016 ] ] ], [ [ [ 99.147157949000132, 7.73869807799997 ], [ 99.146768467000072, 7.737926406000099 ], [ 99.146480737000047, 7.738895644000024 ], [ 99.147157949000132, 7.73869807799997 ] ] ], [ [ [ 99.121868438000149, 7.740203698000073 ], [ 99.121196257, 7.739124327000184 ], [ 99.121708212000044, 7.740317025000081 ], [ 99.121868438000149, 7.740203698000073 ] ] ], [ [ [ 99.141571700000043, 7.740743725000073 ], [ 99.140675849000104, 7.740165593000029 ], [ 99.140658319000067, 7.74151517700011 ], [ 99.141571700000043, 7.740743725000073 ] ] ], [ [ [ 99.153227144000027, 7.740760030000047 ], [ 99.151906138000186, 7.740054886000166 ], [ 99.152170529000102, 7.742002522 ], [ 99.153227144000027, 7.740760030000047 ] ] ], [ [ [ 99.125971444000186, 7.742009227000153 ], [ 99.12553573100007, 7.74162404100008 ], [ 99.125097560000142, 7.742344897 ], [ 99.125971444000186, 7.742009227000153 ] ] ], [ [ [ 99.129718926000066, 7.737640261000138 ], [ 99.123254089000113, 7.735030213000186 ], [ 99.124165500000117, 7.742515801000138 ], [ 99.129718926000066, 7.737640261000138 ] ] ], [ [ [ 99.134835978000183, 7.743001699 ], [ 99.135344259000192, 7.742084783000166 ], [ 99.1350378570001, 7.741978943000106 ], [ 99.134835978000183, 7.743001699 ] ] ], [ [ [ 99.123667978000185, 7.742883213000141 ], [ 99.121751375000144, 7.741407524000181 ], [ 99.123217296000178, 7.74417665600015 ], [ 99.123667978000185, 7.742883213000141 ] ] ], [ [ [ 99.134513340000126, 7.745740968000064 ], [ 99.134430302000169, 7.743010343000037 ], [ 99.13330400100017, 7.743998843000099 ], [ 99.134513340000126, 7.745740968000064 ] ] ], [ [ [ 99.129321444000027, 7.74360591400017 ], [ 99.125324532000093, 7.744675850000078 ], [ 99.125775264000083, 7.749957181000127 ], [ 99.129321444000027, 7.74360591400017 ] ] ], [ [ [ 99.138019896000174, 7.747149544000081 ], [ 99.135759261000089, 7.746821233000048 ], [ 99.136462622000124, 7.750503609000077 ], [ 99.138019896000174, 7.747149544000081 ] ] ], [ [ [ 99.129952313000103, 7.754029597000113 ], [ 99.127719290000186, 7.754445086000146 ], [ 99.128940444000136, 7.756437628000128 ], [ 99.129952313000103, 7.754029597000113 ] ] ], [ [ [ 99.132149586000082, 7.744139727 ], [ 99.128518089000124, 7.751531506000106 ], [ 99.130281455000159, 7.754184114000054 ], [ 99.129844025000011, 7.758180663000019 ], [ 99.132149586000082, 7.744139727 ] ] ], [ [ [ 98.758726936000016, 7.762271784000063 ], [ 98.758136243000081, 7.762287813000057 ], [ 98.758184984000138, 7.762997778000056 ], [ 98.758726936000016, 7.762271784000063 ] ] ], [ [ [ 98.982303450000018, 7.775418967000121 ], [ 98.984786140000097, 7.776716520999969 ], [ 98.984083325000142, 7.775541126000178 ], [ 98.982303450000018, 7.775418967000121 ] ] ], [ [ [ 98.755275831000063, 7.788051282000026 ], [ 98.791324413000041, 7.726431083000136 ], [ 98.769413925000094, 7.737982903000045 ], [ 98.771130149000157, 7.717845786000055 ], [ 98.760004861000198, 7.724601494000183 ], [ 98.756366595000031, 7.742810698000085 ], [ 98.76912019700012, 7.747900419000132 ], [ 98.755275831000063, 7.788051282000026 ] ] ], [ [ [ 98.778938682000103, 7.788979902000108 ], [ 98.779480367000076, 7.788909484000158 ], [ 98.779033508000111, 7.788648088000173 ], [ 98.778938682000103, 7.788979902000108 ] ] ], [ [ [ 98.780168804000084, 7.791097225000044 ], [ 98.779499149, 7.790923850000183 ], [ 98.779508052000153, 7.791234271 ], [ 98.780168804000084, 7.791097225000044 ] ] ], [ [ [ 98.781842508000011, 7.791600691000156 ], [ 98.781232200000147, 7.791243609000105 ], [ 98.781158480000101, 7.791760323 ], [ 98.781842508000011, 7.791600691000156 ] ] ], [ [ [ 98.77846290399998, 7.791996932000131 ], [ 98.777852242999984, 7.791686238000011 ], [ 98.777884119000134, 7.792031682000186 ], [ 98.77846290399998, 7.791996932000131 ] ] ], [ [ [ 98.781218285000136, 7.792934573000025 ], [ 98.780561426000077, 7.792635196000049 ], [ 98.780775626000036, 7.793305814000121 ], [ 98.781218285000136, 7.792934573000025 ] ] ], [ [ [ 99.026246736000076, 7.794241758999988 ], [ 99.023825004000059, 7.792316247000031 ], [ 99.024175403000186, 7.795538210000075 ], [ 99.026246736000076, 7.794241758999988 ] ] ], [ [ [ 98.998521585000162, 7.796769729000061 ], [ 98.993211320000171, 7.801395374000094 ], [ 98.99563069900006, 7.804300247000185 ], [ 98.998521585000162, 7.796769729000061 ] ] ], [ [ [ 98.992811193000193, 7.807776552000121 ], [ 98.98888276100007, 7.806057156000179 ], [ 98.98809039300005, 7.80877885700005 ], [ 98.992811193000193, 7.807776552000121 ] ] ], [ [ [ 98.7717132410001, 7.821020523000016 ], [ 98.774377083000047, 7.815194075000079 ], [ 98.770102664000149, 7.811695042000167 ], [ 98.7717132410001, 7.821020523000016 ] ] ], [ [ [ 98.788812549000056, 7.816504647000158 ], [ 98.79881159200005, 7.817915205000133 ], [ 98.795412020000128, 7.808471671 ], [ 98.788812549000056, 7.816504647000158 ] ] ], [ [ [ 99.017362702000071, 7.828336438000065 ], [ 99.016273749000106, 7.828292456000156 ], [ 99.017359458000158, 7.82895730000007 ], [ 99.017362702000071, 7.828336438000065 ] ] ], [ [ [ 99.021627758000193, 7.826976101000014 ], [ 99.017784112000129, 7.825986280000109 ], [ 99.018811111000105, 7.829477347000022 ], [ 99.021627758000193, 7.826976101000014 ] ] ], [ [ [ 99.01584123300006, 7.834480309000128 ], [ 99.021839248000106, 7.830882606000046 ], [ 99.015144676000034, 7.829553163000128 ], [ 99.01584123300006, 7.834480309000128 ] ] ], [ [ [ 99.030226943000173, 7.835942081999974 ], [ 99.029783666000185, 7.835730615000159 ], [ 99.029841654000165, 7.836129245000109 ], [ 99.030226943000173, 7.835942081999974 ] ] ], [ [ [ 98.994103942000152, 7.820463079000092 ], [ 98.982152168000141, 7.829813118 ], [ 98.991263716000162, 7.843198248000135 ], [ 98.995093811000061, 7.833123737000108 ], [ 98.994103942000152, 7.820463079000092 ] ] ], [ [ [ 98.986336589000075, 7.846636064 ], [ 98.982249953000121, 7.843973583999968 ], [ 98.980473453000059, 7.847363447000077 ], [ 98.986336589000075, 7.846636064 ] ] ], [ [ [ 99.05377525200015, 7.857061931000146 ], [ 99.060055886000043, 7.853240917 ], [ 99.049408542000151, 7.854270682000049 ], [ 99.05377525200015, 7.857061931000146 ] ] ], [ [ [ 98.956555320000177, 7.857743226000139 ], [ 98.974504917000047, 7.851203006000048 ], [ 98.987318610000045, 7.782296442000074 ], [ 98.935413044000029, 7.837351062000039 ], [ 98.956555320000177, 7.857743226000139 ] ] ], [ [ [ 99.042384887000139, 7.857930444000147 ], [ 99.040914650000104, 7.858128505000082 ], [ 99.041937248000181, 7.859006405000116 ], [ 99.042384887000139, 7.857930444000147 ] ] ], [ [ [ 99.049301389000107, 7.868489351999983 ], [ 99.042721312000197, 7.869766695000067 ], [ 99.049358613000038, 7.86885066300016 ], [ 99.049301389000107, 7.868489351999983 ] ] ], [ [ [ 99.051330034000159, 7.875186981000013 ], [ 99.05099812300017, 7.875312462000011 ], [ 99.051228477, 7.875610595000069 ], [ 99.051330034000159, 7.875186981000013 ] ] ], [ [ [ 99.046577009000089, 7.879670750000059 ], [ 99.047091885000043, 7.876541918000157 ], [ 99.039475433000121, 7.878399886000068 ], [ 99.046577009000089, 7.879670750000059 ] ] ], [ [ [ 99.049524057000042, 7.881381182000155 ], [ 99.05141377700005, 7.880818541000053 ], [ 99.050327668000193, 7.880715549000058 ], [ 99.049524057000042, 7.881381182000155 ] ] ], [ [ [ 99.022415605000106, 7.88409204300018 ], [ 99.039855900000077, 7.860550519000128 ], [ 99.01547882300008, 7.836274656000171 ], [ 99.00258629700005, 7.873905095 ], [ 99.022415605000106, 7.88409204300018 ] ] ], [ [ [ 98.94929233300013, 7.882758746000093 ], [ 98.946337174000121, 7.882758378000062 ], [ 98.947386444000074, 7.886589853000089 ], [ 98.94929233300013, 7.882758746000093 ] ] ], [ [ [ 99.014717368000049, 7.886619549000045 ], [ 99.016845151000155, 7.885490341999969 ], [ 99.014211165000177, 7.885881099000073 ], [ 99.014717368000049, 7.886619549000045 ] ] ], [ [ [ 99.05731221800005, 7.893231589000038 ], [ 99.044251425000027, 7.882895674000054 ], [ 99.056485877000171, 7.894658154000012 ], [ 99.05731221800005, 7.893231589000038 ] ] ], [ [ [ 99.008090045000131, 7.918636773000117 ], [ 99.00318369900009, 7.90552735700004 ], [ 98.996309910000036, 7.924861354000086 ], [ 99.008090045000131, 7.918636773000117 ] ] ], [ [ [ 98.802793504000135, 7.926538469000036 ], [ 98.803716659000088, 7.925886155000057 ], [ 98.802572250000139, 7.925996779000116 ], [ 98.802793504000135, 7.926538469000036 ] ] ], [ [ [ 98.987828542000159, 7.926698017999968 ], [ 99.001133457000094, 7.898130372000082 ], [ 98.990728169000135, 7.849985815000139 ], [ 98.967380389000141, 7.923105975000055 ], [ 98.987828542000159, 7.926698017999968 ] ] ], [ [ [ 98.804201126000066, 7.929880144000037 ], [ 98.80577659800008, 7.929216383999972 ], [ 98.804773328000181, 7.928709029 ], [ 98.804201126000066, 7.929880144000037 ] ] ], [ [ [ 98.777374922000035, 7.947384578000083 ], [ 98.778175730000044, 7.946456642000044 ], [ 98.776848859000097, 7.946402546000172 ], [ 98.777374922000035, 7.947384578000083 ] ] ], [ [ [ 98.796673262000184, 7.948685866000119 ], [ 98.79850027700013, 7.94805752200017 ], [ 98.797732931000041, 7.946545657 ], [ 98.796673262000184, 7.948685866000119 ] ] ], [ [ [ 98.810408353000071, 7.949440502000186 ], [ 98.811245223000185, 7.948267123000164 ], [ 98.810177550000049, 7.948112834000085 ], [ 98.810408353000071, 7.949440502000186 ] ] ], [ [ [ 98.779852549000111, 7.948593066000058 ], [ 98.778980336000188, 7.949532829000077 ], [ 98.779667437000114, 7.949817933000077 ], [ 98.779852549000111, 7.948593066000058 ] ] ], [ [ [ 98.793317019000085, 7.950546584000051 ], [ 98.792314213000054, 7.950950339000144 ], [ 98.793646402000036, 7.951275292000105 ], [ 98.793317019000085, 7.950546584000051 ] ] ], [ [ [ 98.790338988000144, 7.955177668000033 ], [ 98.789466313000105, 7.955577884000149 ], [ 98.790198959000179, 7.955770092000023 ], [ 98.790338988000144, 7.955177668000033 ] ] ], [ [ [ 98.788626702000045, 7.955863959999988 ], [ 98.787597296000115, 7.955574720000072 ], [ 98.787777841000036, 7.956521588000044 ], [ 98.788626702000045, 7.955863959999988 ] ] ], [ [ [ 98.802967146000128, 7.953648569000109 ], [ 98.810120313000198, 7.951943857000117 ], [ 98.807674618000078, 7.94858546100005 ], [ 98.802967146000128, 7.953648569000109 ] ] ], [ [ [ 98.812399097000082, 7.961219106000044 ], [ 98.811160433999987, 7.95997659000011 ], [ 98.810445803000107, 7.959304494000094 ], [ 98.812399097000082, 7.961219106000044 ] ] ], [ [ [ 98.81066837200018, 7.961192371999971 ], [ 98.809290941000143, 7.960836167000082 ], [ 98.80915898000012, 7.961150456000041 ], [ 98.81066837200018, 7.961192371999971 ] ] ], [ [ [ 98.804663581000057, 7.971665467000093 ], [ 98.812525715000106, 7.970407040000168 ], [ 98.805937436000022, 7.968107684000188 ], [ 98.804663581000057, 7.971665467000093 ] ] ], [ [ [ 98.809307545000081, 7.977754362000042 ], [ 98.807832408000138, 7.977444629999979 ], [ 98.807823907000056, 7.978375600000106 ], [ 98.809307545000081, 7.977754362000042 ] ] ], [ [ [ 98.821538788000055, 7.994285019000074 ], [ 98.822010551000062, 7.99298747600011 ], [ 98.821458362000101, 7.993092914000158 ], [ 98.821538788000055, 7.994285019000074 ] ] ], [ [ [ 98.835394101000077, 8.004540139000028 ], [ 98.834110600000145, 8.004055864 ], [ 98.835250558000155, 8.004828710000027 ], [ 98.835394101000077, 8.004540139000028 ] ] ], [ [ [ 98.836599965000175, 8.00462820100006 ], [ 98.835472727000138, 8.004914677000102 ], [ 98.836372516000097, 8.00525933900002 ], [ 98.836599965000175, 8.00462820100006 ] ] ], [ [ [ 98.907632036000052, 8.030160049000131 ], [ 98.905515600000058, 8.029946973000051 ], [ 98.906974625000089, 8.03144884500017 ], [ 98.907632036000052, 8.030160049000131 ] ] ], [ [ [ 98.782425721000038, 8.033633557000087 ], [ 98.78064927700018, 8.031337644000132 ], [ 98.782026689000077, 8.033887994000111 ], [ 98.782425721000038, 8.033633557000087 ] ] ], [ [ [ 98.782934797000053, 8.037598795000065 ], [ 98.782397774000117, 8.036258675000056 ], [ 98.781962193000084, 8.038360924000187 ], [ 98.782934797000053, 8.037598795000065 ] ] ], [ [ [ 98.798569908000104, 8.040340207999975 ], [ 98.797375221000095, 8.040125963000094 ], [ 98.79816684400015, 8.041089651000107 ], [ 98.798569908000104, 8.040340207999975 ] ] ], [ [ [ 98.796126161000132, 8.041275789000053 ], [ 98.7954957500001, 8.040097864000188 ], [ 98.795709630000033, 8.041690547000087 ], [ 98.796126161000132, 8.041275789000053 ] ] ], [ [ [ 98.797427643000162, 8.042427480000015 ], [ 98.79690401400012, 8.042600757000059 ], [ 98.797507703000065, 8.043403857999976 ], [ 98.797427643000162, 8.042427480000015 ] ] ], [ [ [ 98.793976934000057, 8.043683097000098 ], [ 98.793238574000043, 8.043401731000074 ], [ 98.7932919120002, 8.04389701600013 ], [ 98.793976934000057, 8.043683097000098 ] ] ], [ [ [ 98.676641372000176, 8.04922381200015 ], [ 98.675693243000126, 8.049596277000148 ], [ 98.675891972000159, 8.04984718500009 ], [ 98.676641372000176, 8.04922381200015 ] ] ], [ [ [ 98.748492171000066, 8.053180987000076 ], [ 98.746802277000086, 8.052976402000127 ], [ 98.748306429000195, 8.054112020000105 ], [ 98.748492171000066, 8.053180987000076 ] ] ], [ [ [ 98.674619683000117, 8.079942412000037 ], [ 98.683213425000076, 8.079925893000166 ], [ 98.677652259000013, 8.073110186000122 ], [ 98.674619683000117, 8.079942412000037 ] ] ], [ [ [ 98.686774739000043, 8.09023930900014 ], [ 98.686074921000056, 8.088790226000071 ], [ 98.686059376000117, 8.090153281000141 ], [ 98.686774739000043, 8.09023930900014 ] ] ], [ [ [ 98.680824169000118, 8.098210198000174 ], [ 98.67968363500006, 8.097883648000163 ], [ 98.680782030000103, 8.09892460400016 ], [ 98.680824169000118, 8.098210198000174 ] ] ], [ [ [ 98.69004214600011, 8.102988922000179 ], [ 98.695605878000038, 8.101938700000119 ], [ 98.688689110000098, 8.0986989700001 ], [ 98.69004214600011, 8.102988922000179 ] ] ], [ [ [ 98.68156847400013, 8.102785753000148 ], [ 98.683817431000136, 8.104746386999977 ], [ 98.682030759000099, 8.100977559000114 ], [ 98.68156847400013, 8.102785753000148 ] ] ], [ [ [ 98.690239858000155, 8.107270671000151 ], [ 98.686785950000171, 8.105407530000093 ], [ 98.687577977999979, 8.108219567000106 ], [ 98.690239858000155, 8.107270671000151 ] ] ], [ [ [ 98.704497697000079, 8.107265873000074 ], [ 98.709996276000197, 8.105096788000139 ], [ 98.705381236999983, 8.104633530000172 ], [ 98.704497697000079, 8.107265873000074 ] ] ], [ [ [ 98.709413793000067, 8.113952709000046 ], [ 98.706162094000035, 8.111907412000164 ], [ 98.70641415900019, 8.113819476000117 ], [ 98.709413793000067, 8.113952709000046 ] ] ], [ [ [ 98.660185599000101, 8.116225515000167 ], [ 98.662601799000186, 8.115107143000159 ], [ 98.662345072000164, 8.114438727999982 ], [ 98.660185599000101, 8.116225515000167 ] ] ], [ [ [ 98.660510988999988, 8.119262205000041 ], [ 98.661689814000113, 8.118402924000065 ], [ 98.66016265900015, 8.118826720000186 ], [ 98.660510988999988, 8.119262205000041 ] ] ], [ [ [ 98.680128909000132, 8.119296915000064 ], [ 98.674421414000165, 8.118990049999979 ], [ 98.680350256000054, 8.121144226000069 ], [ 98.680128909000132, 8.119296915000064 ] ] ], [ [ [ 98.67288656400018, 8.122719149000091 ], [ 98.667968006000137, 8.122932854000112 ], [ 98.67194177500005, 8.125560833000179 ], [ 98.67288656400018, 8.122719149000091 ] ] ], [ [ [ 98.669712923000191, 8.126902151000138 ], [ 98.668623554000021, 8.127057042000104 ], [ 98.669566168000074, 8.127535196000053 ], [ 98.669712923000191, 8.126902151000138 ] ] ], [ [ [ 98.686747977000152, 8.130727576000027 ], [ 98.685938382000074, 8.127686739000069 ], [ 98.683720385000129, 8.128859924000039 ], [ 98.686747977000152, 8.130727576000027 ] ] ], [ [ [ 98.715602625000201, 8.144625402000088 ], [ 98.718327769000041, 8.143995820000043 ], [ 98.715934901000139, 8.142493176000073 ], [ 98.715602625000201, 8.144625402000088 ] ] ], [ [ [ 98.736555211000052, 8.177189464000094 ], [ 98.733749593000084, 8.175355016000026 ], [ 98.735607099000163, 8.177414137000142 ], [ 98.736555211000052, 8.177189464000094 ] ] ], [ [ [ 98.729377322000119, 8.179772379000042 ], [ 98.729187637000109, 8.179362676000153 ], [ 98.729019308000147, 8.179607690000182 ], [ 98.729377322000119, 8.179772379000042 ] ] ], [ [ [ 98.723448527000073, 8.183028199000091 ], [ 98.723063688000138, 8.181583498 ], [ 98.722419751000075, 8.183132090000072 ], [ 98.723448527000073, 8.183028199000091 ] ] ], [ [ [ 98.730872252000154, 8.184623585000111 ], [ 98.729682872000183, 8.183490888000108 ], [ 98.729727637000053, 8.184801361000098 ], [ 98.730872252000154, 8.184623585000111 ] ] ], [ [ [ 98.727218969000148, 8.191340561000061 ], [ 98.726278081000089, 8.190203196000027 ], [ 98.72664002900018, 8.191604855000094 ], [ 98.727218969000148, 8.191340561000061 ] ] ], [ [ [ 98.726105186000098, 8.195442673 ], [ 98.725761812000087, 8.194888089000131 ], [ 98.725505214000179, 8.195895854000128 ], [ 98.726105186000098, 8.195442673 ] ] ], [ [ [ 98.727624303000084, 8.19657057400002 ], [ 98.727289526, 8.196150312000043 ], [ 98.72742785700018, 8.196714641000085 ], [ 98.727624303000084, 8.19657057400002 ] ] ], [ [ [ 98.692103013, 8.204681160000121 ], [ 98.68812114200017, 8.203458118000185 ], [ 98.691672381000103, 8.205746493999982 ], [ 98.692103013, 8.204681160000121 ] ] ], [ [ [ 98.692556954, 8.208034522000105 ], [ 98.689943494000147, 8.208907091000128 ], [ 98.691431899000122, 8.210015735000184 ], [ 98.692556954, 8.208034522000105 ] ] ], [ [ [ 98.731052558000158, 8.210741841000072 ], [ 98.729214103000174, 8.208533995000153 ], [ 98.728995453000039, 8.212783689000048 ], [ 98.731052558000158, 8.210741841000072 ] ] ], [ [ [ 98.688971654, 8.212311936 ], [ 98.687116546000198, 8.210983662000046 ], [ 98.688274890000116, 8.213697621 ], [ 98.688971654, 8.212311936 ] ] ], [ [ [ 98.695374304000097, 8.215826083000081 ], [ 98.695058804000098, 8.21593625100013 ], [ 98.695328300000199, 8.216061724000099 ], [ 98.695374304000097, 8.215826083000081 ] ] ], [ [ [ 98.727198340000086, 8.218484697000122 ], [ 98.726720056000147, 8.218648896000161 ], [ 98.72727155400014, 8.218719944000156 ], [ 98.727198340000086, 8.218484697000122 ] ] ], [ [ [ 98.723516750000158, 8.218370770000035 ], [ 98.727919369000176, 8.216586530000029 ], [ 98.726521833000163, 8.214423984000177 ], [ 98.723516750000158, 8.218370770000035 ] ] ], [ [ [ 98.728955168000141, 8.221179888000108 ], [ 98.731947639000055, 8.215821747000064 ], [ 98.728228176000073, 8.216671476000101 ], [ 98.728955168000141, 8.221179888000108 ] ] ], [ [ [ 98.73003141300012, 8.226679503000128 ], [ 98.729923433000067, 8.225671414000146 ], [ 98.729061167000168, 8.226912304000109 ], [ 98.73003141300012, 8.226679503000128 ] ] ], [ [ [ 98.729411433000166, 8.228370558000165 ], [ 98.729529087000117, 8.227662276 ], [ 98.72889302599998, 8.228411477000122 ], [ 98.729411433000166, 8.228370558000165 ] ] ], [ [ [ 98.733403046000149, 8.230085029000179 ], [ 98.733003379000195, 8.229849060000106 ], [ 98.733129123000083, 8.230217718000063 ], [ 98.733403046000149, 8.230085029000179 ] ] ], [ [ [ 98.731506251000098, 8.231301530000053 ], [ 98.730884622000133, 8.230865809000136 ], [ 98.73073607200007, 8.231477960000063 ], [ 98.731506251000098, 8.231301530000053 ] ] ], [ [ [ 98.635709359000145, 8.231942419000063 ], [ 98.635283873000105, 8.231862338000099 ], [ 98.635483630000181, 8.232170511000106 ], [ 98.635709359000145, 8.231942419000063 ] ] ], [ [ [ 98.635254746999976, 8.231422688000123 ], [ 98.634659186000192, 8.230690124999967 ], [ 98.634531928000172, 8.232158236000032 ], [ 98.635254746999976, 8.231422688000123 ] ] ], [ [ [ 98.704201230000137, 8.232881968000072 ], [ 98.70384802600006, 8.232854210000085 ], [ 98.704054857000017, 8.233071553 ], [ 98.704201230000137, 8.232881968000072 ] ] ], [ [ [ 98.612680178000119, 8.235163073000081 ], [ 98.613130941000179, 8.234260734000088 ], [ 98.61263840800018, 8.23405537400015 ], [ 98.612680178000119, 8.235163073000081 ] ] ], [ [ [ 98.709501825000075, 8.238722590000123 ], [ 98.709072020000121, 8.236385762000054 ], [ 98.707024929000113, 8.236913856000058 ], [ 98.709501825000075, 8.238722590000123 ] ] ], [ [ [ 98.638513566000086, 8.242486954000015 ], [ 98.638830185000074, 8.242177964000064 ], [ 98.638479233000169, 8.242349625000145 ], [ 98.638513566000086, 8.242486954000015 ] ] ], [ [ [ 98.61411267800014, 8.24351810700017 ], [ 98.611658847000058, 8.244585516000143 ], [ 98.612258852000082, 8.245601172000136 ], [ 98.61411267800014, 8.24351810700017 ] ] ], [ [ [ 98.641734443000189, 8.246757987000024 ], [ 98.642636152000136, 8.246249139000042 ], [ 98.642116208000061, 8.245853948999979 ], [ 98.641734443000189, 8.246757987000024 ] ] ], [ [ [ 98.706319649000193, 8.244436381000128 ], [ 98.703649468000151, 8.245624723000049 ], [ 98.704126325000061, 8.247086773000035 ], [ 98.706319649000193, 8.244436381000128 ] ] ], [ [ [ 98.636597138000127, 8.248058448000052 ], [ 98.643863332000024, 8.243823127000041 ], [ 98.643672864000109, 8.23078083300004 ], [ 98.641880436000122, 8.231453265000084 ], [ 98.640658333000147, 8.238832418000186 ], [ 98.639019781000115, 8.242960009 ], [ 98.636154316999978, 8.24623887100006 ], [ 98.636597138000127, 8.248058448000052 ] ] ], [ [ [ 98.636627693000094, 8.248644914000067 ], [ 98.637711205000016, 8.24805522000014 ], [ 98.63711240300006, 8.247867842000119 ], [ 98.636627693000094, 8.248644914000067 ] ] ], [ [ [ 98.641448763000199, 8.249814683000182 ], [ 98.640682052999978, 8.249474148000161 ], [ 98.640940064000119, 8.249983096000165 ], [ 98.641448763000199, 8.249814683000182 ] ] ], [ [ [ 98.638508024000146, 8.252795195000033 ], [ 98.638339603000134, 8.251823477000073 ], [ 98.638131201000135, 8.251822519000029 ], [ 98.638508024000146, 8.252795195000033 ] ] ], [ [ [ 98.634494678000067, 8.275094351000121 ], [ 98.633330404000048, 8.274413616000061 ], [ 98.633513466000068, 8.275139499000147 ], [ 98.634494678000067, 8.275094351000121 ] ] ], [ [ [ 98.629874482000105, 8.278487306000102 ], [ 98.629124944000068, 8.278767321000089 ], [ 98.629753759000153, 8.278917326000169 ], [ 98.629874482000105, 8.278487306000102 ] ] ], [ [ [ 98.620612461000121, 8.289185369000052 ], [ 98.628357655000059, 8.265837282000064 ], [ 98.634549459000084, 8.269649035999976 ], [ 98.640731918000142, 8.250466631000108 ], [ 98.638029559000074, 8.256005661000074 ], [ 98.623657495000032, 8.261636943000099 ], [ 98.620612461000121, 8.289185369000052 ] ] ], [ [ [ 98.616678053000044, 8.292557503000182 ], [ 98.618915303000051, 8.29252893 ], [ 98.618867426000065, 8.291067740000074 ], [ 98.616678053000044, 8.292557503000182 ] ] ] ] } },
{ "type": "Feature", "properties": { "adm1_name": "Phangnga", "adm1_name1": "พังงา", "adm1_pcode": "TH82" }, "geometry": { "type": "MultiPolygon", "coordinates": [ [ [ [ 98.407742493000114, 9.347689069000069 ], [ 98.456154512000182, 9.315963703000023 ], [ 98.471320195000089, 9.321685582000157 ], [ 98.480194287000131, 9.303841070000033 ], [ 98.527726794000046, 9.29626724600007 ], [ 98.531144920000088, 9.254226126 ], [ 98.500282173000073, 9.213188626000033 ], [ 98.503263477000019, 9.154112262000069 ], [ 98.480615617000183, 9.124131766000119 ], [ 98.494569372, 9.080976376000081 ], [ 98.472980866000057, 9.063896176000128 ], [ 98.510937814000044, 8.995050251000123 ], [ 98.451393874000075, 8.965693863000183 ], [ 98.443098889000055, 8.945222037000065 ], [ 98.457116689000088, 8.933579924000071 ], [ 98.445995979000145, 8.895255178000184 ], [ 98.505448584000078, 8.880965103000108 ], [ 98.514367025000183, 8.860523558000125 ], [ 98.535651393000194, 8.858371323000085 ], [ 98.554834706000179, 8.814054596000176 ], [ 98.598768548000123, 8.796659059000149 ], [ 98.594651966000072, 8.712181609000083 ], [ 98.536945754000101, 8.660817648000034 ], [ 98.604317861000197, 8.625686161000147 ], [ 98.674891062000086, 8.661650566000048 ], [ 98.698473572000182, 8.64215556400012 ], [ 98.707753782000111, 8.597982989 ], [ 98.649200609000161, 8.482800429000122 ], [ 98.671287169000095, 8.459194865000086 ], [ 98.664650619000042, 8.426874414999986 ], [ 98.644095613000161, 8.411296586999981 ], [ 98.662404746000107, 8.384786450000092 ], [ 98.609224019000067, 8.381996539000056 ], [ 98.60706777200005, 8.365412524000078 ], [ 98.575362650000102, 8.362611971000092 ], [ 98.516535806000149, 8.32559120500008 ], [ 98.507161753000162, 8.34290449000008 ], [ 98.492146978000164, 8.338826086000154 ], [ 98.498142555000186, 8.321086290000153 ], [ 98.473540402000197, 8.316669500000103 ], [ 98.453713303000086, 8.278264116000116 ], [ 98.468343613000172, 8.200422537000122 ], [ 98.4455832820002, 8.194278978999989 ], [ 98.433387164000067, 8.137633233000031 ], [ 98.420825043000093, 8.158231931000159 ], [ 98.412404010000103, 8.162524818000179 ], [ 98.406518209000069, 8.162490517000094 ], [ 98.404063691000033, 8.136682140000119 ], [ 98.387046180000198, 8.126580388999969 ], [ 98.360097113000052, 8.188223331000074 ], [ 98.335185520000039, 8.18016907000009 ], [ 98.31771599800004, 8.199690622000048 ], [ 98.282132509000064, 8.204936172000089 ], [ 98.205043089000185, 8.553430557000013 ], [ 98.21618604300005, 8.586857178000059 ], [ 98.233279935000098, 8.582311600000025 ], [ 98.241737283000134, 8.597273923000159 ], [ 98.229801917000088, 8.621005704000027 ], [ 98.246936627000082, 8.65376344200007 ], [ 98.220653256000105, 8.738752639000154 ], [ 98.23853166900011, 8.735736582000072 ], [ 98.261488336000184, 8.762429454000085 ], [ 98.263826028000153, 8.85928727400011 ], [ 98.279575331000046, 8.873164514000109 ], [ 98.322101059000033, 8.970836541999972 ], [ 98.358774926000137, 8.983415343000104 ], [ 98.399132755000096, 9.032955092000179 ], [ 98.387361762000012, 9.033434904000046 ], [ 98.347956196000098, 9.00244196400007 ], [ 98.319152877000136, 9.03102961500008 ], [ 98.345459037000182, 9.068062416000089 ], [ 98.386439267000185, 9.06252814100003 ], [ 98.364166383000111, 9.093427817000133 ], [ 98.373936180000157, 9.100091722000059 ], [ 98.351999749000072, 9.095008408000069 ], [ 98.340499888000124, 9.153154896000046 ], [ 98.316172874000074, 9.194340406000038 ], [ 98.328869114000042, 9.223017674000118 ], [ 98.369020802000023, 9.207097639000153 ], [ 98.366850715000169, 9.22751918300014 ], [ 98.34607347900004, 9.243064589000141 ], [ 98.384910180000077, 9.328791935000083 ], [ 98.407742493000114, 9.347689069000069 ] ] ], [ [ [ 98.615621568000108, 7.745412827 ], [ 98.61298179500011, 7.746240618000058 ], [ 98.613386153000135, 7.747896196000056 ], [ 98.615621568000108, 7.745412827 ] ] ], [ [ [ 98.531381607000071, 7.797361373 ], [ 98.529920578000201, 7.797197341000128 ], [ 98.530729295000071, 7.799127578000025 ], [ 98.531381607000071, 7.797361373 ] ] ], [ [ [ 98.515221135000161, 7.892887409000139 ], [ 98.512541437000152, 7.892491387000064 ], [ 98.512481724000054, 7.892904013000077 ], [ 98.515221135000161, 7.892887409000139 ] ] ], [ [ [ 98.579921020000143, 7.892784261000145 ], [ 98.583752506000053, 7.889646431000017 ], [ 98.582350789000031, 7.887862164000126 ], [ 98.579921020000143, 7.892784261000145 ] ] ], [ [ [ 98.51104927300014, 7.89805412200019 ], [ 98.511960985000087, 7.896211622000123 ], [ 98.510610579000058, 7.898118975000102 ], [ 98.51104927300014, 7.89805412200019 ] ] ], [ [ [ 98.5499496770002, 7.908189733000086 ], [ 98.547913344000165, 7.908090877000063 ], [ 98.549997796000184, 7.908528420000152 ], [ 98.5499496770002, 7.908189733000086 ] ] ], [ [ [ 98.516248703000088, 7.954149248000078 ], [ 98.513315199000033, 7.954160690000094 ], [ 98.517034531000093, 7.960020066000141 ], [ 98.516248703000088, 7.954149248000078 ] ] ], [ [ [ 98.564580428000056, 7.996410433999984 ], [ 98.567719776000104, 7.994993500000021 ], [ 98.565108307000116, 7.994449727000017 ], [ 98.564580428000056, 7.996410433999984 ] ] ], [ [ [ 98.623636965000117, 8.04130901000002 ], [ 98.622318301000064, 8.036852688000067 ], [ 98.622433685000033, 8.041407644 ], [ 98.623636965000117, 8.04130901000002 ] ] ], [ [ [ 98.623026413000048, 8.043433549000042 ], [ 98.622685512000146, 8.043291716000113 ], [ 98.622785442000065, 8.043721893999987 ], [ 98.623026413000048, 8.043433549000042 ] ] ], [ [ [ 98.625968318000162, 8.080662309000161 ], [ 98.627096306000055, 8.078969848000042 ], [ 98.627481451000051, 8.07762451300016 ], [ 98.625968318000162, 8.080662309000161 ] ] ], [ [ [ 98.530033877000108, 8.114679035000108 ], [ 98.571569741000076, 8.077860914000098 ], [ 98.599652709000168, 8.082859259000031 ], [ 98.614248895000117, 7.965026278000096 ], [ 98.596512304000157, 7.88805679900014 ], [ 98.589123534, 7.915419781000026 ], [ 98.576787407000097, 7.901439581000034 ], [ 98.564644624000039, 7.959446397000022 ], [ 98.565521927000077, 7.990214006000144 ], [ 98.58034735800004, 7.990888166000161 ], [ 98.583940922000011, 8.00889373900003 ], [ 98.564983263999977, 8.032552708000082 ], [ 98.554247706000069, 8.02693387000005 ], [ 98.530797175000032, 8.070996701000126 ], [ 98.530033877000108, 8.114679035000108 ] ] ], [ [ [ 98.454397376000088, 8.118340236000051 ], [ 98.451367234000031, 8.116145985000117 ], [ 98.4512588340001, 8.11772649500017 ], [ 98.454397376000088, 8.118340236000051 ] ] ], [ [ [ 98.561998188000075, 8.122107860000028 ], [ 98.5592767710001, 8.121395988000131 ], [ 98.561318122000159, 8.12279978700019 ], [ 98.561998188000075, 8.122107860000028 ] ] ], [ [ [ 98.56267897500004, 8.124618893000047 ], [ 98.562013128000103, 8.124124225000173 ], [ 98.562026441000057, 8.124914835000027 ], [ 98.56267897500004, 8.124618893000047 ] ] ], [ [ [ 98.429403062000063, 8.128308814000093 ], [ 98.42897636500004, 8.128497075000155 ], [ 98.429561305000107, 8.129489408999973 ], [ 98.429403062000063, 8.128308814000093 ] ] ], [ [ [ 98.441503883000053, 8.131076874000144 ], [ 98.448218135000161, 8.127465182000094 ], [ 98.446526838000068, 8.12089659999998 ], [ 98.441503883000053, 8.131076874000144 ] ] ], [ [ [ 98.626668002000144, 8.131819967000069 ], [ 98.626220224000065, 8.131339642000057 ], [ 98.626236893000112, 8.132174011000075 ], [ 98.626668002000144, 8.131819967000069 ] ] ], [ [ [ 98.410930631000156, 8.144581185000106 ], [ 98.409379222000098, 8.144729269000095 ], [ 98.410648379000065, 8.14514870000005 ], [ 98.410930631000156, 8.144581185000106 ] ] ], [ [ [ 98.578236512000046, 8.1491359420001 ], [ 98.576871984000093, 8.148159146000125 ], [ 98.577047731000164, 8.151037146000021 ], [ 98.578236512000046, 8.1491359420001 ] ] ], [ [ [ 98.535352586000045, 8.156146387000092 ], [ 98.55378213400013, 8.140605631000142 ], [ 98.55753899299998, 8.126089856000021 ], [ 98.53874450700016, 8.138497504000043 ], [ 98.535352586000045, 8.156146387000092 ] ] ], [ [ [ 98.409756246000029, 8.150549605000094 ], [ 98.41327479500012, 8.154326868000055 ], [ 98.412128203000123, 8.14925095000001 ], [ 98.409756246000029, 8.150549605000094 ] ] ], [ [ [ 98.541453760000024, 8.159068462000164 ], [ 98.539762347000135, 8.157996676000153 ], [ 98.54010515900012, 8.159431371000096 ], [ 98.541453760000024, 8.159068462000164 ] ] ], [ [ [ 98.411131424000132, 8.160278403000177 ], [ 98.407922567000128, 8.160329742999977 ], [ 98.41013682900018, 8.162368643000093 ], [ 98.411131424000132, 8.160278403000177 ] ] ], [ [ [ 98.543080794, 8.165142810000077 ], [ 98.542329942000038, 8.163396228000124 ], [ 98.541152819000104, 8.165099366 ], [ 98.543080794, 8.165142810000077 ] ] ], [ [ [ 98.495614289000059, 8.180636974000038 ], [ 98.494965056000069, 8.180579932000114 ], [ 98.49525725400008, 8.180981394000128 ], [ 98.495614289000059, 8.180636974000038 ] ] ], [ [ [ 98.54099552100007, 8.174825604999967 ], [ 98.534493423000129, 8.173305855000024 ], [ 98.537514686000065, 8.185686647000182 ], [ 98.54099552100007, 8.174825604999967 ] ] ], [ [ [ 98.635669380000138, 8.186325194000119 ], [ 98.634377872000186, 8.141420468000149 ], [ 98.622282784000049, 8.130024791000039 ], [ 98.611562742, 8.080651109000144 ], [ 98.604888540000047, 8.100020901000164 ], [ 98.586362214000189, 8.097274311000092 ], [ 98.562362278000194, 8.119515480000132 ], [ 98.58792459700004, 8.118999471000166 ], [ 98.600952641000106, 8.154709194000077 ], [ 98.635669380000138, 8.186325194000119 ] ] ], [ [ [ 98.663599102000148, 8.187612553000179 ], [ 98.663277277000077, 8.187531743000079 ], [ 98.663305700000024, 8.187654577999979 ], [ 98.663599102000148, 8.187612553000179 ] ] ], [ [ [ 98.663970800000186, 8.188089066000089 ], [ 98.6641964760002, 8.186983947000044 ], [ 98.66397654900004, 8.186742121000066 ], [ 98.663970800000186, 8.188089066000089 ] ] ], [ [ [ 98.662136728000121, 8.187542146000112 ], [ 98.661754644000155, 8.187776647000078 ], [ 98.662128756000186, 8.188154752000173 ], [ 98.662136728000121, 8.187542146000112 ] ] ], [ [ [ 98.60908107500012, 8.194335246000151 ], [ 98.614856899000188, 8.194615367000154 ], [ 98.61202950500018, 8.190703262 ], [ 98.60908107500012, 8.194335246000151 ] ] ], [ [ [ 98.50936965600016, 8.196622467000111 ], [ 98.508103204000179, 8.196218736 ], [ 98.508252951000031, 8.196737839999969 ], [ 98.50936965600016, 8.196622467000111 ] ] ], [ [ [ 98.633114741000043, 8.197445102000074 ], [ 98.631820275000052, 8.195416526999963 ], [ 98.63193088100013, 8.198248321000165 ], [ 98.633114741000043, 8.197445102000074 ] ] ], [ [ [ 98.63421132100018, 8.194440429000053 ], [ 98.640253227000017, 8.193624460000137 ], [ 98.638925516000029, 8.190162449000127 ], [ 98.63421132100018, 8.194440429000053 ] ] ], [ [ [ 98.491529404, 8.201008372 ], [ 98.495460371000092, 8.175889325000071 ], [ 98.491717376000111, 8.165500551000093 ], [ 98.485957207000013, 8.18349387100011 ], [ 98.491529404, 8.201008372 ] ] ], [ [ [ 98.511386814000105, 8.205190661000131 ], [ 98.508922190000078, 8.20180115800008 ], [ 98.50958022400016, 8.20594987100003 ], [ 98.511386814000105, 8.205190661000131 ] ] ], [ [ [ 98.59329862900006, 8.220552750000081 ], [ 98.590743055000189, 8.210588976000111 ], [ 98.591425913000194, 8.222355355000104 ], [ 98.59329862900006, 8.220552750000081 ] ] ], [ [ [ 98.507474301000116, 8.225359144000038 ], [ 98.510248612000055, 8.210747393000133 ], [ 98.508627857000135, 8.208047721000071 ], [ 98.504430962000072, 8.215054340999984 ], [ 98.507474301000116, 8.225359144000038 ] ] ], [ [ [ 98.498689761000151, 8.223042126 ], [ 98.502618843000164, 8.222702129000027 ], [ 98.500067796000053, 8.221098194000092 ], [ 98.498689761000151, 8.223042126 ] ] ], [ [ [ 98.478240443000118, 8.230759995000085 ], [ 98.4758002640001, 8.229458769000075 ], [ 98.477177892000043, 8.231841222000128 ], [ 98.478240443000118, 8.230759995000085 ] ] ], [ [ [ 98.478386009000133, 8.236759110000037 ], [ 98.476206421000086, 8.236175189000164 ], [ 98.477808061000076, 8.237618200000099 ], [ 98.478386009000133, 8.236759110000037 ] ] ], [ [ [ 98.500202365000064, 8.236591589000113 ], [ 98.504661949000081, 8.237193510000111 ], [ 98.507743956000127, 8.228149153000061 ], [ 98.500202365000064, 8.236591589000113 ] ] ], [ [ [ 98.478265955000097, 8.239402932000132 ], [ 98.47782492500005, 8.239210864000029 ], [ 98.477818756000147, 8.239498227000126 ], [ 98.478265955000097, 8.239402932000132 ] ] ], [ [ [ 98.505003681000119, 8.238992414999984 ], [ 98.50407585500011, 8.238558091000129 ], [ 98.504315885000096, 8.240686590000109 ], [ 98.505003681000119, 8.238992414999984 ] ] ], [ [ [ 98.464300130000197, 8.241528108000125 ], [ 98.463611678000063, 8.241093316 ], [ 98.463773189000051, 8.241831763000107 ], [ 98.464300130000197, 8.241528108000125 ] ] ], [ [ [ 98.492905409000116, 8.245258477000107 ], [ 98.49299629900014, 8.24194529000016 ], [ 98.491893405000042, 8.24589269300003 ], [ 98.492905409000116, 8.245258477000107 ] ] ], [ [ [ 98.479026467000153, 8.247738990000073 ], [ 98.477878955000051, 8.246060286000102 ], [ 98.477905885000155, 8.248426328000107 ], [ 98.479026467000153, 8.247738990000073 ] ] ], [ [ [ 98.495676492000143, 8.247511123000152 ], [ 98.49497593100017, 8.246643726000059 ], [ 98.494570080000074, 8.248760407000134 ], [ 98.495676492000143, 8.247511123000152 ] ] ], [ [ [ 98.494023041000048, 8.251818622000144 ], [ 98.494407593000062, 8.249073839000118 ], [ 98.493392343000039, 8.252402673000063 ], [ 98.494023041000048, 8.251818622000144 ] ] ], [ [ [ 98.468040669000175, 8.251232303000052 ], [ 98.474127397000188, 8.248431416000187 ], [ 98.464458643000057, 8.242567273000191 ], [ 98.468040669000175, 8.251232303000052 ] ] ], [ [ [ 98.510776997000164, 8.25683726200009 ], [ 98.51258280899998, 8.256001828000024 ], [ 98.510486557000092, 8.25440504300019 ], [ 98.510776997000164, 8.25683726200009 ] ] ], [ [ [ 98.508866464999983, 8.257270252000183 ], [ 98.507661497000129, 8.257430330000091 ], [ 98.508309563000125, 8.258324200000175 ], [ 98.508866464999983, 8.257270252000183 ] ] ], [ [ [ 98.473059405000072, 8.257281528000078 ], [ 98.472080296000172, 8.257178505000127 ], [ 98.47249576500019, 8.258400072000086 ], [ 98.473059405000072, 8.257281528000078 ] ] ], [ [ [ 98.505894475000105, 8.260384849000047 ], [ 98.504271634000077, 8.260757581000178 ], [ 98.505236976000162, 8.262060670000096 ], [ 98.505894475000105, 8.260384849000047 ] ] ], [ [ [ 98.494528503000083, 8.262717277000149 ], [ 98.492817039000045, 8.262930210999968 ], [ 98.493963925000116, 8.263464393000106 ], [ 98.494528503000083, 8.262717277000149 ] ] ], [ [ [ 98.488840966000168, 8.270369542000083 ], [ 98.491818374000104, 8.265742073000126 ], [ 98.486818773000095, 8.266227124000181 ], [ 98.488840966000168, 8.270369542000083 ] ] ], [ [ [ 98.459396710000192, 8.271816578000085 ], [ 98.456940168000187, 8.270876056000077 ], [ 98.457261672000129, 8.273439442000097 ], [ 98.459396710000192, 8.271816578000085 ] ] ], [ [ [ 98.474594433999982, 8.275649106000117 ], [ 98.473650871000189, 8.275123462000181 ], [ 98.474326592000068, 8.275981708000131 ], [ 98.474594433999982, 8.275649106000117 ] ] ], [ [ [ 98.501127877999977, 8.276107406000051 ], [ 98.500687171000038, 8.273417945000176 ], [ 98.499465692000115, 8.273600738000084 ], [ 98.501127877999977, 8.276107406000051 ] ] ], [ [ [ 98.456879528000115, 8.27806764900015 ], [ 98.457117449000179, 8.276160791000109 ], [ 98.45578211600008, 8.277710481000042 ], [ 98.456879528000115, 8.27806764900015 ] ] ], [ [ [ 98.481806371000118, 8.280502041000091 ], [ 98.479933691999975, 8.270550223000043 ], [ 98.480797164000194, 8.280896535000068 ], [ 98.481806371000118, 8.280502041000091 ] ] ], [ [ [ 98.574314862000108, 8.280288944000176 ], [ 98.597132448000139, 8.290885668000101 ], [ 98.59909696800014, 8.285703946000012 ], [ 98.574314862000108, 8.280288944000176 ] ] ], [ [ [ 98.470761730000163, 8.304344674000106 ], [ 98.470131197000114, 8.303250479000098 ], [ 98.469714030000148, 8.305066259000057 ], [ 98.470761730000163, 8.304344674000106 ] ] ], [ [ [ 98.497459431000152, 8.27699977400016 ], [ 98.485303409000096, 8.286614227000086 ], [ 98.489858288000107, 8.306301812000072 ], [ 98.499478768000131, 8.295190012000091 ], [ 98.497459431000152, 8.27699977400016 ] ] ], [ [ [ 98.499737992000121, 8.307029117000127 ], [ 98.497133600000097, 8.299367648999976 ], [ 98.495628908000128, 8.305351688000144 ], [ 98.499737992000121, 8.307029117000127 ] ] ], [ [ [ 98.480510601000049, 8.307253561000039 ], [ 98.47897518100018, 8.297161336000158 ], [ 98.478777761000174, 8.309106524000129 ], [ 98.480510601000049, 8.307253561000039 ] ] ], [ [ [ 98.516298294000194, 8.310834885000077 ], [ 98.516000748000124, 8.31105995300004 ], [ 98.51632881200004, 8.311277390000157 ], [ 98.516298294000194, 8.310834885000077 ] ] ], [ [ [ 98.516534806000038, 8.312696455999969 ], [ 98.51761818000017, 8.312509536000164 ], [ 98.51665306100017, 8.312105179000184 ], [ 98.516534806000038, 8.312696455999969 ] ] ], [ [ [ 98.494482136999977, 8.312799993000112 ], [ 98.488953733000187, 8.311028195000063 ], [ 98.487923587000182, 8.313322656000082 ], [ 98.494482136999977, 8.312799993000112 ] ] ], [ [ [ 98.503584647000139, 8.339448970000149 ], [ 98.503950173000192, 8.33506418200011 ], [ 98.503661756000042, 8.333202162000021 ], [ 98.503584647000139, 8.339448970000149 ] ] ], [ [ [ 98.617860677000181, 8.352287699999977 ], [ 98.617104174000019, 8.350078983000117 ], [ 98.616670281000097, 8.353008292000084 ], [ 98.617860677000181, 8.352287699999977 ] ] ], [ [ [ 98.613647864000029, 8.354451214000107 ], [ 98.610748863000083, 8.353580936000071 ], [ 98.613264030000096, 8.355206195000164 ], [ 98.613647864000029, 8.354451214000107 ] ] ], [ [ [ 98.578680277000046, 8.356844116000048 ], [ 98.576297525000086, 8.357795100000033 ], [ 98.576735012000142, 8.359243395000078 ], [ 98.578680277000046, 8.356844116000048 ] ] ], [ [ [ 98.606535880000138, 8.360232127000131 ], [ 98.608001191000142, 8.358058141000072 ], [ 98.606880899000146, 8.357634162000068 ], [ 98.606535880000138, 8.360232127000131 ] ] ], [ [ [ 98.606082940000135, 8.362169944000186 ], [ 98.605384687000139, 8.361519377000093 ], [ 98.605776319000086, 8.362535684000079 ], [ 98.606082940000135, 8.362169944000186 ] ] ], [ [ [ 97.646708853000064, 8.47634061500014 ], [ 97.646028759999979, 8.481964215 ], [ 97.654060869000148, 8.478040804000045 ], [ 97.646708853000064, 8.47634061500014 ] ] ], [ [ [ 97.648277521000182, 8.497307672999966 ], [ 97.642388642000071, 8.496564077000073 ], [ 97.635187904000077, 8.508166021000079 ], [ 97.648277521000182, 8.497307672999966 ] ] ], [ [ [ 97.655987096999979, 8.516238964000081 ], [ 97.654249608000043, 8.516033695000033 ], [ 97.65381250500019, 8.517516109000098 ], [ 97.655987096999979, 8.516238964000081 ] ] ], [ [ [ 97.641891210000153, 8.573342603000185 ], [ 97.644899180000152, 8.572129546999975 ], [ 97.647369887000195, 8.568732243999989 ], [ 97.641891210000153, 8.573342603000185 ] ] ], [ [ [ 97.631064, 8.576373204 ], [ 97.640129134000176, 8.570563028000151 ], [ 97.637255598000081, 8.559177470000066 ], [ 97.631064, 8.576373204 ] ] ], [ [ [ 97.637756390000163, 8.593738840000128 ], [ 97.635379894000152, 8.588217591000102 ], [ 97.636420399000201, 8.597211634000075 ], [ 97.637756390000163, 8.593738840000128 ] ] ], [ [ [ 97.637028061000194, 8.660190475000093 ], [ 97.651784102000136, 8.663027040000031 ], [ 97.652615998000044, 8.629099877000158 ], [ 97.637028061000194, 8.660190475000093 ] ] ], [ [ [ 97.640871835000098, 8.678594058000044 ], [ 97.653462397000169, 8.676540124999974 ], [ 97.65079959000002, 8.673259753000025 ], [ 97.640871835000098, 8.678594058000044 ] ] ], [ [ [ 97.808362961000114, 8.822916030000101 ], [ 97.798162459000082, 8.819868088000135 ], [ 97.802541733000055, 8.82842445600005 ], [ 97.808362961000114, 8.822916030000101 ] ] ], [ [ [ 98.300764968000124, 8.941799644000184 ], [ 98.299748506000185, 8.941745729000047 ], [ 98.300006108, 8.942671755000106 ], [ 98.300764968000124, 8.941799644000184 ] ] ], [ [ [ 98.327168947000132, 8.980175582000186 ], [ 98.324479452000105, 8.980161115000101 ], [ 98.326993604999984, 8.983421898000188 ], [ 98.327168947000132, 8.980175582000186 ] ] ], [ [ [ 98.344555654000146, 8.990289739000104 ], [ 98.343273558000078, 8.987839762000135 ], [ 98.338614166000013, 8.994909002000099 ], [ 98.344555654000146, 8.990289739000104 ] ] ], [ [ [ 98.264695333000077, 9.015104478000069 ], [ 98.323841918000085, 8.984122980999985 ], [ 98.286215872000128, 8.919490706000147 ], [ 98.266818973000056, 8.863375994000023 ], [ 98.248204522000094, 8.914433869000163 ], [ 98.262816885000063, 8.954368135000095 ], [ 98.24751242800005, 9.007142161 ], [ 98.264695333000077, 9.015104478000069 ] ] ], [ [ [ 98.378309993000073, 9.02027144300007 ], [ 98.375475567000024, 9.020388433 ], [ 98.378487745000029, 9.022054211000182 ], [ 98.378309993000073, 9.02027144300007 ] ] ], [ [ [ 98.39342778800011, 9.031823487000054 ], [ 98.392924734000076, 9.03126836500013 ], [ 98.389583683000126, 9.031442524000056 ], [ 98.39342778800011, 9.031823487000054 ] ] ], [ [ [ 98.361551588000054, 9.073689789000184 ], [ 98.359916140000053, 9.073392191999972 ], [ 98.361474249000139, 9.074782246000098 ], [ 98.361551588000054, 9.073689789000184 ] ] ], [ [ [ 98.36875774300006, 9.078663524000035 ], [ 98.364841623000189, 9.079814325000143 ], [ 98.366440395000154, 9.083329873000082 ], [ 98.36875774300006, 9.078663524000035 ] ] ], [ [ [ 97.818872450000072, 9.067907333000107 ], [ 97.805677411000147, 9.070997239000178 ], [ 97.808629988000121, 9.084451676000072 ], [ 97.818872450000072, 9.067907333000107 ] ] ], [ [ [ 98.350720835000175, 9.100406865000082 ], [ 98.346962212000108, 9.100601090999987 ], [ 98.349095064000039, 9.103146449000121 ], [ 98.350720835000175, 9.100406865000082 ] ] ], [ [ [ 98.345309212000132, 9.106622653000159 ], [ 98.348037764000082, 9.102274649000094 ], [ 98.344545273000051, 9.102487126000028 ], [ 98.345309212000132, 9.106622653000159 ] ] ], [ [ [ 98.306799150000018, 9.140988784000115 ], [ 98.30546750200017, 9.140059551000036 ], [ 98.30570099900001, 9.141728900000032 ], [ 98.306799150000018, 9.140988784000115 ] ] ], [ [ [ 98.339008418000162, 9.148973629000068 ], [ 98.337709932000166, 9.148916689000146 ], [ 98.33792484300011, 9.149738887000126 ], [ 98.339008418000162, 9.148973629000068 ] ] ], [ [ [ 98.289354075000176, 9.167469965000123 ], [ 98.334320449000131, 9.080073038000137 ], [ 98.303224974000045, 9.037955055000054 ], [ 98.250137156000164, 9.030376471000068 ], [ 98.249399361000087, 9.12618659400016 ], [ 98.261833098000125, 9.166055017000133 ], [ 98.289354075000176, 9.167469965000123 ] ] ], [ [ [ 98.292921409000087, 9.16692732000007 ], [ 98.291163633000167, 9.167170825000085 ], [ 98.290167966000126, 9.167997899000113 ], [ 98.292921409000087, 9.16692732000007 ] ] ], [ [ [ 98.337482684, 9.149146598000073 ], [ 98.331928337000079, 9.126201958000024 ], [ 98.31265794300009, 9.180309974000181 ], [ 98.337482684, 9.149146598000073 ] ] ], [ [ [ 98.36435087000018, 9.210616036000033 ], [ 98.362175662000141, 9.210750094000105 ], [ 98.361706825000169, 9.214799188000086 ], [ 98.36435087000018, 9.210616036000033 ] ] ], [ [ [ 98.366085426000154, 9.214915909000069 ], [ 98.365297688000169, 9.214402224000082 ], [ 98.365718644000196, 9.216069230000187 ], [ 98.366085426000154, 9.214915909000069 ] ] ], [ [ [ 98.365372004000108, 9.2163804650001 ], [ 98.3641729470001, 9.216731623000044 ], [ 98.365140850000159, 9.21749427400016 ], [ 98.365372004000108, 9.2163804650001 ] ] ], [ [ [ 98.365369758000099, 9.218170737999969 ], [ 98.363102022000078, 9.219468127000141 ], [ 98.364476571000182, 9.220021397000096 ], [ 98.365369758000099, 9.218170737999969 ] ] ], [ [ [ 98.34652403299998, 9.219371952000074 ], [ 98.347812613000201, 9.220539490000021 ], [ 98.348373017000029, 9.219629138000016 ], [ 98.34652403299998, 9.219371952000074 ] ] ], [ [ [ 98.364125402000184, 9.220696764000081 ], [ 98.3629449, 9.221741813000165 ], [ 98.363556544000176, 9.221945481000091 ], [ 98.364125402000184, 9.220696764000081 ] ] ], [ [ [ 98.352933327000073, 9.21966700300004 ], [ 98.359025185000178, 9.219919416999971 ], [ 98.360973240000135, 9.211173451000036 ], [ 98.352933327000073, 9.21966700300004 ] ] ], [ [ [ 98.317048075000116, 9.251750246000142 ], [ 98.289283330000103, 9.207962033000058 ], [ 98.295463149999989, 9.195741723000026 ], [ 98.260021216000098, 9.167887856000164 ], [ 98.26412345600005, 9.206286251000165 ], [ 98.306151834000104, 9.264452360000064 ], [ 98.317048075000116, 9.251750246000142 ] ] ], [ [ [ 98.32561915500014, 9.336335863000045 ], [ 98.320934726000075, 9.334920075000127 ], [ 98.323669177999989, 9.337609699000097 ], [ 98.32561915500014, 9.336335863000045 ] ] ], [ [ [ 97.862497330000053, 9.370805743000119 ], [ 97.870523454000136, 9.368089677000114 ], [ 97.866544725000153, 9.365140916000144 ], [ 97.862497330000053, 9.370805743000119 ] ] ], [ [ [ 97.892816544000084, 9.398019790000035 ], [ 97.895853044000148, 9.394449235000138 ], [ 97.891923906000159, 9.397798538000018 ], [ 97.892816544000084, 9.398019790000035 ] ] ], [ [ [ 97.864976881000132, 9.423669817000018 ], [ 97.863191605, 9.404973983000161 ], [ 97.882932661000041, 9.38097954 ], [ 97.8405933370002, 9.413518907000025 ], [ 97.864976881000132, 9.423669817000018 ] ] ], [ [ [ 97.831743240000094, 9.425523757000121 ], [ 97.833906174000163, 9.41905784800008 ], [ 97.828668595000124, 9.418588638000188 ], [ 97.831743240000094, 9.425523757000121 ] ] ], [ [ [ 97.8550891860001, 9.455816268000035 ], [ 97.903440476000185, 9.452653883000096 ], [ 97.892957688000024, 9.439893721000033 ], [ 97.904451370000174, 9.426080705 ], [ 97.871644975000095, 9.441984177000165 ], [ 97.879983902000049, 9.414060591000066 ], [ 97.846868516000086, 9.437120436000157 ], [ 97.861028672000032, 9.435476301000108 ], [ 97.8550891860001, 9.455816268000035 ] ] ], [ [ [ 97.902814867000188, 9.476526260000071 ], [ 97.906393049000144, 9.476854325000147 ], [ 97.905950549000124, 9.473134993000087 ], [ 97.902814867000188, 9.476526260000071 ] ] ] ] } },
{ "type": "Feature", "properties": { "adm1_name": "Phuket", "adm1_name1": "ภูเก็ต", "adm1_pcode": "TH83" }, "geometry": { "type": "MultiPolygon", "coordinates": [ [ [ [ 98.283860734000143, 8.19668448300007 ], [ 98.33702115900013, 8.172892835000141 ], [ 98.351453664000132, 8.112961902000052 ], [ 98.372793740000134, 8.119120845000054 ], [ 98.385869595000145, 8.085336820000123 ], [ 98.405059775000041, 8.079674609000165 ], [ 98.433484123000142, 8.098554288000059 ], [ 98.444144723000079, 8.070321523000075 ], [ 98.432560021000086, 8.039867216000118 ], [ 98.420737898000084, 8.046082576000117 ], [ 98.410536768000156, 8.030428088000178 ], [ 98.426256447000071, 7.987396811 ], [ 98.392824653000048, 7.978462785000147 ], [ 98.4227292650001, 7.897255201000064 ], [ 98.442044826000142, 7.914459141000123 ], [ 98.438477433000116, 7.865681917000131 ], [ 98.409352317000128, 7.877789834 ], [ 98.391472504000149, 7.851775690000181 ], [ 98.41056774700013, 7.837395806000188 ], [ 98.400861790000079, 7.823983850000161 ], [ 98.412513062000073, 7.801050489999966 ], [ 98.388967580000042, 7.805450341000153 ], [ 98.366040849000115, 7.839025009000068 ], [ 98.34556251500004, 7.823254880999968 ], [ 98.337446413000123, 7.77753257300003 ], [ 98.310905488000174, 7.758596412999964 ], [ 98.284704647000069, 7.788042837000091 ], [ 98.298911328000031, 7.804569781000112 ], [ 98.289603233000037, 7.857854908000093 ], [ 98.260917661000121, 7.885718901000132 ], [ 98.289832620000084, 7.886640033000162 ], [ 98.296332549000113, 7.909098700000072 ], [ 98.257910626000125, 7.935227307000048 ], [ 98.281885570000156, 7.95253646700013 ], [ 98.270214080000073, 7.987915203000114 ], [ 98.285204086000078, 7.985153387000025 ], [ 98.292482307, 8.002272003000144 ], [ 98.288103996000018, 8.029469546000087 ], [ 98.271937541000113, 8.038419697000165 ], [ 98.270428254000194, 8.071422846000132 ], [ 98.301276550000125, 8.106239190000167 ], [ 98.283860734000143, 8.19668448300007 ] ] ], [ [ [ 98.320089429, 7.491926435999972 ], [ 98.314881985000113, 7.485843369000179 ], [ 98.324650909000127, 7.498022014000014 ], [ 98.320089429, 7.491926435999972 ] ] ], [ [ [ 98.320879780000155, 7.507700251000131 ], [ 98.333689828999979, 7.516208253000116 ], [ 98.324634797000044, 7.499492401000111 ], [ 98.320879780000155, 7.507700251000131 ] ] ], [ [ [ 98.378259412000091, 7.610604776000116 ], [ 98.367047963000118, 7.591518308000104 ], [ 98.355065824, 7.590330462000054 ], [ 98.362301068000022, 7.614653656000144 ], [ 98.378259412000091, 7.610604776000116 ] ] ], [ [ [ 98.298975207000069, 7.734740048000049 ], [ 98.294690404, 7.735909624000044 ], [ 98.298176623000074, 7.738384015 ], [ 98.298975207000069, 7.734740048000049 ] ] ], [ [ [ 98.364575863000084, 7.747300669000083 ], [ 98.385851809000087, 7.745279390000064 ], [ 98.358181868000088, 7.73379454000019 ], [ 98.364575863000084, 7.747300669000083 ] ] ], [ [ [ 98.304049421000173, 7.747172208 ], [ 98.299450182000044, 7.744249196000112 ], [ 98.300144973000045, 7.749659240000085 ], [ 98.304049421000173, 7.747172208 ] ] ], [ [ [ 98.33428440900019, 7.754703706000043 ], [ 98.329837999000176, 7.759435286000041 ], [ 98.335235105000152, 7.763403998000115 ], [ 98.33428440900019, 7.754703706000043 ] ] ], [ [ [ 98.300439365000045, 7.767152905000046 ], [ 98.301019527000108, 7.764113748000057 ], [ 98.297788985000182, 7.764634623000063 ], [ 98.300439365000045, 7.767152905000046 ] ] ], [ [ [ 98.399772410000139, 7.763219281000033 ], [ 98.389826086000198, 7.761696564999966 ], [ 98.400754686000084, 7.767360042000064 ], [ 98.399772410000139, 7.763219281000033 ] ] ], [ [ [ 98.482212898000114, 7.770819717000052 ], [ 98.476087401000143, 7.750159231000168 ], [ 98.473994061000155, 7.750121658000182 ], [ 98.482212898000114, 7.770819717000052 ] ] ], [ [ [ 98.355180800000142, 7.786684210000033 ], [ 98.383131222000145, 7.793833654000082 ], [ 98.389644430000089, 7.780158770000128 ], [ 98.355180800000142, 7.786684210000033 ] ] ], [ [ [ 98.287260959000037, 7.819008609000036 ], [ 98.284465085000136, 7.819682255000146 ], [ 98.287613090000093, 7.820777207000162 ], [ 98.287260959000037, 7.819008609000036 ] ] ], [ [ [ 98.415001174000054, 7.830959778000022 ], [ 98.41695053900014, 7.824971638000022 ], [ 98.4097624690001, 7.828809483000043 ], [ 98.415001174000054, 7.830959778000022 ] ] ], [ [ [ 98.424776600000087, 7.834995778 ], [ 98.422032812999987, 7.833705893000172 ], [ 98.4238989010002, 7.836950352000088 ], [ 98.424776600000087, 7.834995778 ] ] ], [ [ [ 98.456590651000113, 7.923707964000016 ], [ 98.455419542000129, 7.924467087000039 ], [ 98.456052780000107, 7.925004958000045 ], [ 98.456590651000113, 7.923707964000016 ] ] ], [ [ [ 98.44367733200005, 7.943530070000179 ], [ 98.442284166000036, 7.94336894300011 ], [ 98.443567834000021, 7.944078965000017 ], [ 98.44367733200005, 7.943530070000179 ] ] ], [ [ [ 98.437873066000122, 7.944679817000178 ], [ 98.43209842300007, 7.926370157000122 ], [ 98.4149096700001, 7.932486087000086 ], [ 98.416965334000054, 7.943288406000079 ], [ 98.437873066000122, 7.944679817000178 ] ] ], [ [ [ 98.445095495000032, 7.955576792000045 ], [ 98.453772343000139, 7.95497736100009 ], [ 98.452017301000069, 7.95092786500004 ], [ 98.445095495000032, 7.955576792000045 ] ] ], [ [ [ 98.452417480000065, 7.964706970000179 ], [ 98.450347504000035, 7.964423268000132 ], [ 98.452988122000193, 7.966516948 ], [ 98.452417480000065, 7.964706970000179 ] ] ], [ [ [ 98.280058662000158, 8.031182456000067 ], [ 98.283611465000035, 8.02972422300013 ], [ 98.280094821000034, 8.029477253000096 ], [ 98.280058662000158, 8.031182456000067 ] ] ], [ [ [ 98.458833957000081, 8.026738644000091 ], [ 98.46194277100011, 8.028471882000133 ], [ 98.460695774000044, 8.022092902999987 ], [ 98.458833957000081, 8.026738644000091 ] ] ], [ [ [ 98.456866407000177, 8.05484973800003 ], [ 98.470613957000069, 8.052938326000174 ], [ 98.468607502000054, 8.037940822000053 ], [ 98.456866407000177, 8.05484973800003 ] ] ], [ [ [ 98.449880593000046, 8.064413322000178 ], [ 98.449093567000091, 8.055942159000097 ], [ 98.44259932, 8.060061095000037 ], [ 98.449880593000046, 8.064413322000178 ] ] ], [ [ [ 98.457933954000168, 8.095698059000085 ], [ 98.456993065000177, 8.09484316400011 ], [ 98.457019571000046, 8.095669162999968 ], [ 98.457933954000168, 8.095698059000085 ] ] ], [ [ [ 98.41511527900019, 8.099143382000136 ], [ 98.415819552000073, 8.099267608000105 ], [ 98.415170106000176, 8.097628956000051 ], [ 98.41511527900019, 8.099143382000136 ] ] ], [ [ [ 98.399491485999988, 8.106650782000088 ], [ 98.405131509000114, 8.106525047000105 ], [ 98.39910003500006, 8.104237927000042 ], [ 98.399491485999988, 8.106650782000088 ] ] ], [ [ [ 98.424465472000122, 8.117367162 ], [ 98.422816925000063, 8.115629775000059 ], [ 98.42425956000011, 8.118641232000073 ], [ 98.424465472000122, 8.117367162 ] ] ], [ [ [ 98.35658362300012, 8.131301056000041 ], [ 98.355921433000049, 8.131344820000095 ], [ 98.356647522000173, 8.131905614000175 ], [ 98.35658362300012, 8.131301056000041 ] ] ], [ [ [ 98.358769018000032, 8.135843966000039 ], [ 98.358907220000106, 8.135629758000107 ], [ 98.358769509000126, 8.13553553700001 ], [ 98.358769018000032, 8.135843966000039 ] ] ] ] } },
{ "type": "Feature", "properties": { "adm1_name": "Surat Thani", "adm1_name1": "สุราษฎร์ธานี", "adm1_pcode": "TH84" }, "geometry": { "type": "MultiPolygon", "coordinates": [ [ [ [ 98.882524084000067, 9.726050651000037 ], [ 98.911862058999986, 9.722234496000056 ], [ 98.93930299900012, 9.68144078500012 ], [ 98.982414064000125, 9.671573389000059 ], [ 99.010260740000092, 9.699047084000142 ], [ 99.040803225000047, 9.683155255000031 ], [ 99.089049887000158, 9.706256120000148 ], [ 99.15885336100007, 9.703742441000088 ], [ 99.169374634000121, 9.658984816000043 ], [ 99.209333309000044, 9.601603376000128 ], [ 99.24476600800017, 9.479325149000147 ], [ 99.313429458000087, 9.392229954000072 ], [ 99.293191210000145, 9.403691245000061 ], [ 99.216690423000045, 9.331343463000167 ], [ 99.223921912000151, 9.256200308000132 ], [ 99.262580889000049, 9.22021705200018 ], [ 99.319595487000186, 9.246127565000052 ], [ 99.314481896000132, 9.22132673100009 ], [ 99.362745215000075, 9.215990964000127 ], [ 99.37009839000018, 9.189633886000138 ], [ 99.414270951999981, 9.205714827000122 ], [ 99.466658733000031, 9.198719064000102 ], [ 99.499228433000098, 9.220885279000129 ], [ 99.530642495000166, 9.284748455000056 ], [ 99.609371846000101, 9.267717345000108 ], [ 99.643139559000076, 9.302039250000121 ], [ 99.681641468000123, 9.311827066000149 ], [ 99.6814020340002, 9.337727024000117 ], [ 99.725064326000108, 9.311890389000155 ], [ 99.744671726000092, 9.329286589000105 ], [ 99.755160918, 9.316128973 ], [ 99.769127578000109, 9.322795434000113 ], [ 99.771594503000188, 9.260889774000134 ], [ 99.748111055000152, 9.263029127000152 ], [ 99.753996592000135, 9.221322977000113 ], [ 99.719880927000133, 9.145007275000125 ], [ 99.73368485900005, 9.128466167000056 ], [ 99.722409828000195, 9.112768088000109 ], [ 99.771765018, 9.096430174000147 ], [ 99.740685583000015, 9.058222187000069 ], [ 99.74447587200001, 9.025582513000074 ], [ 99.724841883000067, 8.980346280000049 ], [ 99.694187014000022, 8.97457788700018 ], [ 99.692007623000109, 8.932445495000081 ], [ 99.647822896000093, 8.929874204000043 ], [ 99.626198586000044, 8.911858431000041 ], [ 99.613949219000176, 8.927910984000107 ], [ 99.582364895000069, 8.917966148000119 ], [ 99.553320081000152, 8.875969731000112 ], [ 99.559367932000043, 8.850658580000129 ], [ 99.521436461000121, 8.845124470000144 ], [ 99.529324025000108, 8.746102043000178 ], [ 99.521880975000158, 8.719287520000137 ], [ 99.492030352000086, 8.696907734000092 ], [ 99.480946085000141, 8.648156445000041 ], [ 99.461720937, 8.649838589000126 ], [ 99.448720214, 8.631779692000123 ], [ 99.456081629000096, 8.603772792000086 ], [ 99.415868896000063, 8.569092071 ], [ 99.394819181, 8.513079459000039 ], [ 99.286379140000122, 8.469517475000089 ], [ 99.234857874000113, 8.399239766000107 ], [ 99.240767356000049, 8.366712733000099 ], [ 99.28226443900013, 8.336825684000189 ], [ 99.290804906, 8.308740908000061 ], [ 99.275153518000195, 8.302433049000172 ], [ 99.215266536000058, 8.330056484000181 ], [ 99.205026228000122, 8.366049243000077 ], [ 99.036116366000101, 8.362280926000096 ], [ 98.973239320000062, 8.418013347000112 ], [ 98.947979536000105, 8.422682130000112 ], [ 98.937781301000143, 8.57803865600016 ], [ 98.887976454000182, 8.681336976000125 ], [ 98.841096843000116, 8.677960932000076 ], [ 98.797951400000102, 8.650949763000085 ], [ 98.747642972000108, 8.67510965200006 ], [ 98.722233776000053, 8.63016917200008 ], [ 98.705168814000103, 8.628433327000096 ], [ 98.674285410000095, 8.661739944000146 ], [ 98.604317861000197, 8.625686161000147 ], [ 98.564082064000047, 8.638290629000153 ], [ 98.536743584000078, 8.661942291000116 ], [ 98.594651966000072, 8.712181609000083 ], [ 98.598706991000086, 8.796834489999981 ], [ 98.554834706000179, 8.814054596000176 ], [ 98.535651393000194, 8.858371323000085 ], [ 98.514367025000183, 8.860523558000125 ], [ 98.505448584000078, 8.880965103000108 ], [ 98.445995979000145, 8.895255178000184 ], [ 98.450891515000194, 8.965086108000094 ], [ 98.511018984000032, 8.995457198000167 ], [ 98.472981124000114, 9.063719152999965 ], [ 98.494569372, 9.080976376000081 ], [ 98.480577509000057, 9.123883222000188 ], [ 98.503263477000019, 9.154112262000069 ], [ 98.500282173000073, 9.213188626000033 ], [ 98.531144920000088, 9.254226126 ], [ 98.527726794000046, 9.29626724600007 ], [ 98.506671864000054, 9.316709483000068 ], [ 98.547725029000162, 9.361170028 ], [ 98.587602076999985, 9.367860818000111 ], [ 98.61102740400014, 9.342300757000089 ], [ 98.635790114000145, 9.356752338999968 ], [ 98.660726631000102, 9.348669717 ], [ 98.67459110100009, 9.387622774000079 ], [ 98.648421097000153, 9.387842441000032 ], [ 98.647411239000064, 9.424989100000062 ], [ 98.681300638000039, 9.435297777000073 ], [ 98.666985294000199, 9.465247975000125 ], [ 98.69464698500019, 9.470038572000135 ], [ 98.76845138800013, 9.544561412000064 ], [ 98.758618616000149, 9.574564968000118 ], [ 98.737529107000171, 9.585821785000064 ], [ 98.767598350000071, 9.627111527000125 ], [ 98.768306404000043, 9.686157796000032 ], [ 98.80393309800013, 9.687819064000166 ], [ 98.882524084000067, 9.726050651000037 ] ] ], [ [ [ 99.962728654000102, 9.312698214000079 ], [ 99.960118056000056, 9.303392403000089 ], [ 99.950538651000159, 9.311928856000065 ], [ 99.962728654000102, 9.312698214000079 ] ] ], [ [ [ 99.915558234000173, 9.314317522000124 ], [ 99.909438630000125, 9.313454251000053 ], [ 99.90957182000011, 9.315678133 ], [ 99.915558234000173, 9.314317522000124 ] ] ], [ [ [ 99.893372630000044, 9.310443118000023 ], [ 99.88909185100016, 9.31707851300007 ], [ 99.890994792000129, 9.318192383000053 ], [ 99.893372630000044, 9.310443118000023 ] ] ], [ [ [ 99.704739517000178, 9.330765580000048 ], [ 99.702837014000067, 9.331814858000143 ], [ 99.703701725000087, 9.332664839000074 ], [ 99.704739517000178, 9.330765580000048 ] ] ], [ [ [ 99.922015153000189, 9.345006512000054 ], [ 99.919905167000081, 9.344446178000055 ], [ 99.922283847000074, 9.345674526000096 ], [ 99.922015153000189, 9.345006512000054 ] ] ], [ [ [ 99.721663722000073, 9.349816206000128 ], [ 99.71941761800008, 9.350279060000048 ], [ 99.721562516000063, 9.350461145999986 ], [ 99.721663722000073, 9.349816206000128 ] ] ], [ [ [ 99.679809345000137, 9.352500834000011 ], [ 99.684437513000091, 9.351508579999972 ], [ 99.683487142000047, 9.350136042000088 ], [ 99.679809345000137, 9.352500834000011 ] ] ], [ [ [ 99.976848262000033, 9.37820144900013 ], [ 99.978004767000073, 9.367546166000182 ], [ 99.972021573000063, 9.366579206000097 ], [ 99.976848262000033, 9.37820144900013 ] ] ], [ [ [ 99.953104022000048, 9.396128539000131 ], [ 99.958180886000036, 9.361220893000052 ], [ 99.927102065000099, 9.35637937100006 ], [ 99.935591620000082, 9.383464263000178 ], [ 99.953104022000048, 9.396128539000131 ] ] ], [ [ [ 99.667203783000048, 9.378720667999971 ], [ 99.663596476000123, 9.396508714000049 ], [ 99.67236490200014, 9.405402525999989 ], [ 99.676219044000163, 9.39033124700012 ], [ 99.667203783000048, 9.378720667999971 ] ] ], [ [ [ 99.671743464000087, 9.408146973000157 ], [ 99.67045835700003, 9.407977011000128 ], [ 99.671165395000116, 9.408585587 ], [ 99.671743464000087, 9.408146973000157 ] ] ], [ [ [ 99.673750031000111, 9.411952519000067 ], [ 99.672452635000013, 9.411321884000017 ], [ 99.67344957500012, 9.412885237000182 ], [ 99.673750031000111, 9.411952519000067 ] ] ], [ [ [ 99.898234070000115, 9.428418409000187 ], [ 99.896462389000192, 9.428389202000176 ], [ 99.897717235000073, 9.429407497000113 ], [ 99.898234070000115, 9.428418409000187 ] ] ], [ [ [ 99.675803522000081, 9.427860433000035 ], [ 99.666443255, 9.429237171000068 ], [ 99.672502674000157, 9.433945680000022 ], [ 99.675803522000081, 9.427860433000035 ] ] ], [ [ [ 99.894954989000155, 9.435165617000166 ], [ 99.89267293000006, 9.435634361000041 ], [ 99.89477592500009, 9.435925376000057 ], [ 99.894954989000155, 9.435165617000166 ] ] ], [ [ [ 99.893401070000095, 9.437459971000067 ], [ 99.892671446000122, 9.436824934000015 ], [ 99.892900222000037, 9.438032206000116 ], [ 99.893401070000095, 9.437459971000067 ] ] ], [ [ [ 99.900916029000086, 9.439384857 ], [ 99.899824877000015, 9.438508936000119 ], [ 99.899840276000134, 9.439952786 ], [ 99.900916029000086, 9.439384857 ] ] ], [ [ [ 99.900608786000134, 9.444302639000114 ], [ 99.900872883000034, 9.443188541000154 ], [ 99.900232521000191, 9.443349238 ], [ 99.900608786000134, 9.444302639000114 ] ] ], [ [ [ 99.649712882000131, 9.448839895 ], [ 99.653821911000023, 9.445045499000116 ], [ 99.652476102000151, 9.44205603100005 ], [ 99.649712882000131, 9.448839895 ] ] ], [ [ [ 99.681852105000075, 9.468762443000116 ], [ 99.667004721000126, 9.467252134000148 ], [ 99.669577854000124, 9.47319661400013 ], [ 99.681852105000075, 9.468762443000116 ] ] ], [ [ [ 99.677800004000062, 9.473174416000063 ], [ 99.676779461000081, 9.473113360000127 ], [ 99.677598866000153, 9.473716376000141 ], [ 99.677800004000062, 9.473174416000063 ] ] ], [ [ [ 99.696634569000139, 9.483436395000126 ], [ 99.696627458000194, 9.479911753000181 ], [ 99.695409267000173, 9.482705439000028 ], [ 99.696634569000139, 9.483436395000126 ] ] ], [ [ [ 99.70728764800009, 9.50966616300002 ], [ 99.701337665000096, 9.508739689000095 ], [ 99.705056407000086, 9.511849013000187 ], [ 99.70728764800009, 9.50966616300002 ] ] ], [ [ [ 99.710959583000033, 9.522612078000122 ], [ 99.711911515000111, 9.519836833999989 ], [ 99.710038604000147, 9.519707434000111 ], [ 99.710959583000033, 9.522612078000122 ] ] ], [ [ [ 100.07998351700013, 9.538496135000116 ], [ 100.083280063000018, 9.537285913 ], [ 100.086643029000129, 9.533410002000039 ], [ 100.07998351700013, 9.538496135000116 ] ] ], [ [ [ 99.674921941000036, 9.542284731999985 ], [ 99.672747653000101, 9.541736968000123 ], [ 99.674476784000092, 9.543862650000165 ], [ 99.674921941000036, 9.542284731999985 ] ] ], [ [ [ 99.695277295000096, 9.550784684 ], [ 99.694053342000188, 9.549685000000181 ], [ 99.695414417000109, 9.551461578000101 ], [ 99.695277295000096, 9.550784684 ] ] ], [ [ [ 99.661753358, 9.529503986000179 ], [ 99.693715010000062, 9.549601211000095 ], [ 99.708081179000089, 9.546644024999978 ], [ 99.705104752000125, 9.522686568000097 ], [ 99.672420888000147, 9.50748062800011 ], [ 99.661753358, 9.529503986000179 ] ] ], [ [ [ 99.690665226000135, 9.555743199000062 ], [ 99.690224958000158, 9.555398423000099 ], [ 99.690173844000185, 9.555528855000091 ], [ 99.690665226000135, 9.555743199000062 ] ] ], [ [ [ 99.685476692000179, 9.556920118000164 ], [ 99.683670444000143, 9.554910192000136 ], [ 99.682551627, 9.557190592000154 ], [ 99.685476692000179, 9.556920118000164 ] ] ], [ [ [ 99.666988116000084, 9.549886740000147 ], [ 99.658385401000146, 9.545527864000121 ], [ 99.665759960000059, 9.558093031000112 ], [ 99.666988116000084, 9.549886740000147 ] ] ], [ [ [ 99.66907882300012, 9.559607499000037 ], [ 99.668432115000087, 9.559529187000123 ], [ 99.669015632000139, 9.560082308000176 ], [ 99.66907882300012, 9.559607499000037 ] ] ], [ [ [ 100.087233492000053, 9.572688164000112 ], [ 100.08965506200019, 9.574173964000124 ], [ 100.089267440000071, 9.572632353000188 ], [ 100.087233492000053, 9.572688164000112 ] ] ], [ [ [ 100.053011783000102, 9.591449584000031 ], [ 100.051094577000129, 9.591443966000099 ], [ 100.053359925000166, 9.593458067000086 ], [ 100.053011783000102, 9.591449584000031 ] ] ], [ [ [ 100.069121467000059, 9.593519050000054 ], [ 100.080303770000057, 9.588276832000076 ], [ 100.080343906, 9.574505983000108 ], [ 100.090609817000029, 9.569817943000032 ], [ 100.056534358000135, 9.513468695000086 ], [ 100.073963161999984, 9.470744016000026 ], [ 100.049706996000168, 9.468326288000185 ], [ 100.00952651800003, 9.41970120000002 ], [ 99.929581337000059, 9.417024795000032 ], [ 99.934677326999974, 9.455726494000032 ], [ 99.918770850999977, 9.491486597000062 ], [ 99.934418289000064, 9.500065763000066 ], [ 99.934718546000113, 9.535035640000103 ], [ 99.912317336000115, 9.570539376000113 ], [ 99.982790674000171, 9.587365157000079 ], [ 100.052555841000071, 9.557248825000102 ], [ 100.069121467000059, 9.593519050000054 ] ] ], [ [ [ 100.054686596000067, 9.592594759000065 ], [ 100.059773334000113, 9.594332996000048 ], [ 100.061212154000145, 9.592096530000106 ], [ 100.054686596000067, 9.592594759000065 ] ] ], [ [ [ 99.723041435000141, 9.592602328000055 ], [ 99.719793772000116, 9.592962510000177 ], [ 99.722419273000185, 9.594730318000074 ], [ 99.723041435000141, 9.592602328000055 ] ] ], [ [ [ 99.716732524000122, 9.604290832000117 ], [ 99.71555674200016, 9.601339670000186 ], [ 99.714157602000057, 9.602313681000055 ], [ 99.716732524000122, 9.604290832000117 ] ] ], [ [ [ 99.720323259000111, 9.620071445000065 ], [ 99.720743691000109, 9.619703690000108 ], [ 99.720382247000032, 9.619582068 ], [ 99.720323259000111, 9.620071445000065 ] ] ], [ [ [ 99.71485068000004, 9.612714722000078 ], [ 99.709279805000165, 9.611112313000092 ], [ 99.711525290000054, 9.620400294000035 ], [ 99.71485068000004, 9.612714722000078 ] ] ], [ [ [ 99.720533997000132, 9.620439820000115 ], [ 99.720316792, 9.62027367900015 ], [ 99.720356913000046, 9.620505737000144 ], [ 99.720533997000132, 9.620439820000115 ] ] ], [ [ [ 99.661178319000157, 9.636900809000053 ], [ 99.681993913000042, 9.631174863000069 ], [ 99.676536797000097, 9.605884969000101 ], [ 99.661178319000157, 9.636900809000053 ] ] ], [ [ [ 99.672759244000076, 9.639297309000142 ], [ 99.675934529000187, 9.640768387000151 ], [ 99.675501162000103, 9.638292957000147 ], [ 99.672759244000076, 9.639297309000142 ] ] ], [ [ [ 99.673285661000193, 9.642987656 ], [ 99.672861752000017, 9.643071207999981 ], [ 99.673258406000173, 9.643257466000136 ], [ 99.673285661000193, 9.642987656 ] ] ], [ [ [ 99.664166339000076, 9.661467420000122 ], [ 99.675606426000115, 9.646421344999965 ], [ 99.66202693800011, 9.649926203000064 ], [ 99.664166339000076, 9.661467420000122 ] ] ], [ [ [ 99.659953035000171, 9.661680455000067 ], [ 99.657851986000139, 9.661667313000066 ], [ 99.65918594700014, 9.662478225000029 ], [ 99.659953035000171, 9.661680455000067 ] ] ], [ [ [ 99.668002765000097, 9.663142737000101 ], [ 99.667328385000076, 9.662897071000032 ], [ 99.667508080000118, 9.663528133 ], [ 99.668002765000097, 9.663142737000101 ] ] ], [ [ [ 99.677145621000193, 9.662704701000109 ], [ 99.674730932000159, 9.662709446000065 ], [ 99.676894164000089, 9.665365824000105 ], [ 99.677145621000193, 9.662704701000109 ] ] ], [ [ [ 99.67945614600012, 9.665239366000094 ], [ 99.681543385999987, 9.651345097000046 ], [ 99.679607455000166, 9.651514137 ], [ 99.67945614600012, 9.665239366000094 ] ] ], [ [ [ 99.6692624490002, 9.667150315000015 ], [ 99.662728152, 9.665695404000189 ], [ 99.663425929000141, 9.670178400000054 ], [ 99.6692624490002, 9.667150315000015 ] ] ], [ [ [ 99.678568468000037, 9.671208856000021 ], [ 99.67658532500019, 9.670712132000119 ], [ 99.677177695000182, 9.672576420000041 ], [ 99.678568468000037, 9.671208856000021 ] ] ], [ [ [ 99.681476626000176, 9.67170969600005 ], [ 99.679439052000134, 9.671028337000109 ], [ 99.680303959000014, 9.67400063000008 ], [ 99.681476626000176, 9.67170969600005 ] ] ], [ [ [ 99.667638038000177, 9.67462153300005 ], [ 99.669736995000051, 9.672596812000108 ], [ 99.668743481000092, 9.67215197500019 ], [ 99.667638038000177, 9.67462153300005 ] ] ], [ [ [ 99.676269306000052, 9.676713587000108 ], [ 99.678057263000142, 9.67450675900011 ], [ 99.675614840000094, 9.675593464000087 ], [ 99.676269306000052, 9.676713587000108 ] ] ], [ [ [ 99.65979121100014, 9.677625476000173 ], [ 99.65894793300015, 9.677302350000048 ], [ 99.659024699000099, 9.677842632000022 ], [ 99.65979121100014, 9.677625476000173 ] ] ], [ [ [ 99.664133717000084, 9.676587771000186 ], [ 99.662826019000022, 9.676634704999969 ], [ 99.664146545000051, 9.678278609000131 ], [ 99.664133717000084, 9.676587771000186 ] ] ], [ [ [ 99.67720950000006, 9.681722223000122 ], [ 99.676346241000147, 9.680265751000036 ], [ 99.675758077000125, 9.680775113999971 ], [ 99.67720950000006, 9.681722223000122 ] ] ], [ [ [ 99.667422612000109, 9.682445247999965 ], [ 99.665723583000158, 9.681362297000021 ], [ 99.666099716000076, 9.682842817000108 ], [ 99.667422612000109, 9.682445247999965 ] ] ], [ [ [ 99.683081836000099, 9.684230540000101 ], [ 99.687474477000194, 9.680323417000182 ], [ 99.679366918000028, 9.677632920000065 ], [ 99.683081836000099, 9.684230540000101 ] ] ], [ [ [ 99.677663918000178, 9.686698918000047 ], [ 99.67755011800017, 9.686200549000091 ], [ 99.677400167000144, 9.686699439000165 ], [ 99.677663918000178, 9.686698918000047 ] ] ], [ [ [ 99.67344978, 9.687298666000117 ], [ 99.676003797000021, 9.686962815000129 ], [ 99.675957147000076, 9.686086439000064 ], [ 99.67344978, 9.687298666000117 ] ] ], [ [ [ 99.661355012000115, 9.696395125000038 ], [ 99.662987340000143, 9.697234540000125 ], [ 99.663121787000193, 9.696691993000059 ], [ 99.661355012000115, 9.696395125000038 ] ] ], [ [ [ 99.680655724000076, 9.699474130000112 ], [ 99.678997314000185, 9.698667947000104 ], [ 99.680121195000197, 9.700267690999965 ], [ 99.680655724000076, 9.699474130000112 ] ] ], [ [ [ 99.663742564000131, 9.703706005000072 ], [ 99.663915569000153, 9.701544225000077 ], [ 99.662037111000132, 9.702943437000044 ], [ 99.663742564000131, 9.703706005000072 ] ] ], [ [ [ 99.673684293000179, 9.692238706000126 ], [ 99.677439916000139, 9.696715157000028 ], [ 99.680020260000106, 9.695967377000159 ], [ 99.673684293000179, 9.692238706000126 ] ] ], [ [ [ 99.944214688000159, 9.706443298000181 ], [ 99.947004929000173, 9.702205420000155 ], [ 99.943127693000179, 9.705216240000084 ], [ 99.944214688000159, 9.706443298000181 ] ] ], [ [ [ 99.673956831000169, 9.707664513000054 ], [ 99.675225580000074, 9.705294332000108 ], [ 99.674482802000057, 9.705145711000171 ], [ 99.673956831000169, 9.707664513000054 ] ] ], [ [ [ 99.676779690000046, 9.708165241000074 ], [ 99.675469180000107, 9.707123910000178 ], [ 99.675276521000114, 9.707401415000106 ], [ 99.676779690000046, 9.708165241000074 ] ] ], [ [ [ 99.674858455000162, 9.708204390000049 ], [ 99.674083524000082, 9.708344355000179 ], [ 99.674765990000196, 9.708482993000075 ], [ 99.674858455000162, 9.708204390000049 ] ] ], [ [ [ 99.676661319000118, 9.710247398000149 ], [ 99.675663501000145, 9.708454094999979 ], [ 99.676054555000178, 9.710824053000181 ], [ 99.676661319000118, 9.710247398000149 ] ] ], [ [ [ 99.971546948000139, 9.710027545000173 ], [ 99.975151989000096, 9.707645187000026 ], [ 99.972630182000103, 9.705198816000063 ], [ 99.971546948000139, 9.710027545000173 ] ] ], [ [ [ 100.075818725000147, 9.765403477000064 ], [ 100.073640116000092, 9.764981108000029 ], [ 100.075533018000044, 9.767211705000079 ], [ 100.075818725000147, 9.765403477000064 ] ] ], [ [ [ 99.668608845000165, 9.766909678000047 ], [ 99.667877998000165, 9.766759628000102 ], [ 99.667993453, 9.767782512000167 ], [ 99.668608845000165, 9.766909678000047 ] ] ], [ [ [ 99.669108252000171, 9.769875175000038 ], [ 99.666556430000071, 9.769562525000083 ], [ 99.667228111000099, 9.77092009200004 ], [ 99.669108252000171, 9.769875175000038 ] ] ], [ [ [ 99.670821549000095, 9.772314883000092 ], [ 99.671924881000052, 9.770371587000056 ], [ 99.670069297000168, 9.769726331000129 ], [ 99.670821549000095, 9.772314883000092 ] ] ], [ [ [ 99.671526724000046, 9.776994961000071 ], [ 99.673349422000058, 9.775156536000111 ], [ 99.670948607000128, 9.774856023000041 ], [ 99.671526724000046, 9.776994961000071 ] ] ], [ [ [ 99.671786529000144, 9.790024841000104 ], [ 99.673649862000048, 9.779734531000088 ], [ 99.671109509000075, 9.778939164000064 ], [ 99.671786529000144, 9.790024841000104 ] ] ], [ [ [ 99.713210136000157, 9.796559042000126 ], [ 99.714224678999983, 9.795655337000028 ], [ 99.712945436000098, 9.796181521000051 ], [ 99.713210136000157, 9.796559042000126 ] ] ], [ [ [ 99.713260178000041, 9.801483549000181 ], [ 99.712707695000063, 9.798617105000119 ], [ 99.712463357000104, 9.801462644000139 ], [ 99.713260178000041, 9.801483549000181 ] ] ], [ [ [ 99.979344972000035, 9.802836338000077 ], [ 99.980167768000058, 9.799112764000029 ], [ 99.977693806000161, 9.799685253000064 ], [ 99.979344972000035, 9.802836338000077 ] ] ], [ [ [ 100.027067629000044, 9.803976489000036 ], [ 100.072762537000074, 9.766327384000022 ], [ 100.075674759000151, 9.665773678000107 ], [ 99.985734547000163, 9.708563223000169 ], [ 99.960880059000147, 9.756758716000036 ], [ 99.971082181000156, 9.791936167000131 ], [ 99.991190737000011, 9.803264898 ], [ 100.005510144000084, 9.787038352000025 ], [ 100.027067629000044, 9.803976489000036 ] ] ], [ [ [ 99.813547134000089, 10.114389420000123 ], [ 99.815580367000052, 10.115171433000114 ], [ 99.815027237000095, 10.113981246000151 ], [ 99.813547134000089, 10.114389420000123 ] ] ], [ [ [ 99.815015793000043, 10.118219376000127 ], [ 99.816465378000146, 10.117288590000044 ], [ 99.814458846000036, 10.11739540200017 ], [ 99.815015793000043, 10.118219376000127 ] ] ], [ [ [ 99.812269210000068, 10.12551307800004 ], [ 99.815748214000166, 10.120794296000042 ], [ 99.812650681000093, 10.118066787000032 ], [ 99.812269210000068, 10.12551307800004 ] ] ], [ [ [ 99.827978183000141, 10.124511470000073 ], [ 99.844596293000052, 10.123006262000104 ], [ 99.856081466000091, 10.089659007000023 ], [ 99.828334249000136, 10.058865978000142 ], [ 99.815074561000131, 10.069139692000022 ], [ 99.827978183000141, 10.124511470000073 ] ] ] ] } },
{ "type": "Feature", "properties": { "adm1_name": "Ranong", "adm1_name1": "ระนอง", "adm1_pcode": "TH85" }, "geometry": { "type": "MultiPolygon", "coordinates": [ [ [ [ 98.880201626000087, 10.788338732999989 ], [ 98.9143446490001, 10.747740672000077 ], [ 98.893961195000031, 10.68180679500017 ], [ 98.907649996000089, 10.6924934970001 ], [ 98.908326100000124, 10.677475023000056 ], [ 98.925011156000039, 10.67806395100007 ], [ 98.927634757000135, 10.649039959000106 ], [ 98.950882269000033, 10.637302789999978 ], [ 98.94518223700004, 10.611822579000034 ], [ 98.964926447000153, 10.604933613000071 ], [ 98.9410923800001, 10.569911624000042 ], [ 98.962601089000088, 10.539589496000076 ], [ 98.894832929000188, 10.483484427000178 ], [ 98.883999601000198, 10.457428955000125 ], [ 98.901471953000112, 10.397998771000175 ], [ 98.92875643900004, 10.394971428000019 ], [ 98.943422942000041, 10.351878396000188 ], [ 98.900712819000148, 10.289380818000097 ], [ 98.909206009000172, 10.266931665000072 ], [ 98.87088530900013, 10.186628696000184 ], [ 98.889007053000114, 10.160888137000143 ], [ 98.869561727000189, 10.153864379000026 ], [ 98.862800671000173, 10.093453371000123 ], [ 98.8354089340001, 10.066109102000098 ], [ 98.892944172000171, 10.064695664 ], [ 98.906294242, 10.033091030000037 ], [ 98.828225837000048, 9.977593220000188 ], [ 98.813961418000133, 9.936149418000184 ], [ 98.780628403000037, 9.950373065000122 ], [ 98.75586608600014, 9.933683792000068 ], [ 98.69282745300012, 9.833400572000187 ], [ 98.633043524000072, 9.788482217000023 ], [ 98.639376568000046, 9.713562482000157 ], [ 98.659637343000043, 9.684021327000096 ], [ 98.647820366000076, 9.66217840600018 ], [ 98.721132471000146, 9.628810268000052 ], [ 98.768533388000151, 9.544968205999965 ], [ 98.69464698500019, 9.470038572000135 ], [ 98.666985294000199, 9.465247975000125 ], [ 98.681300638000039, 9.435297777000073 ], [ 98.647411239000064, 9.424989100000062 ], [ 98.648421097000153, 9.387842441000032 ], [ 98.67458468500007, 9.387653339000053 ], [ 98.668226808999975, 9.35769460500012 ], [ 98.61102740400014, 9.342300757000089 ], [ 98.587602076999985, 9.367860818000111 ], [ 98.547725029000162, 9.361170028 ], [ 98.506060094000077, 9.308902024000076 ], [ 98.480327920000093, 9.303796465000119 ], [ 98.471320195000089, 9.321685582000157 ], [ 98.456154512000182, 9.315963703000023 ], [ 98.407340217000069, 9.348484822000103 ], [ 98.390467931999979, 9.332189766000113 ], [ 98.396544846000097, 9.400529989000177 ], [ 98.416626605000147, 9.407182490000025 ], [ 98.428893501000118, 9.438663320999979 ], [ 98.455781227000102, 9.563342540000065 ], [ 98.470111710000197, 9.564781703000051 ], [ 98.468514417000108, 9.543313040000157 ], [ 98.533430296000176, 9.568632903000037 ], [ 98.508197702000189, 9.595500027000071 ], [ 98.491825286000164, 9.591713249000122 ], [ 98.471589760000086, 9.598810620000165 ], [ 98.467627620000201, 9.596967034000045 ], [ 98.462929754000129, 9.624998777000087 ], [ 98.478922071000056, 9.634743983000135 ], [ 98.497319455000081, 9.61795467100012 ], [ 98.503195307000055, 9.625118655000051 ], [ 98.499608112000033, 9.63351862899998 ], [ 98.510974880000106, 9.654044781000152 ], [ 98.498231150000152, 9.652277653000112 ], [ 98.484630843000048, 9.686169003000145 ], [ 98.525728627000035, 9.679556999 ], [ 98.557883464000156, 9.728962411000111 ], [ 98.551832791000038, 9.749688032000108 ], [ 98.500353528000062, 9.739211289000025 ], [ 98.512631492000196, 9.753720471000065 ], [ 98.506536084000174, 9.78270135300005 ], [ 98.53810033600007, 9.804081813000039 ], [ 98.515794925000193, 9.853278359000058 ], [ 98.578667661000111, 9.907926881000151 ], [ 98.558648701000152, 9.895806825000079 ], [ 98.561028070000134, 9.919943978000106 ], [ 98.587599463000117, 9.93086195 ], [ 98.567040800000086, 9.956372112000054 ], [ 98.576636831000087, 9.982217525000067 ], [ 98.619478529000105, 10.056161652000185 ], [ 98.653374234000069, 10.164922317000162 ], [ 98.698631184000078, 10.210390344000132 ], [ 98.755247173000157, 10.392585100000133 ], [ 98.809142920000056, 10.470016235000116 ], [ 98.799625502000026, 10.482547916000044 ], [ 98.821620465000137, 10.529173614000172 ], [ 98.798533546000101, 10.559011256000133 ], [ 98.810696470000153, 10.592241398000169 ], [ 98.801606021000055, 10.586349152000082 ], [ 98.800143161000165, 10.604367118000027 ], [ 98.781030909000094, 10.601361207000082 ], [ 98.770967100000121, 10.620595483999978 ], [ 98.779861837, 10.678890976000048 ], [ 98.880201626000087, 10.788338732999989 ] ] ], [ [ [ 98.348481850000098, 9.439991466000038 ], [ 98.35446857400018, 9.436546006000071 ], [ 98.34861985800012, 9.434166545000096 ], [ 98.348481850000098, 9.439991466000038 ] ] ], [ [ [ 98.326025007000169, 9.457368850000023 ], [ 98.328691484000046, 9.454740523000112 ], [ 98.32659721300007, 9.453279496000107 ], [ 98.326025007000169, 9.457368850000023 ] ] ], [ [ [ 98.384711320000122, 9.483996544000036 ], [ 98.370921174000046, 9.478081365000094 ], [ 98.368824150000137, 9.495489256000042 ], [ 98.384711320000122, 9.483996544000036 ] ] ], [ [ [ 98.369562150000093, 9.501348496000048 ], [ 98.366891858000088, 9.500654219000069 ], [ 98.369340894000061, 9.504060746000107 ], [ 98.369562150000093, 9.501348496000048 ] ] ], [ [ [ 98.331135650000135, 9.4675920090001 ], [ 98.336891778000165, 9.490840549999973 ], [ 98.353930496000089, 9.508365137000055 ], [ 98.351600207000104, 9.488977005000095 ], [ 98.331135650000135, 9.4675920090001 ] ] ], [ [ [ 98.360673194000185, 9.512623359000088 ], [ 98.35452315200007, 9.516382105000048 ], [ 98.358290971000145, 9.518148410000094 ], [ 98.360673194000185, 9.512623359000088 ] ] ], [ [ [ 98.38105974900003, 9.568291922000128 ], [ 98.38403422100015, 9.564566039000169 ], [ 98.38162783000007, 9.564136293000104 ], [ 98.38105974900003, 9.568291922000128 ] ] ], [ [ [ 98.511762804999989, 9.572564468000166 ], [ 98.521581351000066, 9.57613150800006 ], [ 98.526477831000193, 9.574164148000023 ], [ 98.511762804999989, 9.572564468000166 ] ] ], [ [ [ 98.471867982, 9.5772411210001 ], [ 98.488999830000182, 9.578172900000027 ], [ 98.487031873000149, 9.573186836000161 ], [ 98.471867982, 9.5772411210001 ] ] ], [ [ [ 98.514781114000073, 9.585731385000088 ], [ 98.520887580000135, 9.581228152000051 ], [ 98.511129759000198, 9.585068230000161 ], [ 98.514781114000073, 9.585731385000088 ] ] ], [ [ [ 98.474486965000096, 9.585188007000056 ], [ 98.460900255000183, 9.579187368000134 ], [ 98.467497750000064, 9.592614270000126 ], [ 98.474486965000096, 9.585188007000056 ] ] ], [ [ [ 98.470377485000085, 9.596011687000157 ], [ 98.468298227000162, 9.594790281000144 ], [ 98.469073685000183, 9.597086136000144 ], [ 98.470377485000085, 9.596011687000157 ] ] ], [ [ [ 98.499125479000156, 9.622179070000129 ], [ 98.497750169000199, 9.623840172000087 ], [ 98.498924820000127, 9.624811039 ], [ 98.499125479000156, 9.622179070000129 ] ] ], [ [ [ 98.497112214000083, 9.702648820999968 ], [ 98.5148750030001, 9.703318289000151 ], [ 98.5081612030001, 9.693654127000059 ], [ 98.497112214000083, 9.702648820999968 ] ] ], [ [ [ 98.41956669700005, 9.716551867000135 ], [ 98.426132691000134, 9.716077401000121 ], [ 98.42423482800001, 9.712853075000169 ], [ 98.41956669700005, 9.716551867000135 ] ] ], [ [ [ 98.500515022000116, 9.73411958600019 ], [ 98.500581128000078, 9.730448730000035 ], [ 98.498693801000115, 9.730963496000186 ], [ 98.500515022000116, 9.73411958600019 ] ] ], [ [ [ 98.505615707000175, 9.734374723000087 ], [ 98.506847678000042, 9.732647434000057 ], [ 98.505215330000169, 9.731373365000081 ], [ 98.505615707000175, 9.734374723000087 ] ] ], [ [ [ 98.483197768000082, 9.735816330000091 ], [ 98.487448688000086, 9.7342385500001 ], [ 98.48540481200007, 9.731684812000026 ], [ 98.483197768000082, 9.735816330000091 ] ] ], [ [ [ 98.460379119000038, 9.767536950000078 ], [ 98.466628391000199, 9.769649679 ], [ 98.461340050000047, 9.764917906000107 ], [ 98.460379119000038, 9.767536950000078 ] ] ], [ [ [ 98.41504496500005, 9.770419850000053 ], [ 98.427479365000181, 9.734154207000131 ], [ 98.389929708000068, 9.703878670000051 ], [ 98.396453949000147, 9.715484950000075 ], [ 98.379567235000195, 9.732007465000152 ], [ 98.41504496500005, 9.770419850000053 ] ] ], [ [ [ 98.448851427000136, 9.782182049000085 ], [ 98.445144720000144, 9.782992774000093 ], [ 98.44972031400016, 9.786833682000122 ], [ 98.448851427000136, 9.782182049000085 ] ] ], [ [ [ 98.450698093000142, 9.874415873000146 ], [ 98.475431486000161, 9.867137418000027 ], [ 98.452049053000053, 9.789475385000117 ], [ 98.430919261000042, 9.829272408000179 ], [ 98.450698093000142, 9.874415873000146 ] ] ], [ [ [ 98.508981801000118, 9.904305058000034 ], [ 98.516880312000069, 9.901392986000133 ], [ 98.507850830000052, 9.899910195000132 ], [ 98.508981801000118, 9.904305058000034 ] ] ], [ [ [ 98.475069490000067, 9.911322359000053 ], [ 98.486670495000055, 9.899717403000182 ], [ 98.467600146000052, 9.891909349000173 ], [ 98.475069490000067, 9.911322359000053 ] ] ], [ [ [ 98.513405175000173, 9.920307559000094 ], [ 98.518283166000117, 9.91378011300003 ], [ 98.50790930300019, 9.906985221000014 ], [ 98.513405175000173, 9.920307559000094 ] ] ], [ [ [ 98.537166355000124, 9.921163154999988 ], [ 98.534055237000132, 9.91922215000011 ], [ 98.536150048000138, 9.922115869000152 ], [ 98.537166355000124, 9.921163154999988 ] ] ], [ [ [ 98.479768607000096, 9.932749285000114 ], [ 98.489776784000128, 9.931554458000107 ], [ 98.480847438000126, 9.92711822300015 ], [ 98.479768607000096, 9.932749285000114 ] ] ] ] } },
{ "type": "Feature", "properties": { "adm1_name": "Chumphon", "adm1_name1": "ชุมพร", "adm1_pcode": "TH86" }, "geometry": { "type": "MultiPolygon", "coordinates": [ [ [ [ 99.15203300100012, 11.033706725000059 ], [ 99.147544448000076, 11.016019884000059 ], [ 99.169488407000188, 11.00091602700013 ], [ 99.280869130000042, 10.958445691000122 ], [ 99.344629319000092, 10.975615767000022 ], [ 99.407327059000011, 10.954706189000149 ], [ 99.469402931000047, 10.993533437 ], [ 99.50256046200019, 10.991796294999972 ], [ 99.490444007000178, 10.941009592000114 ], [ 99.519364635000159, 10.895655079000107 ], [ 99.509629014000097, 10.872701665000022 ], [ 99.497291120000114, 10.861252671999978 ], [ 99.484559939000064, 10.888748559000135 ], [ 99.441302055000051, 10.871703987000103 ], [ 99.413013822000096, 10.762509003000162 ], [ 99.359140182000147, 10.690896868999971 ], [ 99.365453643000194, 10.671063436000054 ], [ 99.347845383000049, 10.683358457000111 ], [ 99.320510904000173, 10.67107252500017 ], [ 99.281423753000183, 10.601905081000154 ], [ 99.273705316000076, 10.542606195000189 ], [ 99.239022939000051, 10.536268394000103 ], [ 99.243467402000192, 10.507970290000117 ], [ 99.267479562000119, 10.515267939000069 ], [ 99.232334279000156, 10.496132789000058 ], [ 99.228608263000069, 10.471463304000054 ], [ 99.2839088300002, 10.411554873 ], [ 99.283641550000084, 10.362808771000118 ], [ 99.252715967000086, 10.362397594000129 ], [ 99.238817754000024, 10.343874978000031 ], [ 99.195027846000073, 10.373932710000133 ], [ 99.163361382000119, 10.36490430200007 ], [ 99.146144566000032, 10.349021269000161 ], [ 99.164662460000102, 10.278832530000045 ], [ 99.206181384000104, 10.270866323000064 ], [ 99.221075774000042, 10.226703300000054 ], [ 99.247257578000074, 10.23460774199998 ], [ 99.241810610000073, 10.226003122000179 ], [ 99.229301411000051, 10.219659863000174 ], [ 99.226553224000099, 10.21425360700016 ], [ 99.192475074000072, 10.212834599000132 ], [ 99.147388817000035, 10.120377864000034 ], [ 99.152327230000196, 10.069424709000089 ], [ 99.182523039000046, 10.036782934000144 ], [ 99.176356782000141, 10.007671118000133 ], [ 99.159588446000043, 10.010809086000108 ], [ 99.150422651999975, 9.985725963000107 ], [ 99.165521616000149, 9.859923082000137 ], [ 99.138456983000196, 9.809226539000065 ], [ 99.15653737700012, 9.696144225000012 ], [ 99.089049887000158, 9.706256120000148 ], [ 99.040803225000047, 9.683155255000031 ], [ 99.010353032000069, 9.699062661000085 ], [ 98.982414064000125, 9.671573389000059 ], [ 98.93930299900012, 9.68144078500012 ], [ 98.910912950000068, 9.722970273000101 ], [ 98.872489692000102, 9.731182713000123 ], [ 98.844437775000131, 9.703255263000074 ], [ 98.768576757000119, 9.686452238000072 ], [ 98.767598350000071, 9.627111527000125 ], [ 98.739636077000057, 9.600876690000064 ], [ 98.720981201000029, 9.6289245480001 ], [ 98.647820366000076, 9.66217840600018 ], [ 98.659526241000037, 9.684715 ], [ 98.627641561000132, 9.763795307 ], [ 98.633043524000072, 9.788482217000023 ], [ 98.71905034200006, 9.864558420000151 ], [ 98.720415262000188, 9.893442870000172 ], [ 98.75586608600014, 9.933683792000068 ], [ 98.780628403000037, 9.950373065000122 ], [ 98.813961418000133, 9.936149418000184 ], [ 98.828225837000048, 9.977593220000188 ], [ 98.906294242, 10.033091030000037 ], [ 98.892944172000171, 10.064695664 ], [ 98.8354089340001, 10.066109102000098 ], [ 98.862800671000173, 10.093453371000123 ], [ 98.869561727000189, 10.153864379000026 ], [ 98.889007053000114, 10.160888137000143 ], [ 98.87088530900013, 10.186628696000184 ], [ 98.909206009000172, 10.266931665000072 ], [ 98.900712819000148, 10.289380818000097 ], [ 98.943422942000041, 10.351878396000188 ], [ 98.92875643900004, 10.394971428000019 ], [ 98.901471953000112, 10.397998771000175 ], [ 98.883999601000198, 10.457428955000125 ], [ 98.894832929000188, 10.483484427000178 ], [ 98.962601089000088, 10.539589496000076 ], [ 98.9410923800001, 10.569911624000042 ], [ 98.964926447000153, 10.604933613000071 ], [ 98.94518223700004, 10.611822579000034 ], [ 98.950882269000033, 10.637302789999978 ], [ 98.927634757000135, 10.649039959000106 ], [ 98.925011156000039, 10.67806395100007 ], [ 98.908326100000124, 10.677475023000056 ], [ 98.907649996000089, 10.6924934970001 ], [ 98.893961195000031, 10.68180679500017 ], [ 98.9143446490001, 10.747740672000077 ], [ 98.897749183000087, 10.751941532000046 ], [ 98.885380621000081, 10.784155464000037 ], [ 98.923178279000183, 10.82710775400011 ], [ 98.958042005000038, 10.811931338000136 ], [ 99.011084555000082, 10.856514441000058 ], [ 98.997324073000186, 10.91027745100007 ], [ 99.023778080000113, 10.970574104999969 ], [ 99.056285313000103, 10.947309405999988 ], [ 99.079506096000159, 10.955114490000085 ], [ 99.104527145000191, 11.013932045999979 ], [ 99.15203300100012, 11.033706725000059 ] ] ], [ [ [ 99.191143540000041, 10.053509975000111 ], [ 99.183496997000191, 10.049609287000123 ], [ 99.187942495000129, 10.057955441000047 ], [ 99.191143540000041, 10.053509975000111 ] ] ], [ [ [ 99.18464042700009, 10.072251155000174 ], [ 99.185596964000126, 10.069695524000167 ], [ 99.183127497000157, 10.069866462000107 ], [ 99.18464042700009, 10.072251155000174 ] ] ], [ [ [ 99.216041553000139, 10.118453014000124 ], [ 99.215467631000081, 10.117574943000022 ], [ 99.215949228000056, 10.1186000350001 ], [ 99.216041553000139, 10.118453014000124 ] ] ], [ [ [ 99.165477083000098, 10.13103532700012 ], [ 99.164803612000071, 10.130557350000117 ], [ 99.164929341000061, 10.131220054000039 ], [ 99.165477083000098, 10.13103532700012 ] ] ], [ [ [ 99.16310018900009, 10.132240431000184 ], [ 99.16259420300014, 10.130852313999981 ], [ 99.162431057000163, 10.133391081000184 ], [ 99.16310018900009, 10.132240431000184 ] ] ], [ [ [ 99.177221529000178, 10.146310832999973 ], [ 99.179943058000049, 10.141703399000164 ], [ 99.176433852000116, 10.140416837000089 ], [ 99.177221529000178, 10.146310832999973 ] ] ], [ [ [ 99.204879248, 10.150556832 ], [ 99.203759928000125, 10.148879779000083 ], [ 99.202769106000062, 10.151017147000175 ], [ 99.204879248, 10.150556832 ] ] ], [ [ [ 99.218868385000121, 10.153461263000111 ], [ 99.217126451000013, 10.155497409000134 ], [ 99.218233170000019, 10.157364355000084 ], [ 99.218868385000121, 10.153461263000111 ] ] ], [ [ [ 99.176362018000191, 10.164832802000149 ], [ 99.176852207000195, 10.164145573000042 ], [ 99.176084950000188, 10.164712473 ], [ 99.176362018000191, 10.164832802000149 ] ] ], [ [ [ 99.220719395000117, 10.196893831000125 ], [ 99.221307373000116, 10.196391465000147 ], [ 99.220702449000157, 10.196283329000096 ], [ 99.220719395000117, 10.196893831000125 ] ] ], [ [ [ 99.249484293000194, 10.201631667000129 ], [ 99.248002972000108, 10.200965743999973 ], [ 99.24905044400009, 10.202145231000145 ], [ 99.249484293000194, 10.201631667000129 ] ] ], [ [ [ 99.250158334999981, 10.208252345000062 ], [ 99.248719583000138, 10.207019355 ], [ 99.248388363000117, 10.20903557000014 ], [ 99.250158334999981, 10.208252345000062 ] ] ], [ [ [ 99.233304864000047, 10.221284270000183 ], [ 99.233813656000052, 10.221017130000121 ], [ 99.233213280000143, 10.221061615000167 ], [ 99.233304864000047, 10.221284270000183 ] ] ], [ [ [ 99.250071474000038, 10.246420346000036 ], [ 99.248329242000125, 10.247032135000097 ], [ 99.24937981700009, 10.247923855000181 ], [ 99.250071474000038, 10.246420346000036 ] ] ], [ [ [ 99.224615740000047, 10.249548476000029 ], [ 99.222832658000129, 10.245972362999964 ], [ 99.222031753000181, 10.246170687000074 ], [ 99.224615740000047, 10.249548476000029 ] ] ], [ [ [ 99.22776095, 10.255932855000083 ], [ 99.225695695000127, 10.253210114000126 ], [ 99.227640074000135, 10.257220522000125 ], [ 99.22776095, 10.255932855000083 ] ] ], [ [ [ 99.260932265000065, 10.253607276000139 ], [ 99.253782123000178, 10.257370689000027 ], [ 99.260399735000078, 10.259231658999965 ], [ 99.260932265000065, 10.253607276000139 ] ] ], [ [ [ 99.232699931000184, 10.271183970000095 ], [ 99.23546843400004, 10.271077379000076 ], [ 99.233086877000062, 10.269411708 ], [ 99.232699931000184, 10.271183970000095 ] ] ], [ [ [ 99.24185814000009, 10.291151117000084 ], [ 99.241159830000186, 10.290878603000124 ], [ 99.241349974000116, 10.291459602000145 ], [ 99.24185814000009, 10.291151117000084 ] ] ], [ [ [ 99.244215883000038, 10.296646910000163 ], [ 99.248826843000131, 10.295598380000115 ], [ 99.248564989000158, 10.293934290000095 ], [ 99.244215883000038, 10.296646910000163 ] ] ], [ [ [ 99.299615241000083, 10.321140041000035 ], [ 99.301838959, 10.319638908000059 ], [ 99.300279338000053, 10.316781166000055 ], [ 99.299615241000083, 10.321140041000035 ] ] ], [ [ [ 99.283995486000094, 10.325417127000037 ], [ 99.279521561000195, 10.322565522000104 ], [ 99.283448266000107, 10.328742409000029 ], [ 99.283995486000094, 10.325417127000037 ] ] ], [ [ [ 99.295323331000077, 10.349109497000143 ], [ 99.293955433, 10.348624875000041 ], [ 99.295224109000173, 10.349821526000028 ], [ 99.295323331000077, 10.349109497000143 ] ] ], [ [ [ 99.165323286000103, 10.360335893000183 ], [ 99.162850924000168, 10.359338434000165 ], [ 99.164090956000109, 10.362329562000184 ], [ 99.165323286000103, 10.360335893000183 ] ] ], [ [ [ 99.311090168000135, 10.36402679300005 ], [ 99.307888713000182, 10.361594920000186 ], [ 99.310600969000063, 10.364924051 ], [ 99.311090168000135, 10.36402679300005 ] ] ], [ [ [ 99.319916024000122, 10.374984591000043 ], [ 99.323651760000132, 10.377029113000106 ], [ 99.321438650000175, 10.372999820000018 ], [ 99.319916024000122, 10.374984591000043 ] ] ], [ [ [ 99.328549096000188, 10.381216125000151 ], [ 99.32739637200018, 10.380915730000027 ], [ 99.32842725200004, 10.381527985000162 ], [ 99.328549096000188, 10.381216125000151 ] ] ], [ [ [ 99.293551506000085, 10.392879578000134 ], [ 99.293189859999984, 10.38819843400006 ], [ 99.292815016000077, 10.39190234400013 ], [ 99.293551506000085, 10.392879578000134 ] ] ], [ [ [ 99.356724978000159, 10.405834151000079 ], [ 99.351564435000114, 10.395750950000036 ], [ 99.341351266000174, 10.389837742 ], [ 99.339467352000099, 10.39052467 ], [ 99.356724978000159, 10.405834151000079 ] ] ], [ [ [ 99.317416859000048, 10.425407936000056 ], [ 99.312829927000109, 10.423826941000073 ], [ 99.317566200000044, 10.425912907000168 ], [ 99.317416859000048, 10.425407936000056 ] ] ], [ [ [ 99.254273874000091, 10.447423593000053 ], [ 99.253232132000051, 10.448998834000065 ], [ 99.254400488999977, 10.449853224000094 ], [ 99.254273874000091, 10.447423593000053 ] ] ], [ [ [ 99.298117312000045, 10.452718848000018 ], [ 99.297114112000145, 10.433675857000139 ], [ 99.287469070000043, 10.436416405000045 ], [ 99.298117312000045, 10.452718848000018 ] ] ], [ [ [ 99.359998692000147, 10.466880895000031 ], [ 99.35763592100011, 10.465796019000152 ], [ 99.358035637000171, 10.467740068000182 ], [ 99.359998692000147, 10.466880895000031 ] ] ], [ [ [ 99.369748414000185, 10.477337242000033 ], [ 99.369098112000188, 10.477486103 ], [ 99.369597142000089, 10.47788913200003 ], [ 99.369748414000185, 10.477337242000033 ] ] ], [ [ [ 99.418138979000048, 10.486604174000092 ], [ 99.417246535000118, 10.48593379600004 ], [ 99.41762606900005, 10.487439164000079 ], [ 99.418138979000048, 10.486604174000092 ] ] ], [ [ [ 99.422281489000113, 10.498014630000057 ], [ 99.419822756000201, 10.496421591000171 ], [ 99.421981330000051, 10.498646974000167 ], [ 99.422281489000113, 10.498014630000057 ] ] ], [ [ [ 99.425349126000185, 10.506346970000095 ], [ 99.423701465000192, 10.506046182999967 ], [ 99.424524863000102, 10.506701885000041 ], [ 99.425349126000185, 10.506346970000095 ] ] ], [ [ [ 99.379403858000046, 10.555923016000065 ], [ 99.375943771000038, 10.555057779000151 ], [ 99.381202446000032, 10.560756077000178 ], [ 99.379403858000046, 10.555923016000065 ] ] ], [ [ [ 99.411531052000157, 10.702033050000068 ], [ 99.408232235000128, 10.700586000000101 ], [ 99.41094671400009, 10.704160485000159 ], [ 99.411531052000157, 10.702033050000068 ] ] ], [ [ [ 99.530088591000151, 10.781905313999971 ], [ 99.529147199000079, 10.781351863000111 ], [ 99.529239350000125, 10.782071829000188 ], [ 99.530088591000151, 10.781905313999971 ] ] ], [ [ [ 99.53849660100002, 10.800095995000106 ], [ 99.537702717000059, 10.799241603000098 ], [ 99.537493449000181, 10.799889743000051 ], [ 99.53849660100002, 10.800095995000106 ] ] ], [ [ [ 99.492861626000092, 10.822078581000142 ], [ 99.490576653000119, 10.821936374000188 ], [ 99.4919431470002, 10.824379453000063 ], [ 99.492861626000092, 10.822078581000142 ] ] ], [ [ [ 99.497870580000097, 10.839042232000111 ], [ 99.496995882000022, 10.839300983000101 ], [ 99.497722477000195, 10.839915785000187 ], [ 99.497870580000097, 10.839042232000111 ] ] ], [ [ [ 99.486321384, 10.860354488000098 ], [ 99.489836020000041, 10.852071995000017 ], [ 99.470220366000092, 10.836353280000026 ], [ 99.486321384, 10.860354488000098 ] ] ], [ [ [ 99.486430415000086, 10.861805760000095 ], [ 99.486111338000057, 10.861267161000058 ], [ 99.486329112000135, 10.86183092400006 ], [ 99.486430415000086, 10.861805760000095 ] ] ], [ [ [ 99.489152145000048, 10.865498529000035 ], [ 99.488384322000172, 10.863475684999969 ], [ 99.488005239000188, 10.864059641000154 ], [ 99.489152145000048, 10.865498529000035 ] ] ] ] } },
{ "type": "Feature", "properties": { "adm1_name": "Songkhla", "adm1_name1": "สงขลา", "adm1_pcode": "TH90" }, "geometry": { "type": "MultiPolygon", "coordinates": [ [ [ [ 100.33182243400006, 7.936685494000187 ], [ 100.44685330700014, 7.472221587000035 ], [ 100.534811078000189, 7.27259157900005 ], [ 100.575115469000139, 7.233452515000124 ], [ 100.565578469000059, 7.228477713000075 ], [ 100.596787663000043, 7.215399878000085 ], [ 100.776428937000162, 6.975821057000076 ], [ 100.812899664000156, 6.953797170000087 ], [ 100.84986861800013, 6.961436649000063 ], [ 100.988030529000184, 6.861907392999967 ], [ 101.066098153000155, 6.857092431000012 ], [ 101.043547019000187, 6.847416943000098 ], [ 101.054372593000039, 6.801492333000056 ], [ 101.028569793000145, 6.779529857000114 ], [ 101.031845898000199, 6.742392943000084 ], [ 101.017390528000192, 6.725795821000133 ], [ 101.039290529000084, 6.706364504000078 ], [ 101.057394952000095, 6.712540378000028 ], [ 101.063690606000193, 6.684784464000131 ], [ 101.048870717000113, 6.663359934000084 ], [ 101.105155055000012, 6.629540527000074 ], [ 101.080737539000154, 6.55477111600004 ], [ 101.043141883000033, 6.541633609000087 ], [ 101.04437107800004, 6.486856708000118 ], [ 100.976929377000033, 6.48633123999997 ], [ 100.960359549000032, 6.450806565999983 ], [ 100.922174296000094, 6.426568783000164 ], [ 100.929952216000061, 6.321162110000046 ], [ 100.912248895000175, 6.303440317000025 ], [ 100.84463934300004, 6.294863497000051 ], [ 100.811804212000141, 6.442556928999977 ], [ 100.776174053000034, 6.463353802000086 ], [ 100.752447362000169, 6.458685548000176 ], [ 100.738419052000154, 6.51028980100017 ], [ 100.709457015000055, 6.470806031000166 ], [ 100.65230853200012, 6.442930258000047 ], [ 100.646242113000085, 6.458662435000122 ], [ 100.617624014, 6.460063100000127 ], [ 100.562479597, 6.496460751000086 ], [ 100.51845111900019, 6.489439346000097 ], [ 100.488752912000109, 6.526206207000143 ], [ 100.423238838000032, 6.517526108000027 ], [ 100.366095966000103, 6.540014470000131 ], [ 100.351538638000193, 6.572802209000088 ], [ 100.30509586300019, 6.60527406000017 ], [ 100.32600086400015, 6.62143112900003 ], [ 100.316140378000171, 6.636764371000027 ], [ 100.327510632000042, 6.663896176000037 ], [ 100.29474170400016, 6.679777728000147 ], [ 100.293296097000166, 6.707632567000132 ], [ 100.265203407000115, 6.69889266000007 ], [ 100.257049842000072, 6.711389714000063 ], [ 100.228256879000071, 6.69326183600009 ], [ 100.204833733000044, 6.722225011000091 ], [ 100.215838283000039, 6.758320871000137 ], [ 100.191237498000135, 6.809897044000138 ], [ 100.21858007100019, 6.879743320000046 ], [ 100.198599428000193, 6.907498664000059 ], [ 100.121745510000096, 6.923864598000023 ], [ 100.094818396, 6.965088048000098 ], [ 100.078618904000109, 6.964038082000116 ], [ 100.083010771000147, 6.998025916000131 ], [ 100.063206494000099, 7.018407991000117 ], [ 100.079035369, 7.041999482000165 ], [ 100.054556836000131, 7.095142928000087 ], [ 100.062499481000145, 7.137331062000044 ], [ 100.115211482000177, 7.166803088000165 ], [ 100.156230682, 7.148702920000176 ], [ 100.175210257000174, 7.17535978899997 ], [ 100.304609171000095, 7.208608298 ], [ 100.376688776000094, 7.312800705000029 ], [ 100.399136465000197, 7.263564531999975 ], [ 100.427789809000046, 7.283753955000066 ], [ 100.382583498000031, 7.424991975000069 ], [ 100.386468037000043, 7.511846887000047 ], [ 100.355681934000188, 7.527819914000133 ], [ 100.296013573000096, 7.495415506000029 ], [ 100.260637539000186, 7.496598071000108 ], [ 100.237176962000149, 7.538591283000073 ], [ 100.216816182000173, 7.728265876000137 ], [ 100.177495184000179, 7.876479127000039 ], [ 100.235500527000113, 7.883047180000176 ], [ 100.265980246000197, 7.914668398000117 ], [ 100.308211278000101, 7.913809424000078 ], [ 100.311917449000077, 7.936137620000125 ], [ 100.33182243400006, 7.936685494000187 ] ] ], [ [ [ 100.595926153000164, 7.239353000000108 ], [ 100.598179199000072, 7.237164047000078 ], [ 100.59815870400007, 7.23316551400012 ], [ 100.595926153000164, 7.239353000000108 ] ] ], [ [ [ 100.590812746000154, 7.254539867000176 ], [ 100.590208090000033, 7.254161975000159 ], [ 100.590302977000135, 7.254745556000046 ], [ 100.590812746000154, 7.254539867000176 ] ] ], [ [ [ 100.587442099000043, 7.262797244000126 ], [ 100.589927472000056, 7.262390171000106 ], [ 100.587446097, 7.262046950000013 ], [ 100.587442099000043, 7.262797244000126 ] ] ] ] } },
{ "type": "Feature", "properties": { "adm1_name": "Satun", "adm1_name1": "สตูล", "adm1_pcode": "TH91" }, "geometry": { "type": "MultiPolygon", "coordinates": [ [ [ [ 99.948562126000127, 7.203698755000119 ], [ 100.000312153000152, 7.112109063000105 ], [ 100.028228327000136, 7.090332414000159 ], [ 100.038254656000106, 7.108695436000176 ], [ 100.057219771000121, 7.107579658000077 ], [ 100.079141771000138, 7.041365361000032 ], [ 100.063206494000099, 7.018407991000117 ], [ 100.083010771000147, 6.998025916000131 ], [ 100.079030574000058, 6.96324983500017 ], [ 100.094818396, 6.965088048000098 ], [ 100.121745510000096, 6.923864598000023 ], [ 100.198599428000193, 6.907498664000059 ], [ 100.218754092000154, 6.879345743999977 ], [ 100.190977926000187, 6.803021556000033 ], [ 100.215649818000145, 6.755992870000114 ], [ 100.17112680800011, 6.693155821000119 ], [ 100.181146800000135, 6.656086068000093 ], [ 100.1658118470001, 6.631659694000177 ], [ 100.183150523000108, 6.573715315000129 ], [ 100.156435268000052, 6.579958477000162 ], [ 100.158470750999982, 6.47987402800004 ], [ 100.123428434000061, 6.422925833000022 ], [ 100.101817030000177, 6.495312531000138 ], [ 100.084270396000193, 6.496371568000086 ], [ 100.099526313000069, 6.523962538000035 ], [ 100.088370847000078, 6.551247385000067 ], [ 100.077657922000185, 6.557124094000073 ], [ 100.060274571000093, 6.516555141000083 ], [ 100.007328089000112, 6.560982928000101 ], [ 99.992103654000175, 6.60892549700003 ], [ 99.951087295000093, 6.58406131900017 ], [ 99.950026206000132, 6.617677274000016 ], [ 99.973443892000091, 6.630544867000026 ], [ 99.956225483000139, 6.662464276000094 ], [ 99.947087159000034, 6.664465177000181 ], [ 99.935748016000048, 6.657009520000088 ], [ 99.919975113000135, 6.676223332 ], [ 99.915210690000038, 6.723744023000052 ], [ 99.876619515000073, 6.721077300000104 ], [ 99.841935061000129, 6.779108496000106 ], [ 99.806809860000101, 6.774054389000185 ], [ 99.779488398000069, 6.838192063000122 ], [ 99.754302177000113, 6.832636384000068 ], [ 99.721470092000061, 6.862468781000075 ], [ 99.697162744000082, 6.855852844000026 ], [ 99.696833710000192, 6.870092088000149 ], [ 99.684884262000196, 6.896230937000041 ], [ 99.680708543000094, 6.899289371000179 ], [ 99.678075087000195, 6.899452055000097 ], [ 99.68154414900016, 6.945215480000059 ], [ 99.707702096000048, 6.955016390000083 ], [ 99.701471631000175, 6.969554400000163 ], [ 99.683090697000068, 6.96022189100006 ], [ 99.670044831000098, 7.042327650000118 ], [ 99.696974399, 7.076783709000097 ], [ 99.702518666000174, 7.066331029000139 ], [ 99.739335618000155, 7.131864303000043 ], [ 99.814741425000079, 7.131790654999975 ], [ 99.859861421000119, 7.172638875000075 ], [ 99.948562126000127, 7.203698755000119 ] ] ], [ [ [ 100.091033183000093, 6.429589436000072 ], [ 100.08805662300017, 6.426598614000056 ], [ 100.088532421000139, 6.435101827999972 ], [ 100.091033183000093, 6.429589436000072 ] ] ], [ [ [ 100.065422898000179, 6.451245574999973 ], [ 100.059992602000136, 6.446928996000167 ], [ 100.065028683000151, 6.452987500000177 ], [ 100.065422898000179, 6.451245574999973 ] ] ], [ [ [ 100.10076776700015, 6.45802095300013 ], [ 100.102416093000102, 6.452952922000122 ], [ 100.101298218000068, 6.452807082000163 ], [ 100.10076776700015, 6.45802095300013 ] ] ], [ [ [ 100.065452209000057, 6.459317938000083 ], [ 100.06997649900012, 6.471299431000148 ], [ 100.071863183000062, 6.471121379000181 ], [ 100.07367895800013, 6.465194394000093 ], [ 100.065452209000057, 6.459317938000083 ] ] ], [ [ [ 99.366774766000162, 6.485703967000063 ], [ 99.365557898000191, 6.485111742000186 ], [ 99.366169824000053, 6.486313886000175 ], [ 99.366774766000162, 6.485703967000063 ] ] ], [ [ [ 99.335459042000082, 6.488628837000135 ], [ 99.332521106000172, 6.487333258000092 ], [ 99.332044606000181, 6.488255703000164 ], [ 99.335459042000082, 6.488628837000135 ] ] ], [ [ [ 99.178476408000165, 6.493833886000118 ], [ 99.177607601000147, 6.494021365000094 ], [ 99.179093717000171, 6.495736115 ], [ 99.178476408000165, 6.493833886000118 ] ] ], [ [ [ 99.304801600000133, 6.49937632000001 ], [ 99.309054506000109, 6.479532805000133 ], [ 99.283151044000192, 6.482504879000032 ], [ 99.304801600000133, 6.49937632000001 ] ] ], [ [ [ 99.180110358000036, 6.499162212999977 ], [ 99.178649459000042, 6.498712676000025 ], [ 99.179393319000098, 6.499705296000059 ], [ 99.180110358000036, 6.499162212999977 ] ] ], [ [ [ 99.319764920000068, 6.499192986000139 ], [ 99.31748077300017, 6.499352712000018 ], [ 99.319653819, 6.500476450000122 ], [ 99.319764920000068, 6.499192986000139 ] ] ], [ [ [ 99.180446689000064, 6.500912122999978 ], [ 99.181481369000039, 6.501571002000048 ], [ 99.181940829000041, 6.501163736000137 ], [ 99.180446689000064, 6.500912122999978 ] ] ], [ [ [ 99.183025867000083, 6.50266273799997 ], [ 99.181773786000178, 6.502723692000075 ], [ 99.18335658, 6.503563304000068 ], [ 99.183025867000083, 6.50266273799997 ] ] ], [ [ [ 99.17678321700015, 6.505366953000021 ], [ 99.177613163000103, 6.503162050000071 ], [ 99.17666287000003, 6.502935789000105 ], [ 99.17678321700015, 6.505366953000021 ] ] ], [ [ [ 99.174184006000132, 6.507842086000096 ], [ 99.172230624000122, 6.506109301000151 ], [ 99.173436745, 6.508162341 ], [ 99.174184006000132, 6.507842086000096 ] ] ], [ [ [ 99.174338173000194, 6.512785287000042 ], [ 99.172890015000064, 6.513192838000123 ], [ 99.174144803000161, 6.513514272000066 ], [ 99.174338173000194, 6.512785287000042 ] ] ], [ [ [ 99.270585609000136, 6.513724842000101 ], [ 99.270108167000046, 6.514187553000113 ], [ 99.270851069000059, 6.514382795000074 ], [ 99.270585609000136, 6.513724842000101 ] ] ], [ [ [ 99.17532986000009, 6.515125860000182 ], [ 99.174104549000049, 6.514165677000051 ], [ 99.174157198000046, 6.515256877000127 ], [ 99.17532986000009, 6.515125860000182 ] ] ], [ [ [ 99.262680832000058, 6.515403661000164 ], [ 99.259039847000167, 6.513442549000104 ], [ 99.260759182000072, 6.515041128000121 ], [ 99.262680832000058, 6.515403661000164 ] ] ], [ [ [ 99.18732351500006, 6.520467921000147 ], [ 99.186336152000194, 6.519671545000165 ], [ 99.186966766000126, 6.520658907000154 ], [ 99.18732351500006, 6.520467921000147 ] ] ], [ [ [ 99.698917033000157, 6.522963169000036 ], [ 99.70178003000018, 6.518413788000089 ], [ 99.697635446000106, 6.520021720999978 ], [ 99.698917033000157, 6.522963169000036 ] ] ], [ [ [ 99.270084642000143, 6.524076696000066 ], [ 99.268882577000113, 6.524700941999981 ], [ 99.270505784000193, 6.525081156 ], [ 99.270084642000143, 6.524076696000066 ] ] ], [ [ [ 99.689237981000076, 6.524270559 ], [ 99.694174689000192, 6.51906654600009 ], [ 99.693500182000037, 6.517727610000179 ], [ 99.689237981000076, 6.524270559 ] ] ], [ [ [ 99.990670649000151, 6.539247204999981 ], [ 99.991690592999987, 6.538238833000037 ], [ 99.991232527000136, 6.538039090000154 ], [ 99.990670649000151, 6.539247204999981 ] ] ], [ [ [ 99.955317610000066, 6.539271451000047 ], [ 99.95475836300011, 6.539452827000162 ], [ 99.955266981000079, 6.539685337000037 ], [ 99.955317610000066, 6.539271451000047 ] ] ], [ [ [ 99.164416661000132, 6.541730732000076 ], [ 99.164210665000155, 6.54049095400012 ], [ 99.163478244000032, 6.540960165000172 ], [ 99.164416661000132, 6.541730732000076 ] ] ], [ [ [ 99.161233476000064, 6.538679688 ], [ 99.178087638000193, 6.523700541000096 ], [ 99.185008730000106, 6.52126384100012 ], [ 99.158436841000082, 6.522189554000022 ], [ 99.161233476000064, 6.538679688 ] ] ], [ [ [ 99.256919108000091, 6.544607537000161 ], [ 99.261776342000189, 6.54043118900006 ], [ 99.254929238000159, 6.542746535000163 ], [ 99.256919108000091, 6.544607537000161 ] ] ], [ [ [ 99.704314796000119, 6.548422844000072 ], [ 99.706004591000067, 6.546492065000109 ], [ 99.704397749000123, 6.546708581000075 ], [ 99.704314796000119, 6.548422844000072 ] ] ], [ [ [ 99.956197679000184, 6.550243013000113 ], [ 99.95356535600007, 6.55001002400013 ], [ 99.954593375000115, 6.551106475000154 ], [ 99.956197679000184, 6.550243013000113 ] ] ], [ [ [ 99.957127615, 6.550274029000036 ], [ 99.958921136000185, 6.551139505000037 ], [ 99.957536462000178, 6.548592605000181 ], [ 99.957127615, 6.550274029000036 ] ] ], [ [ [ 99.350887259000046, 6.551101783000149 ], [ 99.350297866000062, 6.550668526999971 ], [ 99.350073142000099, 6.551869559000068 ], [ 99.350887259000046, 6.551101783000149 ] ] ], [ [ [ 99.345945357000062, 6.554075241000135 ], [ 99.345018385000117, 6.553838732000031 ], [ 99.34524345300008, 6.554414748000056 ], [ 99.345945357000062, 6.554075241000135 ] ] ], [ [ [ 99.979885090000096, 6.559971862000111 ], [ 99.983970780000107, 6.561150524000141 ], [ 99.980423331000168, 6.556688372000053 ], [ 99.979885090000096, 6.559971862000111 ] ] ], [ [ [ 99.35128979600006, 6.561629953000079 ], [ 99.346183111000187, 6.556814775000134 ], [ 99.342199765000146, 6.571779683000045 ], [ 99.35128979600006, 6.561629953000079 ] ] ], [ [ [ 99.469748431000198, 6.570586245000072 ], [ 99.467702608000138, 6.570149985 ], [ 99.469115495000096, 6.572052285000041 ], [ 99.469748431000198, 6.570586245000072 ] ] ], [ [ [ 99.275551971000198, 6.576336407000099 ], [ 99.325619916999983, 6.55179688700008 ], [ 99.312709199000096, 6.508980919000066 ], [ 99.284067551000078, 6.50837658800009 ], [ 99.275551971000198, 6.576336407000099 ] ] ], [ [ [ 99.450037643000201, 6.575037414 ], [ 99.453249010000093, 6.565832550000096 ], [ 99.443559783000183, 6.555852803000107 ], [ 99.450037643000201, 6.575037414 ] ] ], [ [ [ 99.29101781900016, 6.577712765000115 ], [ 99.291772699000092, 6.578129936000096 ], [ 99.291898513000035, 6.577481003000116 ], [ 99.29101781900016, 6.577712765000115 ] ] ], [ [ [ 99.249699172000135, 6.581762883000067 ], [ 99.257909454000185, 6.556742778000114 ], [ 99.221269486000097, 6.539083929000185 ], [ 99.164592038000137, 6.547607873000061 ], [ 99.182593371000053, 6.547565154000154 ], [ 99.193471921000025, 6.577287672000068 ], [ 99.249699172000135, 6.581762883000067 ] ] ], [ [ [ 99.718855616000099, 6.582878607000168 ], [ 99.717989664000015, 6.582195235000086 ], [ 99.718098793000081, 6.583009147000155 ], [ 99.718855616000099, 6.582878607000168 ] ] ], [ [ [ 99.974482555000122, 6.583619801000054 ], [ 99.972925991000125, 6.583616992999964 ], [ 99.974688836000041, 6.584571451000102 ], [ 99.974482555000122, 6.583619801000054 ] ] ], [ [ [ 99.975939129000039, 6.585740045000136 ], [ 99.974698679000085, 6.585413588000051 ], [ 99.975484001000041, 6.586278627000127 ], [ 99.975939129000039, 6.585740045000136 ] ] ], [ [ [ 99.455919551000136, 6.587422746000186 ], [ 99.454016250000166, 6.579648950000035 ], [ 99.450693130000161, 6.585994279000033 ], [ 99.455919551000136, 6.587422746000186 ] ] ], [ [ [ 99.987572666000062, 6.593861770000046 ], [ 99.986924941000041, 6.592770324000128 ], [ 99.986768, 6.594584677000057 ], [ 99.987572666000062, 6.593861770000046 ] ] ], [ [ [ 99.699070867000103, 6.61057865000015 ], [ 99.701055209000174, 6.612093259000119 ], [ 99.701639243000159, 6.60647684300011 ], [ 99.699070867000103, 6.61057865000015 ] ] ], [ [ [ 99.690361794000069, 6.618631727000036 ], [ 99.687592669000196, 6.618292402000122 ], [ 99.688823298000159, 6.622245292000173 ], [ 99.690361794000069, 6.618631727000036 ] ] ], [ [ [ 99.692650218000097, 6.641154182000093 ], [ 99.691238596000176, 6.641289009000104 ], [ 99.693977939000092, 6.644085353000037 ], [ 99.692650218000097, 6.641154182000093 ] ] ], [ [ [ 99.831714675000057, 6.65378367 ], [ 99.833986997000125, 6.651532178000082 ], [ 99.833120013000155, 6.650192818000107 ], [ 99.831714675000057, 6.65378367 ] ] ], [ [ [ 99.692773005000049, 6.652139216000023 ], [ 99.690963702000147, 6.652953594000053 ], [ 99.691663790000177, 6.654648676000022 ], [ 99.692773005000049, 6.652139216000023 ] ] ], [ [ [ 99.876850235000177, 6.655813004000038 ], [ 99.875876717000097, 6.654578369000149 ], [ 99.875775990000193, 6.656116778000126 ], [ 99.876850235000177, 6.655813004000038 ] ] ], [ [ [ 99.951375113000097, 6.652735559000064 ], [ 99.950800502000106, 6.655428454000059 ], [ 99.952540708000186, 6.65736699200005 ], [ 99.951375113000097, 6.652735559000064 ] ] ], [ [ [ 99.691176607000102, 6.657636626000112 ], [ 99.690791417000185, 6.65670886700002 ], [ 99.690638860000092, 6.658007107000117 ], [ 99.691176607000102, 6.657636626000112 ] ] ], [ [ [ 99.950714800000071, 6.661998889000188 ], [ 99.949105073000055, 6.661505655000042 ], [ 99.950546299000109, 6.663292041999966 ], [ 99.950714800000071, 6.661998889000188 ] ] ], [ [ [ 99.850379136000072, 6.668190411000182 ], [ 99.849468757000182, 6.667972671000086 ], [ 99.849092734000067, 6.668278274000102 ], [ 99.850379136000072, 6.668190411000182 ] ] ], [ [ [ 99.689943842000162, 6.662386101999971 ], [ 99.691396830000087, 6.665098313000158 ], [ 99.691147169000146, 6.662045780000085 ], [ 99.689943842000162, 6.662386101999971 ] ] ], [ [ [ 99.847039653000081, 6.666388554000036 ], [ 99.865731395000182, 6.666996964000134 ], [ 99.844294850000097, 6.651404397000078 ], [ 99.847039653000081, 6.666388554000036 ] ] ], [ [ [ 99.844689475000166, 6.67219671200013 ], [ 99.842912453, 6.67148849400013 ], [ 99.843657752000126, 6.672835976000044 ], [ 99.844689475000166, 6.67219671200013 ] ] ], [ [ [ 99.834079109000129, 6.675419234000117 ], [ 99.832520348, 6.674100045000102 ], [ 99.833102622000069, 6.676208991000181 ], [ 99.834079109000129, 6.675419234000117 ] ] ], [ [ [ 99.904819359000101, 6.686445433000188 ], [ 99.90872188700007, 6.687058013000069 ], [ 99.90619631800007, 6.684600019000072 ], [ 99.904819359000101, 6.686445433000188 ] ] ], [ [ [ 99.86406443400017, 6.690988269000172 ], [ 99.866123553000079, 6.68058713400012 ], [ 99.862582259000192, 6.675798158000021 ], [ 99.86406443400017, 6.690988269000172 ] ] ], [ [ [ 99.857555080000168, 6.696064104000129 ], [ 99.860486723000179, 6.691541294 ], [ 99.857751804000088, 6.691510654000126 ], [ 99.857555080000168, 6.696064104000129 ] ] ], [ [ [ 99.838635259000171, 6.699785810000037 ], [ 99.842616699000075, 6.696829946999969 ], [ 99.837889214000143, 6.696404355000141 ], [ 99.838635259000171, 6.699785810000037 ] ] ], [ [ [ 99.871754570000178, 6.704379079000034 ], [ 99.870719254000107, 6.703475737000076 ], [ 99.871412145000136, 6.70525158800001 ], [ 99.871754570000178, 6.704379079000034 ] ] ], [ [ [ 99.799351289000185, 6.705883448000066 ], [ 99.79892076100009, 6.705412801000136 ], [ 99.798634869000011, 6.705920248000098 ], [ 99.799351289000185, 6.705883448000066 ] ] ], [ [ [ 99.887102695000067, 6.709032299000114 ], [ 99.879640768000058, 6.700704771000119 ], [ 99.873808662000101, 6.701803436000034 ], [ 99.87540255, 6.706060655000101 ], [ 99.887102695000067, 6.709032299000114 ] ] ], [ [ [ 99.795314814000051, 6.710310452000101 ], [ 99.79417960700016, 6.710479643000156 ], [ 99.795265842000106, 6.71114499100014 ], [ 99.795314814000051, 6.710310452000101 ] ] ], [ [ [ 99.669765403000099, 6.711067673000116 ], [ 99.672500430000184, 6.707594407000158 ], [ 99.67123993600012, 6.706327484000042 ], [ 99.669765403000099, 6.711067673000116 ] ] ], [ [ [ 99.91266041300014, 6.712569038000083 ], [ 99.915175613000088, 6.696044222000069 ], [ 99.909543365000161, 6.688536512999974 ], [ 99.904522041000178, 6.705778785000064 ], [ 99.91266041300014, 6.712569038000083 ] ] ], [ [ [ 99.892834400000083, 6.71614725400002 ], [ 99.884983916000181, 6.714809971000136 ], [ 99.8829588870002, 6.716373138000051 ], [ 99.892834400000083, 6.71614725400002 ] ] ], [ [ [ 99.88712177900004, 6.7130454280001 ], [ 99.873616403000085, 6.711582110000165 ], [ 99.8729014970001, 6.717532620999975 ], [ 99.88712177900004, 6.7130454280001 ] ] ], [ [ [ 99.81749183900007, 6.720449776000066 ], [ 99.825356961000182, 6.719014321000031 ], [ 99.805993426000043, 6.715643846000148 ], [ 99.81749183900007, 6.720449776000066 ] ] ], [ [ [ 99.842201378000084, 6.707543694000151 ], [ 99.861334905000035, 6.728568014000132 ], [ 99.864049719000093, 6.705044006999969 ], [ 99.842201378000084, 6.707543694000151 ] ] ], [ [ [ 99.6628386860001, 6.727325725000071 ], [ 99.658968864000201, 6.729382043000044 ], [ 99.657639286000119, 6.73353627400013 ], [ 99.6628386860001, 6.727325725000071 ] ] ], [ [ [ 99.703850682000109, 6.735085436000077 ], [ 99.708155421000185, 6.733570314000133 ], [ 99.705402005999986, 6.730475109000054 ], [ 99.703850682000109, 6.735085436000077 ] ] ], [ [ [ 99.648891113000104, 6.737223870000093 ], [ 99.684153554000147, 6.685013642000115 ], [ 99.677279802000044, 6.617223901000102 ], [ 99.692517041000144, 6.604834852000067 ], [ 99.698574853000082, 6.549305994000122 ], [ 99.693298034, 6.529381944000079 ], [ 99.666993173000037, 6.531432385000187 ], [ 99.6734678910002, 6.511919744000124 ], [ 99.658784459000117, 6.503552661000185 ], [ 99.595642629, 6.598117567000031 ], [ 99.61260921700017, 6.618310135000058 ], [ 99.614174774000105, 6.660721663000061 ], [ 99.639729005000163, 6.677732297000091 ], [ 99.648891113000104, 6.737223870000093 ] ] ], [ [ [ 99.760227336000185, 6.784787583000082 ], [ 99.767358135000165, 6.781634387000111 ], [ 99.761141346000102, 6.77899725400016 ], [ 99.760227336000185, 6.784787583000082 ] ] ], [ [ [ 99.760702582000079, 6.787684914000067 ], [ 99.760204034000196, 6.787127139000063 ], [ 99.760285895000152, 6.787777155000185 ], [ 99.760702582000079, 6.787684914000067 ] ] ], [ [ [ 99.777674174000083, 6.786448562000089 ], [ 99.769550702000117, 6.7805166280001 ], [ 99.768954971000142, 6.792901573000165 ], [ 99.777674174000083, 6.786448562000089 ] ] ], [ [ [ 99.525467533000096, 6.797227372000066 ], [ 99.52802929, 6.794228172000032 ], [ 99.525070534000179, 6.794653740000115 ], [ 99.525467533000096, 6.797227372000066 ] ] ], [ [ [ 99.506767243000183, 6.800177592000068 ], [ 99.505611921000195, 6.800926751000134 ], [ 99.506856538000193, 6.800637118000111 ], [ 99.506767243000183, 6.800177592000068 ] ] ], [ [ [ 99.673470498000142, 6.813223835000144 ], [ 99.672681020000198, 6.812897597000131 ], [ 99.672900936000076, 6.814434437000102 ], [ 99.673470498000142, 6.813223835000144 ] ] ], [ [ [ 99.666985495000119, 6.815034001000129 ], [ 99.666408607000164, 6.813418470000158 ], [ 99.66576443200006, 6.815502671000047 ], [ 99.666985495000119, 6.815034001000129 ] ] ], [ [ [ 99.677087213000164, 6.8229501080001 ], [ 99.683013350000124, 6.824130217000118 ], [ 99.678922196000201, 6.811257295000132 ], [ 99.677087213000164, 6.8229501080001 ] ] ], [ [ [ 99.590681955000093, 6.833457507000048 ], [ 99.586900538000123, 6.828247320000173 ], [ 99.585126704000061, 6.832433082000136 ], [ 99.590681955000093, 6.833457507000048 ] ] ], [ [ [ 99.527996549000079, 6.834113708000075 ], [ 99.537525955000035, 6.82446270100013 ], [ 99.524560306000069, 6.828444084000125 ], [ 99.527996549000079, 6.834113708000075 ] ] ], [ [ [ 99.698261996000042, 6.838478014000032 ], [ 99.698082062000083, 6.838150726000151 ], [ 99.698102409000114, 6.838529624000046 ], [ 99.698261996000042, 6.838478014000032 ] ] ], [ [ [ 99.700443026000016, 6.839205685000138 ], [ 99.699010056000134, 6.838501676000078 ], [ 99.699559058000091, 6.839991498000018 ], [ 99.700443026000016, 6.839205685000138 ] ] ], [ [ [ 99.539138896000168, 6.844965832000014 ], [ 99.539122981000162, 6.843898476 ], [ 99.538598149000109, 6.844973217000017 ], [ 99.539138896000168, 6.844965832000014 ] ] ], [ [ [ 99.69977644100004, 6.845642054000052 ], [ 99.701051431, 6.8444522530001 ], [ 99.700786084000185, 6.843784642000173 ], [ 99.69977644100004, 6.845642054000052 ] ] ], [ [ [ 99.701572495000164, 6.850937172000101 ], [ 99.701760383000078, 6.847424468000099 ], [ 99.700918393000052, 6.847205259000134 ], [ 99.700451110000188, 6.848801186000117 ], [ 99.701572495000164, 6.850937172000101 ] ] ], [ [ [ 99.696549330000096, 6.852727611000034 ], [ 99.698482440000191, 6.831774649000067 ], [ 99.691108645000156, 6.814231210000059 ], [ 99.683520413000053, 6.84062243 ], [ 99.696549330000096, 6.852727611000034 ] ] ], [ [ [ 99.596797292000076, 6.85595774300009 ], [ 99.589875013000096, 6.8585149110001 ], [ 99.590257775000168, 6.859744599000067 ], [ 99.596797292000076, 6.85595774300009 ] ] ], [ [ [ 99.569789958000115, 6.89665976800012 ], [ 99.568455238000183, 6.895079511000176 ], [ 99.56829633000018, 6.896535463000021 ], [ 99.569789958000115, 6.89665976800012 ] ] ], [ [ [ 99.680056013000126, 6.899057428000049 ], [ 99.680336349000072, 6.899129964000053 ], [ 99.680311694000068, 6.899005819000138 ], [ 99.680056013000126, 6.899057428000049 ] ] ], [ [ [ 99.548292918000129, 6.908132238000064 ], [ 99.547265154000172, 6.908791481000151 ], [ 99.547583238000186, 6.909378518000153 ], [ 99.548292918000129, 6.908132238000064 ] ] ], [ [ [ 99.546319472999983, 6.910930746000133 ], [ 99.547410946000184, 6.911087217000045 ], [ 99.547348707000083, 6.910099617000014 ], [ 99.546319472999983, 6.910930746000133 ] ] ], [ [ [ 99.545745127000089, 6.914289040000028 ], [ 99.544338024000126, 6.913201760000106 ], [ 99.545362649000083, 6.91474572900006 ], [ 99.545745127000089, 6.914289040000028 ] ] ], [ [ [ 99.575445174000151, 6.978025438000088 ], [ 99.582220079000194, 6.978864671 ], [ 99.58416557400011, 6.97662162600011 ], [ 99.575445174000151, 6.978025438000088 ] ] ], [ [ [ 99.705129063000072, 7.080184613000085 ], [ 99.704752998000117, 7.079754744000127 ], [ 99.704747033999979, 7.080126507000102 ], [ 99.705129063000072, 7.080184613000085 ] ] ], [ [ [ 99.695821164000051, 7.08747654299998 ], [ 99.702209530000175, 7.091477994000059 ], [ 99.700495194000098, 7.08582297900017 ], [ 99.695821164000051, 7.08747654299998 ] ] ] ] } },
{ "type": "Feature", "properties": { "adm1_name": "Trang", "adm1_name1": "ตรัง", "adm1_pcode": "TH92" }, "geometry": { "type": "MultiPolygon", "coordinates": [ [ [ [ 99.631214199000169, 8.00960687200012 ], [ 99.713205900000162, 7.990142150000054 ], [ 99.754177199000083, 8.005756905000169 ], [ 99.753603611000017, 7.971399519000158 ], [ 99.726498644000117, 7.940536091000183 ], [ 99.740446210000016, 7.926631396000175 ], [ 99.732773089000091, 7.849018002000093 ], [ 99.783840966000184, 7.759031267000069 ], [ 99.791724036000119, 7.700302559000079 ], [ 99.818214553000189, 7.680415420000145 ], [ 99.814088572000173, 7.649268051000035 ], [ 99.787708644000077, 7.644569083000079 ], [ 99.809575276000089, 7.62213580100007 ], [ 99.796998392000091, 7.589778483000146 ], [ 99.836340916000097, 7.54949398500014 ], [ 99.820482215000084, 7.512331471000152 ], [ 99.852352557000017, 7.484478893000073 ], [ 99.848769962000176, 7.465293963000079 ], [ 99.894185087000039, 7.397857381000051 ], [ 99.903764875000093, 7.336167108000041 ], [ 99.912967809000179, 7.319315174000167 ], [ 99.939473062000047, 7.316510024000081 ], [ 99.947134378000158, 7.265749164000113 ], [ 99.93210597500007, 7.244644226000048 ], [ 99.94910680400011, 7.217116990000079 ], [ 99.936162616000047, 7.190988553000125 ], [ 99.859861421000119, 7.172638875000075 ], [ 99.814741425000079, 7.131790654999975 ], [ 99.789372977000198, 7.139567690000149 ], [ 99.76333374800015, 7.123866523000174 ], [ 99.734593708000034, 7.136095855000065 ], [ 99.698623068000074, 7.130889885000045 ], [ 99.668346948000078, 7.113777881000146 ], [ 99.659749908000151, 7.164544943000067 ], [ 99.637715526000079, 7.164743923 ], [ 99.606680622000169, 7.13654480100007 ], [ 99.599064373000147, 7.15641465300007 ], [ 99.585338923000108, 7.147132608000106 ], [ 99.577209356000083, 7.157708721000063 ], [ 99.522350447000122, 7.249726210000063 ], [ 99.536113058000069, 7.295718648000161 ], [ 99.486556435000011, 7.308381416000032 ], [ 99.469643046000101, 7.28411253600018 ], [ 99.419792644000154, 7.298240831000044 ], [ 99.411431897, 7.315613877000089 ], [ 99.403577569000106, 7.317237511000144 ], [ 99.394847166000147, 7.307472591000078 ], [ 99.338021960000049, 7.379297463000057 ], [ 99.346821821000106, 7.443085604000089 ], [ 99.326778445000116, 7.495144248000145 ], [ 99.308702471, 7.513162737000187 ], [ 99.296094313000083, 7.497217660000103 ], [ 99.284998320000113, 7.515647892 ], [ 99.313786917000073, 7.537338363000117 ], [ 99.281485313000132, 7.621540474000085 ], [ 99.261422506000201, 7.616594275000011 ], [ 99.232627021000042, 7.632255300000054 ], [ 99.253791869000111, 7.630364106000059 ], [ 99.271562182000196, 7.67516613500004 ], [ 99.308396393000123, 7.701102412000068 ], [ 99.312495409000121, 7.734432743000127 ], [ 99.288025424000068, 7.771560216000125 ], [ 99.303309090000084, 7.807868631000019 ], [ 99.287147294000079, 7.810054884000181 ], [ 99.294201941000154, 7.825097650000146 ], [ 99.278167146000101, 7.846365077000087 ], [ 99.331146231000048, 7.881162587000119 ], [ 99.33377463700009, 7.928792100000067 ], [ 99.365224602000183, 7.944966600000043 ], [ 99.397962046000089, 7.924573198000019 ], [ 99.424524034000115, 7.928301782000176 ], [ 99.414269828999977, 7.897859433000121 ], [ 99.427127660999986, 7.875419517000068 ], [ 99.471578146000184, 7.904500524000127 ], [ 99.479364062000116, 7.882076944000175 ], [ 99.523804403000156, 7.874664469000152 ], [ 99.561696639000104, 7.936501683000131 ], [ 99.596301476000065, 7.957405817000108 ], [ 99.602394450000077, 7.98547027900014 ], [ 99.631214199000169, 8.00960687200012 ] ] ], [ [ [ 99.477426531000106, 6.973123551000185 ], [ 99.474000932000081, 6.977228166000032 ], [ 99.476205823000157, 6.978254319000143 ], [ 99.477426531000106, 6.973123551000185 ] ] ], [ [ [ 99.445298412000056, 7.015515264000157 ], [ 99.444606159000045, 7.015284088000044 ], [ 99.445044671000119, 7.015859783000167 ], [ 99.445298412000056, 7.015515264000157 ] ] ], [ [ [ 99.448791675000166, 7.032803433000026 ], [ 99.4483123710001, 7.032211959999984 ], [ 99.448211612000193, 7.032766122 ], [ 99.448791675000166, 7.032803433000026 ] ] ], [ [ [ 99.475433368000097, 7.038066110000159 ], [ 99.472174383000038, 7.030779685000084 ], [ 99.470306505000053, 7.050541944000145 ], [ 99.475433368000097, 7.038066110000159 ] ] ], [ [ [ 99.398592688000065, 7.066649655000049 ], [ 99.397740780000106, 7.066426479000029 ], [ 99.398242980000077, 7.067348710000033 ], [ 99.398592688000065, 7.066649655000049 ] ] ], [ [ [ 99.451899547000096, 7.074835482000083 ], [ 99.451080022000042, 7.074226223000039 ], [ 99.45104715400015, 7.074759394000182 ], [ 99.451899547000096, 7.074835482000083 ] ] ], [ [ [ 99.39456367300005, 7.076493771000059 ], [ 99.392556923000086, 7.074596973000155 ], [ 99.392594976000112, 7.076091756000096 ], [ 99.39456367300005, 7.076493771000059 ] ] ], [ [ [ 99.430825686000162, 7.110262200000136 ], [ 99.426196055, 7.109107274000166 ], [ 99.426986911000085, 7.113290314000039 ], [ 99.430825686000162, 7.110262200000136 ] ] ], [ [ [ 99.579062272000101, 7.119580927000129 ], [ 99.580127885000081, 7.118959688000189 ], [ 99.579651535000096, 7.118593098000019 ], [ 99.579062272000101, 7.119580927000129 ] ] ], [ [ [ 99.426627687, 7.119237198000064 ], [ 99.423791525000183, 7.116305304000093 ], [ 99.422508886, 7.124813779000021 ], [ 99.426627687, 7.119237198000064 ] ] ], [ [ [ 99.55503993300016, 7.126789892000033 ], [ 99.597232607000137, 7.103591862000144 ], [ 99.615823194000086, 7.080972473000088 ], [ 99.565602215000126, 7.093317870000078 ], [ 99.55503993300016, 7.126789892000033 ] ] ], [ [ [ 99.701182905000053, 7.12599538 ], [ 99.697329884000055, 7.125636206000138 ], [ 99.702310711000109, 7.130640370000094 ], [ 99.701182905000053, 7.12599538 ] ] ], [ [ [ 99.580164859000149, 7.133524037000086 ], [ 99.584014662000072, 7.132547006000152 ], [ 99.578916875000061, 7.132295154000076 ], [ 99.580164859000149, 7.133524037000086 ] ] ], [ [ [ 99.639355904000126, 7.143362555000181 ], [ 99.638484834000167, 7.143353617000173 ], [ 99.639299597000161, 7.144131564000133 ], [ 99.639355904000126, 7.143362555000181 ] ] ], [ [ [ 99.631446068000059, 7.144345304000069 ], [ 99.631206439000039, 7.144315732000109 ], [ 99.631686447000163, 7.144949231 ], [ 99.631446068000059, 7.144345304000069 ] ] ], [ [ [ 99.652606561000198, 7.150648086 ], [ 99.649632986000086, 7.150458923000087 ], [ 99.65122259400016, 7.155047239000112 ], [ 99.652606561000198, 7.150648086 ] ] ], [ [ [ 99.065771511000037, 7.212953971000161 ], [ 99.053931397000042, 7.198193482000022 ], [ 99.058270448000144, 7.216721412000027 ], [ 99.065771511000037, 7.212953971000161 ] ] ], [ [ [ 99.359859218000111, 7.223481136000146 ], [ 99.358262605000107, 7.222888107000188 ], [ 99.358559118000016, 7.224404891000063 ], [ 99.359859218000111, 7.223481136000146 ] ] ], [ [ [ 99.071525582000106, 7.228343784000117 ], [ 99.08110657300017, 7.220010253000112 ], [ 99.061014352000143, 7.218089283000154 ], [ 99.071525582000106, 7.228343784000117 ] ] ], [ [ [ 99.475876441000082, 7.271203655000136 ], [ 99.474135854000053, 7.271408978000125 ], [ 99.475353798000128, 7.272771582000075 ], [ 99.475876441000082, 7.271203655000136 ] ] ], [ [ [ 99.384992784000133, 7.28143794600004 ], [ 99.450723116000177, 7.255470379000087 ], [ 99.409581439000021, 7.240571021000051 ], [ 99.380935342000157, 7.207295604000137 ], [ 99.365086873000052, 7.223197931000072 ], [ 99.368352006000123, 7.266589639000074 ], [ 99.384992784000133, 7.28143794600004 ] ] ], [ [ [ 99.393969852000168, 7.302904628000022 ], [ 99.395938467000065, 7.302772589000028 ], [ 99.396219646000191, 7.302165105000029 ], [ 99.393969852000168, 7.302904628000022 ] ] ], [ [ [ 99.410189547000073, 7.314779606000059 ], [ 99.40675338200009, 7.312884222999969 ], [ 99.406456714000058, 7.31405997600001 ], [ 99.410189547000073, 7.314779606000059 ] ] ], [ [ [ 99.248055016000137, 7.333002504000035 ], [ 99.259575166000161, 7.308603541000025 ], [ 99.254758559000152, 7.29810713500018 ], [ 99.251399019000189, 7.302581918000158 ], [ 99.248055016000137, 7.333002504000035 ] ] ], [ [ [ 99.24823926900001, 7.38200297200018 ], [ 99.246602945000177, 7.377604812000072 ], [ 99.245290627000145, 7.380418201000055 ], [ 99.24823926900001, 7.38200297200018 ] ] ], [ [ [ 99.291829538000059, 7.390263255000036 ], [ 99.314713791000202, 7.374340115000052 ], [ 99.301235023000174, 7.353030385000068 ], [ 99.283350346000191, 7.366462876000128 ], [ 99.291829538000059, 7.390263255000036 ] ] ], [ [ [ 99.23211315500015, 7.405034657999977 ], [ 99.23412311800007, 7.403597243000149 ], [ 99.233747726000104, 7.402778666000188 ], [ 99.23211315500015, 7.405034657999977 ] ] ], [ [ [ 99.230292205000126, 7.406983412000102 ], [ 99.231975172000034, 7.40501523100005 ], [ 99.229922405000082, 7.40496721500017 ], [ 99.230292205000126, 7.406983412000102 ] ] ], [ [ [ 99.222671650000109, 7.417144948000157 ], [ 99.224494739000022, 7.41609848100012 ], [ 99.224260906000154, 7.415815341000155 ], [ 99.222671650000109, 7.417144948000157 ] ] ], [ [ [ 99.199633913000071, 7.435116374000131 ], [ 99.2171593340002, 7.401096101000178 ], [ 99.196436863000031, 7.398401988000103 ], [ 99.199633913000071, 7.435116374000131 ] ] ], [ [ [ 99.302904830000045, 7.497794585000122 ], [ 99.301689040000156, 7.490890620000073 ], [ 99.297698574000037, 7.494208111000034 ], [ 99.302904830000045, 7.497794585000122 ] ] ], [ [ [ 99.285362137000106, 7.548421793000045 ], [ 99.28345372800004, 7.548561495000058 ], [ 99.28522906600017, 7.54938464900016 ], [ 99.285362137000106, 7.548421793000045 ] ] ], [ [ [ 99.281615613000099, 7.548413617999984 ], [ 99.278409447000172, 7.546673248000047 ], [ 99.278491631000065, 7.549412966000091 ], [ 99.281615613000099, 7.548413617999984 ] ] ], [ [ [ 99.286986769000066, 7.558132765000096 ], [ 99.290046426000174, 7.55743744800003 ], [ 99.288124005000157, 7.555762575000074 ], [ 99.286986769000066, 7.558132765000096 ] ] ] ] } },
{ "type": "Feature", "properties": { "adm1_name": "Phatthalung", "adm1_name1": "พัทลุง", "adm1_pcode": "TH93" }, "geometry": { "type": "Polygon", "coordinates": [ [ [ 99.964157602000171, 7.901989716 ], [ 99.965919878000136, 7.876757827000176 ], [ 99.987787518000118, 7.860118623000119 ], [ 100.055789235000077, 7.838037857000131 ], [ 100.104242764000162, 7.878020364000065 ], [ 100.177495184000179, 7.876479127000039 ], [ 100.216816182000173, 7.728265876000137 ], [ 100.237176962000149, 7.538591283000073 ], [ 100.260637539000186, 7.496598071000108 ], [ 100.296013573000096, 7.495415506000029 ], [ 100.355681934000188, 7.527819914000133 ], [ 100.386468037000043, 7.511846887000047 ], [ 100.382583498000031, 7.424991975000069 ], [ 100.428699454000082, 7.30894002500014 ], [ 100.408636881, 7.265361569000106 ], [ 100.384802844000035, 7.276351721000083 ], [ 100.376012521, 7.312505283000064 ], [ 100.30572496100018, 7.209271935000118 ], [ 100.175210257000174, 7.17535978899997 ], [ 100.156197642000109, 7.148693971000057 ], [ 100.111139425000147, 7.165787865000084 ], [ 100.062499481000145, 7.137331062000044 ], [ 100.067568720999986, 7.111354059000178 ], [ 100.038254656000106, 7.108695436000176 ], [ 100.028228327000136, 7.090332414000159 ], [ 99.961421020000046, 7.169807639000112 ], [ 99.93210597500007, 7.244644226000048 ], [ 99.947134378000158, 7.265749164000113 ], [ 99.939473062000047, 7.316510024000081 ], [ 99.912397698000177, 7.319686561000083 ], [ 99.894185087000039, 7.397857381000051 ], [ 99.848769962000176, 7.465293963000079 ], [ 99.852352557000017, 7.484478893000073 ], [ 99.820577402000026, 7.512054809000176 ], [ 99.836496086000182, 7.549065597000038 ], [ 99.798820572000011, 7.584421678000183 ], [ 99.809575276000089, 7.62213580100007 ], [ 99.787708644000077, 7.644569083000079 ], [ 99.814088572000173, 7.649268051000035 ], [ 99.818348355000069, 7.679987102000041 ], [ 99.791724036000119, 7.700302559000079 ], [ 99.783840966000184, 7.759031267000069 ], [ 99.732728801000178, 7.849235237000016 ], [ 99.808377988000188, 7.892876596000065 ], [ 99.883145254000112, 7.89348863400005 ], [ 99.923150730000089, 7.864939475000028 ], [ 99.964157602000171, 7.901989716 ] ] ] } },
{ "type": "Feature", "properties": { "adm1_name": "Pattani", "adm1_name1": "ปัตตานี", "adm1_pcode": "TH94" }, "geometry": { "type": "Polygon", "coordinates": [ [ [ 101.2826534040002, 6.952051239000127 ], [ 101.309980577000033, 6.940190852000114 ], [ 101.36203168600008, 6.902055179000058 ], [ 101.557188822000171, 6.845762256000057 ], [ 101.72484185400009, 6.576857325000049 ], [ 101.668928661000109, 6.573950068000102 ], [ 101.631115340000179, 6.63535371800009 ], [ 101.576971928000148, 6.619399969000028 ], [ 101.57439680900012, 6.598342992000084 ], [ 101.596944362000102, 6.579017697000097 ], [ 101.564902213000039, 6.549936700999979 ], [ 101.535261891000061, 6.556541729000116 ], [ 101.494690117000061, 6.606001115000026 ], [ 101.458301058000075, 6.597673089000182 ], [ 101.452357738000046, 6.577030803000184 ], [ 101.421920797000098, 6.593453938000039 ], [ 101.36059517800004, 6.554114528000071 ], [ 101.326791158000162, 6.57207693100014 ], [ 101.306632599000125, 6.564696718999983 ], [ 101.28958745000017, 6.683138142000189 ], [ 101.274715086000072, 6.649271299000134 ], [ 101.248640033000129, 6.643983690000084 ], [ 101.213835058000086, 6.595848306999983 ], [ 101.133741766000185, 6.609010555000168 ], [ 101.068918562000192, 6.644176299000094 ], [ 101.048870717000113, 6.663359934000084 ], [ 101.063690606000193, 6.684784464000131 ], [ 101.057394952000095, 6.712540378000028 ], [ 101.039290529000084, 6.706364504000078 ], [ 101.017390528000192, 6.725795821000133 ], [ 101.031845898000199, 6.742392943000084 ], [ 101.028569793000145, 6.779529857000114 ], [ 101.054372593000039, 6.801492333000056 ], [ 101.043721669000035, 6.847779520000131 ], [ 101.192295085000126, 6.866020762000062 ], [ 101.252135754000051, 6.904551238000067 ], [ 101.286876181000082, 6.878609884000014 ], [ 101.309136080000087, 6.886434569000073 ], [ 101.335870419000059, 6.870518583000148 ], [ 101.343069017000062, 6.910380104000069 ], [ 101.324375709000037, 6.927937969000027 ], [ 101.301515408000114, 6.927447560000189 ], [ 101.283081889000186, 6.94876179 ], [ 101.236641649000148, 6.926617773000032 ], [ 101.2826534040002, 6.952051239000127 ] ] ] } },
{ "type": "Feature", "properties": { "adm1_name": "Yala", "adm1_name1": "ยะลา", "adm1_pcode": "TH95" }, "geometry": { "type": "Polygon", "coordinates": [ [ [ 101.292724240000155, 6.681117986000174 ], [ 101.306632599000125, 6.564696718999983 ], [ 101.326791158000162, 6.57207693100014 ], [ 101.36059517800004, 6.554114528000071 ], [ 101.421920797000098, 6.593453938000039 ], [ 101.452357738000046, 6.577030803000184 ], [ 101.458301058000075, 6.597673089000182 ], [ 101.494690117000061, 6.606001115000026 ], [ 101.535261891000061, 6.556541729000116 ], [ 101.564902213000039, 6.549936700999979 ], [ 101.592431531000045, 6.56560236200005 ], [ 101.608976158000189, 6.543711859000098 ], [ 101.590762588000075, 6.512082323000186 ], [ 101.507616129000041, 6.451294603000122 ], [ 101.463010690000033, 6.465804682000169 ], [ 101.469170084000041, 6.426180402000057 ], [ 101.42433169200018, 6.421959847000039 ], [ 101.417008555000052, 6.372688499000049 ], [ 101.387651499000071, 6.336577748000138 ], [ 101.403329870000107, 6.239210014000037 ], [ 101.37113406800006, 6.208459349000066 ], [ 101.386749158999976, 6.167372461000127 ], [ 101.435295499000063, 6.129049474000112 ], [ 101.446542672000078, 6.082091424000055 ], [ 101.475646931000085, 6.065347087000077 ], [ 101.47281721600018, 5.988685057000055 ], [ 101.496686938000039, 5.950433907000104 ], [ 101.489897870000163, 5.900372523000101 ], [ 101.502080858000113, 5.889350918000048 ], [ 101.484863179000058, 5.87029886300013 ], [ 101.391094248000059, 5.875683988000105 ], [ 101.345521039000062, 5.809079069000063 ], [ 101.276505500000098, 5.812388944000077 ], [ 101.250191615000062, 5.762115022999978 ], [ 101.260853707000081, 5.717709012000114 ], [ 101.250685789000102, 5.699186112000177 ], [ 101.21814358000006, 5.687952729000017 ], [ 101.214493072000153, 5.661599801000079 ], [ 101.172033483000064, 5.647907031000102 ], [ 101.134521900000038, 5.613087686000085 ], [ 101.123129242000118, 5.66175684500007 ], [ 101.083083657000088, 5.720357988000103 ], [ 101.06239186300013, 5.726615972000104 ], [ 101.060259863999988, 5.744143080000072 ], [ 101.034030107000035, 5.738109909000116 ], [ 100.983337055000163, 5.808331423000027 ], [ 101.011839064000071, 5.837828542000182 ], [ 101.027354869000135, 5.914509426000166 ], [ 101.084896566000111, 5.909423497999967 ], [ 101.09499816500005, 5.950478395000061 ], [ 101.123882271000184, 5.977130114000147 ], [ 101.106870957000069, 5.990789510000184 ], [ 101.113821130000019, 6.03903193900004 ], [ 101.100194386000169, 6.051007328000139 ], [ 101.126595168000051, 6.10558615900004 ], [ 101.058438987000102, 6.142348172000027 ], [ 101.085651851000137, 6.178939090000142 ], [ 101.126427978000038, 6.192809730000079 ], [ 101.111954867000065, 6.251283004000072 ], [ 101.063664067000047, 6.259464933 ], [ 101.014780705000192, 6.247134375000144 ], [ 100.967379270000094, 6.283053681000069 ], [ 100.943791438000119, 6.243250397000111 ], [ 100.917473399000073, 6.247881715000119 ], [ 100.902113904000146, 6.233583076 ], [ 100.87169671200013, 6.264582445000144 ], [ 100.854962628000067, 6.231592343000045 ], [ 100.834844290000092, 6.295596386 ], [ 100.888794609000058, 6.295679875000076 ], [ 100.929856924000035, 6.320989446000169 ], [ 100.922171677000165, 6.426564307000149 ], [ 100.960359549000032, 6.450806565999983 ], [ 100.976929377000033, 6.48633123999997 ], [ 101.04437107800004, 6.486856708000118 ], [ 101.043141883000033, 6.541633609000087 ], [ 101.080737539000154, 6.55477111600004 ], [ 101.103619831000174, 6.627967249000108 ], [ 101.213835058000086, 6.595848306999983 ], [ 101.292724240000155, 6.681117986000174 ] ] ] } },
{ "type": "Feature", "properties": { "adm1_name": "Narathiwat", "adm1_name1": "นราธิวาส", "adm1_pcode": "TH96" }, "geometry": { "type": "Polygon", "coordinates": [ [ [ 101.632285852000052, 6.626223728000184 ], [ 101.668928661000109, 6.573950068000102 ], [ 101.72484185400009, 6.576857325000049 ], [ 101.816291904000138, 6.452915207000103 ], [ 101.87446860200015, 6.424653878000072 ], [ 101.942423776000055, 6.347038466000015 ], [ 102.09189171700001, 6.237529321000125 ], [ 102.077580522000119, 6.198155080000049 ], [ 102.089198505000127, 6.138333730000056 ], [ 102.054113654000048, 6.08018172900006 ], [ 101.97781621300004, 6.030822450000187 ], [ 101.972528436000118, 6.005583066000156 ], [ 101.947915875000035, 5.990339233000157 ], [ 101.921279157000185, 5.91810343200018 ], [ 101.943138886000099, 5.871902976000058 ], [ 101.917137866000132, 5.842941241000119 ], [ 101.884250865000126, 5.837823510000078 ], [ 101.866784303000202, 5.791550133000101 ], [ 101.836361541000088, 5.78943810800007 ], [ 101.818594826000094, 5.756504856000049 ], [ 101.823860419000141, 5.732359817999964 ], [ 101.754147447000037, 5.797153362000188 ], [ 101.738453248000098, 5.782256925000127 ], [ 101.71762004600015, 5.788055099000076 ], [ 101.714694161000068, 5.763953623000077 ], [ 101.690307925000127, 5.755895137000152 ], [ 101.687346275000039, 5.781381777000036 ], [ 101.657621679000158, 5.812557707999986 ], [ 101.658449550000171, 5.87493749000015 ], [ 101.622790479000173, 5.877138808000041 ], [ 101.615106179000122, 5.91091671099997 ], [ 101.581763231000195, 5.934405538000021 ], [ 101.50222226700015, 5.889682420000156 ], [ 101.49041232400009, 5.899479970000073 ], [ 101.49716388100012, 5.948733735000076 ], [ 101.47281721600018, 5.988685057000055 ], [ 101.475646931000085, 6.065347087000077 ], [ 101.446542672000078, 6.082091424000055 ], [ 101.435295499000063, 6.129049474000112 ], [ 101.386749158999976, 6.167372461000127 ], [ 101.37113406800006, 6.208459349000066 ], [ 101.403329870000107, 6.239210014000037 ], [ 101.387651499000071, 6.336577748000138 ], [ 101.417008555000052, 6.372688499000049 ], [ 101.42366985700005, 6.42112071300005 ], [ 101.467845635000117, 6.424370714000077 ], [ 101.463010690000033, 6.465804682000169 ], [ 101.507616129000041, 6.451294603000122 ], [ 101.590762588000075, 6.512082323000186 ], [ 101.608976158000189, 6.543711859000098 ], [ 101.57638809600013, 6.618354698000132 ], [ 101.632285852000052, 6.626223728000184 ] ] ] } }
]
}
